algorithm,iteration,samples_processed,time_ms,time_per_sample_ms,train_epsilon_loss,train_time_ms,train_mse,train_r2,test_time_ms,test_mse,test_r2
PAR,1,16095,1.1191000085091218,6.953091074924647e-05,0.25363076018545855,1.1191000085091218,5783227.88993383,0.7634643255145379,0.6616000027861446,5886458.214267118,0.7623595734065616
PAR,2,32190,1.8270000000484288,5.675675675826122e-05,0.16489361454236176,1.8270000000484288,3295277.4676339,0.8652222092474989,0.47339999582618475,3334010.376155761,0.8654036741250786
PAR,3,48285,2.532200000132434,5.244278761794417e-05,0.1726915756358504,2.532200000132434,4715256.503962958,0.8071446606006734,0.480500006233342,4778719.084488624,0.8070797752278838
PAR,4,64380,3.698400003486313,5.744641198332266e-05,0.1650690741243123,3.698400003486313,4483114.818243814,0.8166393219304379,1.2453999952413142,4683762.546227163,0.8109132369528982
PAR,5,80475,4.59959999716375,5.7155638361773846e-05,0.5999703507245095,4.59959999716375,27628972.592173547,-0.1300328798740955,0.6655000033788383,28107240.553916704,-0.1347089187532382
PAR,6,96570,5.286800005706027,5.47457803221086e-05,0.1456276229907487,5.286800005706027,3648566.3355535846,0.8507725935221633,0.45680000039283186,3706368.08743064,0.8503713334319516
PAR,7,112665,5.942300005699508,5.27430879660898e-05,0.14824173431618334,5.942300005699508,4451265.503945678,0.8179419679929459,0.44160000106785446,4482747.575448881,0.8190283516226395
PAR,8,128760,6.609200005186722,5.132960550781859e-05,0.14830193878568032,6.609200005186722,3822419.624553749,0.8436619442865094,0.41709998913574964,4015664.0538439797,0.837884839393151
PAR,9,144855,7.306800005608238,5.0442166342951494e-05,0.18548849111175716,7.306800005608238,4742276.104501806,0.806039551212038,0.421799995820038,4810605.885232233,0.8057924828263094
PAR,10,160950,8.289999997941777,5.1506679080098026e-05,0.22214556050806944,8.289999997941777,5528608.712505764,0.7738783226829203,0.4315999976824969,5720578.038760058,0.7690562718686945
PAR,11,177045,9.509900002740324,5.371459235076011e-05,0.2449810377099946,9.509900002740324,5578404.939817712,0.7718416427460006,0.4104999970877543,5705106.245057547,0.769680878979082
PAR,12,193140,10.640699998475611,5.509319663702812e-05,0.15409222908224288,10.640699998475611,4217030.384284937,0.8275222513695656,0.4712999943876639,4335966.912466184,0.8249539894335619
PAR,13,209235,12.25880000856705,5.858866828478529e-05,0.14509946329434212,12.25880000856705,3842591.1556132575,0.842836922897871,0.4276999970898032,4022565.1333179134,0.8376062379981447
PAR,14,225330,13.330600006156601,5.9160342635941066e-05,0.24594149793367465,13.330600006156601,9440055.572771365,0.6138990275703509,0.42050000047311187,9574080.83132111,0.613487674561115
PAR,15,241425,14.05440000235103,5.821435229305594e-05,0.15497275982213451,14.05440000235103,3781202.908138351,0.8453477197743406,0.41340000461786985,3933302.8660446084,0.8412098180290218
PAR,16,257520,14.814100009971298,5.752601743542753e-05,0.24298251574500704,14.814100009971298,7569677.964232829,0.6903980066177129,0.8965999877545983,7905019.934925594,0.6808688278781507
PAR,17,273615,15.51610000024084,5.67077828344237e-05,0.1635701401792495,15.51610000024084,3988214.6841234504,0.8368808789389142,0.9830000053625554,4049760.541728958,0.8365083403794171
PAR,18,289710,16.1837000050582,5.58617238102178e-05,0.16242703991734747,16.1837000050582,5637771.35937751,0.7694135392094262,0.4807999939657748,5648166.184002327,0.7719795889854867
PAR,19,305805,16.86080000945367,5.513578917759248e-05,0.21642736998678813,16.86080000945367,6592934.8401376745,0.7303470797052561,0.4358000005595386,6795967.264739353,0.7256420582425259
PAR,20,321900,17.58970000082627,5.464336750800332e-05,0.267976012126352,17.58970000082627,7341020.559557042,0.6997501598564299,0.418099996750243,7574274.6293979855,0.6942212467076698
PAR,21,337995,18.390099998214282,5.4409384748929074e-05,0.21703494688810165,18.390099998214282,8079033.91419429,0.6695652026075123,0.5903999990550801,8133780.677232699,0.6716335970464884
PAR,22,354090,19.303900000522844,5.451693072530386e-05,0.17985921710911937,19.303900000522844,4388704.16936443,0.8205007444675239,0.5072000058135018,4420267.441795344,0.8215507182265601
PAR,23,370185,19.97930000652559,5.397112256446261e-05,0.13670927734794835,19.97930000652559,3388153.180977128,0.8614235660127759,0.4343999898992479,3476804.184851594,0.8596389884043621
PAR,24,386280,20.638800007873215,5.342963655346695e-05,0.17126646690205768,20.638800007873215,3999581.1769275856,0.8364159861328326,0.42490000487305224,4065814.2335155397,0.8358602416372369
PAR,25,402375,21.31609999923967,5.297570673933437e-05,0.15924250543883794,21.31609999923967,4278253.267664323,0.8250182179318908,0.4115000047022477,4465180.338607371,0.8197375532350737
PAR,26,418470,21.997100004227832,5.256553636874288e-05,0.21017113831471212,21.997100004227832,6789728.62607329,0.7222981575848171,0.5297000025166199,6986472.589552729,0.7179512253156487
PAR,27,434565,22.814600000856444,5.24998561799879e-05,0.23284139409541713,22.814600000856444,5674131.770778648,0.7679263879854001,0.8961999992607161,5891390.551840577,0.7621604514961708
PAR,28,450660,23.485300000174902,5.2113122975580044e-05,0.17316283281738995,23.485300000174902,4839788.634700676,0.8020512608419628,0.6308000010903925,5040988.489761521,0.7964917762847504
PAR,29,466755,24.14580000913702,5.173120804091444e-05,0.15834852225751736,24.14580000913702,3743382.56309386,0.8468945827018663,0.43060000461991876,3869156.6909986497,0.8437994438867766
PAR,30,482850,27.57710000150837,5.7113182150788797e-05,0.23824604401234445,27.57710000150837,7581739.786268664,0.6899046746472167,0.4293999954825267,7828242.319767888,0.6839683937893947
PAR,31,498945,29.119099999661557,5.836134243185433e-05,0.15235194264197932,29.119099999661557,4092153.159123297,0.8326297655888988,0.411000000895001,4066708.9193895482,0.8358241225440526
PAR,32,515040,30.180800007656217,5.859894378622285e-05,0.2272630519384933,30.180800007656217,5320300.043089109,0.7823982068305605,0.4186000005574897,5559680.92386075,0.7755518006961399
PAR,33,531135,31.36829999857582,5.905899629769422e-05,0.26159640674632756,31.36829999857582,10133557.770381035,0.5855345893723896,0.40809999336488545,10342682.729550296,0.5824586794799953
PAR,34,547230,32.48619999794755,5.9364800902632445e-05,0.19924013026348927,32.48619999794755,5245536.674848058,0.7854560499711503,0.4202999989502132,5252926.101421212,0.7879357069791139
PAR,35,563325,33.401200009393506,5.929294813720944e-05,0.2282305588248313,33.401200009393506,4415097.589556695,0.8194212460341279,0.39760000072419643,4349441.6142699225,0.8244100063170083
PAR,36,579420,34.141900003305636,5.892426910238797e-05,0.16446035353573502,34.141900003305636,3553811.021940872,0.8546481129454037,0.4118999931961298,3618516.165859719,0.8539179768224656
PAR,37,595515,34.92250000999775,5.864251951671704e-05,0.19645542016897657,34.92250000999775,6162711.905996588,0.7479433207393165,0.44219999108463526,6348036.377186846,0.7437253408086637
PAR,38,611610,35.600700008217245,5.820817188766901e-05,0.14047003643190942,35.600700008217245,4317469.134614595,0.8234142777593514,0.41140000394079834,4366579.482509247,0.8237181386147243
PAR,39,627705,36.26510000322014,5.777411364131263e-05,0.14902082170317338,36.26510000322014,3405010.1228468954,0.8607341122698466,2.028600007179193,3473641.3424032186,0.859766674561525
PAR,40,643800,36.96700000728015,5.742000622441775e-05,0.34427110175514913,36.96700000728015,12403754.6816624,0.4926828865094589,0.6726999999955297,12586612.009018084,0.49186968830601774
PAR,41,659895,37.65460000431631,5.706150221522562e-05,0.24367728457623308,37.65460000431631,6026218.004824546,0.7535259603294107,0.4250000056345016,6229736.085469481,0.7485012061535845
PAR,42,675990,38.32420000981074,5.669344222519673e-05,0.30077168382804975,38.32420000981074,8194355.14493525,0.6648485312926424,0.4398000019136816,8364254.702707498,0.6623291997775513
PAR,43,692085,38.97850000066683,5.63203941721997e-05,0.18336986139422634,38.97850000066683,5236301.900526818,0.7858337548816896,0.41199999395757914,5189385.18613676,0.7905008980778525
PAR,44,708180,39.63909999583848,5.597319889835703e-05,0.16352191111500447,39.63909999583848,5273323.376600587,0.784319565923513,0.4298000130802393,5307627.8377009155,0.7857273597061469
PAR,45,724275,40.428499996778555,5.581926753895765e-05,0.13991246795365828,40.428499996778555,3430182.8110979563,0.8597045421219296,0.40830000943969935,3465413.394228516,0.860098842572076
PAR,46,740370,41.12840000016149,5.555114334746342e-05,0.16843357231026387,41.12840000016149,4608225.79926164,0.8115222470297412,0.42100000428035855,4771096.702917622,0.8073874960919851
PAR,47,756465,44.16200000559911,5.837943593636072e-05,0.20329605114400925,44.16200000559911,5339165.0057128435,0.7816266244645751,0.4358000005595386,5472907.519407113,0.7790549035978726
PAR,48,772560,45.74739999952726,5.9215336025068943e-05,0.2371333498373824,45.74739999952726,10155358.609446809,0.5846429288203738,0.40750000334810466,10280371.653891867,0.5849742210946587
PAR,49,788655,47.21830000926275,5.987193387382664e-05,0.16469650817452683,47.21830000926275,4876054.867113947,0.800567961565472,0.3995000006398186,4788894.354729998,0.8066689924663579
PAR,50,804750,48.093799996422604,5.976241068210327e-05,0.15367794364255646,48.093799996422604,3669364.133575413,0.849921957635677,0.4774999979417771,3726597.3541742093,0.849554663814394
PAR,51,820845,48.796800008858554,5.9447033250928685e-05,0.13957678945225205,48.796800008858554,3342355.026145158,0.8632967236419652,1.686499992501922,3399734.102542188,0.8627503614186491
PAR,52,836940,49.47290000563953,5.9111644808038246e-05,0.19499436415225138,49.47290000563953,4399181.556598357,0.8200722163335149,0.47849999100435525,4439638.206598002,0.820768706931553
PAR,53,853035,50.132200005464256,5.876921815103044e-05,0.26400125660986296,50.132200005464256,8802428.543896452,0.6399781553888492,0.6911999953445047,8807039.665615857,0.6444536617809222
PAR,54,869130,50.78200000571087,5.842854349258554e-05,0.13646180333396507,50.78200000571087,3002156.189261327,0.8772109533546745,0.4360999882919714,3159049.8751587947,0.8724669516648984
PAR,55,885225,51.44490000384394,5.811505549870817e-05,0.18415918282715132,51.44490000384394,4584718.557447726,0.8124836999421234,0.4167000006418675,4718848.520416846,0.8094967916864264
PAR,56,901320,52.09730000933632,5.7801113932162076e-05,0.14700241908999218,52.09730000933632,3805952.1184264324,0.8443354699962083,0.4163999983575195,3817156.1803153404,0.8458987407970829
PAR,57,917415,52.75400000391528,5.750287493001017e-05,0.17616116665069453,52.75400000391528,4503978.925943226,0.8157859739591764,0.39870000910013914,4697833.717233791,0.8103451739583152
PAR,58,933510,53.41960000805557,5.72244539512759e-05,0.18697681144576245,53.41960000805557,5353429.930683776,0.7810431849540282,0.42299999040551484,5406591.30360858,0.7817321355153998
PAR,59,949605,54.07090000517201,5.6940412071516056e-05,0.14809189909952655,54.07090000517201,4212104.747023502,0.8277237113421065,0.4022000066470355,4434688.6622240795,0.820968523492488
PAR,60,965700,54.7499000094831,5.6694522118135134e-05,0.22261929123834623,54.7499000094831,9010730.442757297,0.6314585481588777,0.42520000715740025,8965697.381608145,0.638048539050353
PAR,61,981795,55.40179999661632,5.6429091609364806e-05,0.2886775539697129,55.40179999661632,9078103.28577146,0.6287029796134819,0.40469999657943845,9450588.029805629,0.6184731651507244
PAR,62,997890,56.06190000253264,5.618044073247817e-05,0.2094574088711725,56.06190000253264,7125674.910990577,0.7085578584636104,0.41290000081062317,7479707.691759981,0.6980389799835915
PAR,63,1013985,56.70549999922514,5.5923411095060716e-05,0.24303324435588203,56.70549999922514,6585843.269876111,0.7306371269568783,0.5460999964270741,6737552.991555228,0.7280002832215083
PAR,64,1030080,57.378800003789365,5.570324635347678e-05,0.24762361056534538,57.378800003789365,7017976.508858512,0.7129627539085323,0.7240999984787777,7210067.108695997,0.7089245585189021
PAR,65,1046175,58.973000006517395,5.637011016944335e-05,0.1721583919639017,58.973000006517395,6037864.885274801,0.7530495995884224,0.484200005303137,6336999.187667405,0.7441709198530262
PAR,66,1062270,60.74480000825133,5.7183955122757236e-05,0.14560021366575593,60.74480000825133,3951803.375988325,0.838370111853915,0.44460000935941935,4140335.951997438,0.8328517478493099
PAR,67,1078365,62.0210000051884,5.751392154343696e-05,0.14079371845560495,62.0210000051884,3744914.3353635166,0.8468319327780077,0.40940000326372683,3836208.987817182,0.8451295656602296
PAR,68,1094460,63.25520000245888,5.7795807980610415e-05,0.2035798122756421,63.25520000245888,4731206.802960304,0.8064922888104922,0.4495000030146912,4923927.408020545,0.8012176138580116
PAR,69,1110555,63.982899999246,5.761344552880857e-05,0.2844009815761072,63.982899999246,11683784.117755974,0.5221298884579215,0.49330000183545053,11718976.083968213,0.5268967561711915
PAR,70,1126650,64.66720000025816,5.739777215662199e-05,0.15721418669934772,64.66720000025816,4342296.652125806,0.8223988251934002,0.4091000009793788,4332560.733468996,0.8250914992570384
PAR,71,1142745,65.31459999678191,5.715588341824459e-05,0.19692336687130127,65.31459999678191,4903806.874619415,0.7994328965224609,0.41340000461786985,5058671.971419568,0.7957778817879391
PAR,72,1158840,65.98400000075344,5.693969831965883e-05,0.16935102120376844,65.98400000075344,4055949.779430798,0.8341104941711364,0.40099999750964344,4018015.720684419,0.8377899009614446
PAR,73,1174935,66.6378000023542,5.6716158768233305e-05,0.2322526383968896,66.6378000023542,8945518.968201844,0.6341257161162418,0.4121000092709437,9023760.560035683,0.6357044880117424
PAR,74,1191030,67.34010000946,5.653938188749234e-05,0.15480274437110386,67.34010000946,4638397.669899512,0.8102882088926242,0.3991999983554706,4735707.113314557,0.8088161985246052
PAR,75,1207125,68.00860000657849,5.633931863442352e-05,0.5651017304151421,68.00860000657849,20840839.38495026,0.1476037094538919,0.9516999998595566,20873337.53485357,0.15732879506577602
PAR,76,1223220,68.67439999768976,5.614231290993424e-05,0.1727555408107012,68.67439999768976,3893755.434988555,0.8407442892403485,0.5123000009916723,3973080.347210075,0.8396039733514765
PAR,77,1239315,69.33250000292901,5.594421111898832e-05,0.19976675674166042,69.33250000292901,6435138.446218354,0.7368009973404313,0.5900999967707321,6636559.0512660155,0.7320774790802186
PAR,78,1255410,69.99509999877773,5.575477334000664e-05,0.307190823287475,69.99509999877773,9666995.547418041,0.6046171177109454,0.43559999903663993,9852194.337986264,0.602260038186305
PAR,79,1271505,70.65419999707956,5.5567378812572156e-05,0.2055120999665804,70.65419999707956,6553351.060749079,0.7319660676017321,0.411000000895001,6817554.207581062,0.7247705782932894
PAR,80,1287600,71.30490000417922,5.5378145390011815e-05,0.2080724584236051,71.30490000417922,9334995.909087887,0.6181959978581448,0.4186000005574897,9781070.946891919,0.6051313391257166
PAR,81,1303695,71.96780000231229,5.5202942407781184e-05,0.1599092730808605,71.96780000231229,4675326.834764671,0.8087777954892774,0.411000000895001,4840788.091917347,0.8045740060766066
PAR,82,1319790,72.61920000019018,5.5023299161374294e-05,0.166711968327599,72.61920000019018,3589027.3687551576,0.8532077542901396,0.41709998913574964,3673572.7834894275,0.8516953027417078
PAR,83,1335885,73.27470000018366,5.485105379593577e-05,0.2450252994211583,73.27470000018366,5764869.147012228,0.7642152033499462,0.4014000005554408,5879433.702840562,0.7626431578356452
PAR,84,1351980,73.96520000474993,5.470879747093147e-05,0.14634997363464636,73.96520000474993,4227762.323747563,0.8270833119766103,0.4141999961575493,4462730.917353332,0.8198364380806853
PAR,85,1368075,74.85950000409503,5.471885679081558e-05,0.2013394336825412,74.85950000409503,5645413.588681437,0.7691009698455035,0.41649999911896884,5827485.411592339,0.7647403466109102
PAR,86,1384170,76.1291000089841,5.499981939283765e-05,0.16817122153547845,76.1291000089841,4037158.640450659,0.8348790571289879,0.4057000041939318,4169642.6065975977,0.8316686177483728
PAR,87,1400265,78.75939999939874,5.624606770818291e-05,0.21092762820718286,78.75939999939874,6621893.328594597,0.7291626692463219,0.40950000402517617,6878799.605111612,0.7222980588484442
PAR,88,1416360,79.63330000347923,5.622391200223053e-05,0.1853042278576567,79.63330000347923,5464858.42336258,0.7764857277390782,1.0557000059634447,5606937.674737367,0.773644012680161
PAR,89,1432455,80.60380000097211,5.626969084611531e-05,0.22456879164199675,80.60380000097211,6791581.686753305,0.7222223668730983,0.7023999933153391,6930859.53128084,0.720196363293502
PAR,90,1448550,81.38840000901837,5.618611715786018e-05,0.39566627486281225,81.38840000901837,13937712.967851542,0.42994355394954764,0.46270000166259706,14322976.0588498,0.42177145971018404
PAR,91,1464645,82.05540000926703,5.602408775455283e-05,0.19807863613424484,82.05540000926703,5884596.637094064,0.7593183147680089,0.41110000165645033,6077764.225868456,0.7546364161952109
PAR,92,1480740,82.72960000613239,5.5870443160941414e-05,0.23072164789233063,82.72960000613239,8995117.928789603,0.6320971044447523,0.41510000301059335,9376034.850966658,0.6214829290152243
PAR,93,1496835,83.39379999961238,5.57134219868004e-05,0.2512598883745355,83.39379999961238,6106961.571864333,0.7502235253478391,0.39900001138448715,6338934.809104749,0.7440927774646238
PAR,94,1512930,84.06550000654534,5.556469896594379e-05,0.23270357983294318,84.06550000654534,6651944.82230571,0.7279335545599326,0.40350000199396163,6887008.110304743,0.7219666757646295
PAR,95,1529025,84.75530000578146,5.543094455995256e-05,0.13646384436131612,84.75530000578146,3234269.5295020887,0.8677174513630816,0.3964999923482537,3373965.846068703,0.8637906439175694
PAR,96,1545120,85.4208000091603,5.5284249772936927e-05,0.3885051216929726,85.4208000091603,10213037.583629657,0.5822838422822632,0.4093000025022775,10297289.700222367,0.5842912277562597
PAR,97,1561215,86.07510000001639,5.513340571286875e-05,0.18354953386038703,86.07510000001639,4877932.036771792,0.8004911847896657,0.4293999954825267,5114886.771096458,0.7935084510895775
PAR,98,1577310,86.73100000305567,5.498665449598092e-05,0.16707478292715733,86.73100000305567,3287368.8194916835,0.8655456752180936,0.4015000013168901,3348940.067010708,0.8648009520850106
PAR,99,1593405,87.40990000660531,5.4857302447654744e-05,0.2242349643420558,87.40990000660531,6731330.596146467,0.7246866537084795,0.4140000091865659,6769195.114932681,0.7267228686159795
PAR,100,1609500,88.07769999839365,5.472364088126353e-05,0.184783945945631,88.07769999839365,4876819.817231814,0.800536674886904,1.2098000006517395,5073954.589981302,0.7951609118100205
PAR,101,1625595,88.74590000777971,5.4592872153137594e-05,0.20511186529838166,88.74590000777971,4922986.177858979,0.7986484575353983,1.6349000070476905,4846099.915109295,0.8043595640669335
PAR,102,1641690,89.4038999977056,5.445845439620488e-05,0.1897060134255094,89.4038999977056,4994778.471074573,0.7957121322129661,0.7591000030515715,5156379.770342172,0.7918333497497779
PAR,103,1657785,90.06600000429899,5.432911988243287e-05,0.1906630918570346,90.06600000429899,6144404.26235115,0.7486921085997174,0.6725999992340803,6394870.351952972,0.7418346205593441
PAR,104,1673880,90.72790000936948,5.4202153087060885e-05,0.13527609787866968,90.72790000936948,3368584.8034425383,0.8622239182497657,0.48719999904278666,3485215.479858697,0.8592994185542192
PAR,105,1689975,91.39780000259634,5.408233849766792e-05,0.26949301826097016,91.39780000259634,10668299.112684917,0.56366351555611,0.44439999328460544,11077624.233585207,0.5527885780059423
PAR,106,1706070,92.225900007179,5.40575122985452e-05,0.21601673920073172,92.225900007179,6668067.734698571,0.7272741228325139,0.45089999912306666,6921255.2850993965,0.7205840934151794
PAR,107,1722165,93.61290000379086,5.435768349942709e-05,0.24706657497122417,93.61290000379086,7577162.414777625,0.6900918904501574,0.4197000089334324,7796420.5502390135,0.6852530608354414
PAR,108,1738260,96.5515999996569,5.5544970257416554e-05,0.17910954600239307,96.5515999996569,5913267.603946997,0.7581456640248982,0.46470000233966857,5892778.089077201,0.7621044356494897
PAR,109,1754355,97.62159999809228,5.564529413835414e-05,0.2507272327245945,97.62159999809228,6241991.034871139,0.7447007816974778,1.2913999962620437,6407985.958922725,0.7413051343518705
PAR,110,1770450,98.38239999953657,5.556914908612871e-05,0.15782012710484708,98.38239999953657,3399873.681579493,0.8609441941865137,0.49669999862089753,3450638.692734305,0.8606953075834755
PAR,111,1786545,99.0724000002956,5.5454746452116015e-05,0.1514901427238488,99.0724000002956,4296645.676334833,0.8242659631577249,0.42609999945852906,4450104.550598763,0.8203461733192042
PAR,112,1802640,99.73090000858065,5.5324912355534465e-05,0.21147953613239406,99.73090000858065,5914086.380995567,0.7581121758094721,0.4310999938752502,6146456.572991809,0.7518632581976679
PAR,113,1818735,100.40019999723881,5.5203314390078166e-05,0.32413272645499464,100.40019999723881,13861259.901159447,0.4330705062399759,0.42520000715740025,14046130.495628376,0.43294790832320307
PAR,114,1834830,101.06110000924673,5.5079271654184166e-05,0.1491683168137803,101.06110000924673,3251184.917322538,0.8670256071640562,0.4121999954804778,3236954.0407270826,0.8693219061272977
PAR,115,1850925,101.71909999917261,5.4955819387156485e-05,0.21038347501447052,101.71909999917261,4532485.115437713,0.8146200626571464,0.4419999895617366,4721960.8641554015,0.8093711441974247
PAR,116,1867020,102.38569999637548,5.483910188234485e-05,0.158676773632441,102.38569999637548,3920315.627856609,0.839657969756822,0.4167000006418675,3991167.218182711,0.8388737937464875
PAR,117,1883115,103.04509999696165,5.4720556098252975e-05,0.18808077500838444,103.04509999696165,5895441.281410628,0.7588747657142982,0.41530000453349203,6138767.158669438,0.7521736852207278
PAR,118,1899210,103.7027999991551,5.4603124456566206e-05,0.48746891444714885,103.7027999991551,25414593.729901765,-0.03946415117753399,0.40240000816993415,26210627.068309106,-0.05814130858822275
PAR,119,1915305,104.3636999966111,5.448933720562057e-05,0.28835322712390415,104.3636999966111,7581737.545878977,0.6899047662797956,2.2515000018756837,7369379.052451729,0.7024930241569012
PAR,120,1931400,105.0392000033753,5.4385005697098116e-05,0.175165672085631,105.0392000033753,4011348.103913886,0.8359347154541914,0.5144000024301931,3975038.881328301,0.8395249059621548
PAR,121,1947495,105.69820000091568,5.427392624931806e-05,0.14343197388254336,105.69820000091568,3241790.83796311,0.8674098276962126,0.6608000112464651,3301971.849903879,0.8666970917913195
PAR,122,1963590,106.34310000750702,5.415748705560072e-05,0.24895748233255546,106.34310000750702,6504774.240546807,0.7339528734391612,0.4265000025043264,6648576.573086049,0.7315923233366532
PAR,123,1979685,106.99339999700896,5.4045668880154655e-05,0.22716713064790914,106.99339999700896,8895727.223442411,0.6361622127154819,0.41059999784920365,9020610.420248847,0.635831661353593
PAR,124,1995780,107.72120000910945,5.397448617037422e-05,0.1712500947206369,107.72120000910945,4323372.346502287,0.8231728347050467,0.41319998854305595,4410280.869624657,0.8219538831152697
PAR,125,2011875,110.38860000553541,5.486851817609713e-05,0.18913291959031944,110.38860000553541,5940741.554784119,0.7570219715791362,0.40079999598674476,6110110.5642977785,0.7533305719365276
PAR,126,2027970,112.0158999983687,5.523548178640152e-05,0.29420717845460487,112.0158999983687,5664318.24915,0.7683277638263125,0.3974999999627471,5601745.206394993,0.7738536362512524
PAR,127,2044065,113.32640000910033,5.544168116429777e-05,0.1833286979338222,113.32640000910033,6321885.6069957595,0.7414330708507172,0.4047000111313537,6391170.12836544,0.7419840011681627
PAR,128,2060160,114.01269999623764,5.534167248963073e-05,0.4351328620799346,114.01269999623764,17629300.63459475,0.2789565627235615,0.4098000063095242,18244376.98109364,0.2634617675174652
PAR,129,2076255,114.71360000723507,5.525024624009819e-05,0.17653008200720707,114.71360000723507,4670768.462582756,0.8089642342150418,0.401100012823008,4923585.21997718,0.8012314282281541
PAR,130,2092350,115.37710000993684,5.514235190572172e-05,0.1545052527736471,115.37710000993684,4586558.760760692,0.8124084351003937,0.4034000012325123,4693385.065095234,0.8105247691501082
PAR,131,2108445,116.03590000595432,5.5033875678973994e-05,0.25320710817381364,116.03590000595432,4740330.724748515,0.8061191178002536,0.6186999962665141,4751529.933596835,0.8081774202261915
PAR,132,2124540,116.70530000992585,5.4932032350497446e-05,0.18855611303941514,116.70530000992585,5621939.71665403,0.7700610579240751,1.8711000011535361,5838354.837149205,0.7643015403148086
PAR,133,2140635,117.38789999799337,5.4837886887766186e-05,0.18010145132344826,117.38789999799337,6167111.700426727,0.747763367888947,0.501799993799068,6429652.531184304,0.7404304397073762
PAR,134,2156730,118.06370000704192,5.4741993669602557e-05,0.1433716523965727,118.06370000704192,4086159.1567383143,0.8328749220005054,0.42050000047311187,4270061.863632189,0.8276146222537546
PAR,135,2172825,118.76589999883436,5.465967116488183e-05,0.2957722972220944,118.76589999883436,5823303.6221335055,0.7618252166074087,0.5067000020062551,5860164.215347023,0.7634210804949961
PAR,136,2188920,119.4279000046663,5.456019407043944e-05,0.1796288426416199,119.4279000046663,4146711.8963705935,0.8303982976337233,0.45789999421685934,4093560.140833324,0.8347401199934207
PAR,137,2205015,120.07530000119004,5.445554792198241e-05,0.18939216505095885,120.07530000119004,7094222.940627118,0.7098442530455646,0.4315999976824969,7408467.52776973,0.7009149951263132
PAR,138,2221110,120.74130000837613,5.4360792580455776e-05,0.25904499937707554,120.74130000837613,6203089.046550675,0.7462918841443003,0.4513999883783981,6089546.341134331,0.7541607639785403
PAR,139,2237205,121.39630000456236,5.4262483770849053e-05,0.20952377160749955,121.39630000456236,7223997.892762636,0.7045364203924329,0.40350000199396163,7497357.301059179,0.6973264529375484
PAR,140,2253300,122.05220000760164,5.4165978790042e-05,0.20602050105184264,122.05220000760164,6915316.981263338,0.7171615579439654,0.4209000035189092,7192430.47912809,0.709636561564134
PAR,141,2269395,122.71280000277329,5.4072913707297886e-05,0.1323175457935026,122.71280000277329,2908540.5106491703,0.8810398613804992,2.885699999751523,2921206.485454549,0.8820688553112633
PAR,142,2285490,123.40710000717081,5.399590460127623e-05,0.2028917532770933,123.40710000717081,5714633.895815151,0.7662698394893122,0.9311000030720606,5977323.776881122,0.7586912672237522
PAR,143,2301585,124.06299999565817,5.3903288384160555e-05,0.1739384347327516,124.06299999565817,5129275.623222878,0.7902111602289386,0.4959999932907522,5196280.69303673,0.7902225216515465
PAR,144,2317680,125.33470000198577,5.4077655242305134e-05,0.29403686104418036,125.33470000198577,7858876.264932643,0.6785697134191784,0.4302999877836555,8034301.067091059,0.6756496583402066
PAR,145,2333775,128.22460000461433,5.4943000076963005e-05,0.16676048555503017,128.22460000461433,5307040.882574839,0.7829405102872189,0.5059999966761097,5521282.46530527,0.7771019732684242
PAR,146,2349870,130.77160000102594,5.5650567904192975e-05,0.15777994771315207,130.77160000102594,4524209.622225184,0.8149585326960208,0.42910000775009394,4730892.798672996,0.8090105557668603
PAR,147,2365965,131.69209999614395,5.566105162001295e-05,0.2360722101925825,131.69209999614395,7458020.19158969,0.6949648414487698,0.47389999963343143,7808901.036771532,0.6847492148833044
PAR,148,2382060,132.39169999724254,5.557865880676496e-05,0.2533468027706718,132.39169999724254,7774188.409868605,0.6820334709088609,0.4413999995449558,7757360.923467989,0.6868299252300529
PAR,149,2398155,133.04970000172034,5.548002527014323e-05,0.1714468814227011,133.04970000172034,4230824.775869712,0.8269580568090675,0.47559999802615494,4300418.293104254,0.8263891120085429
PAR,150,2414250,133.7160999974003,5.538618618510937e-05,0.23092418489152505,133.7160999974003,7338301.631027814,0.6998613648107872,0.41870000131893903,7564718.069257467,0.6946070517105924
PAR,151,2430345,134.38660000974778,5.529527701200767e-05,0.2913831602310786,134.38660000974778,8960976.355631413,0.633493504550137,2.422999998088926,9083450.088117508,0.6332947801024691
PAR,152,2446440,135.0624000042444,5.5207730418176783e-05,0.15814175339160258,135.0624000042444,4027683.2575983224,0.8352666029972541,0.8510000043315813,4190413.314319496,0.8308300897806185
PAR,153,2462535,135.71570000203792,5.511219129963145e-05,0.27121615527343834,135.71570000203792,7893534.114411497,0.6771521974646428,0.45539998973254114,7993029.886470272,0.6773158047072984
PAR,154,2478630,136.37130000279285,5.501882088201662e-05,0.19577167200725862,136.37130000279285,4302796.348950066,0.8240143988888994,0.42209999810438603,4436839.390468222,0.8208816970921602
PAR,155,2494725,137.02700000430923,5.49266953288676e-05,0.16423505052393464,137.02700000430923,3947349.6817057417,0.8385522692236628,0.42130000656470656,4108545.1067600544,0.8341351664601253
PAR,156,2510820,137.73840000794735,5.48579348611001e-05,0.20064983864291774,137.73840000794735,6036415.196185744,0.7531088922867217,0.4067999980179593,6208516.625708671,0.7493578505543583
PAR,157,2526915,138.43120000092313,5.4782689564517654e-05,0.19038269869796376,138.43120000092313,6881981.8378095385,0.7185249748438316,0.45569999201688915,7020779.86256915,0.7165662167590401
PAR,158,2543010,139.09280000370927,5.4696127818494334e-05,0.18767135761282744,139.09280000370927,5381849.645965895,0.7798808104720125,0.4282000008970499,5408994.686197862,0.7816351092828173
PAR,159,2559105,139.74830000370275,5.460827125252882e-05,0.17945439252159626,139.74830000370275,6412253.820005458,0.7377369850966871,0.4327999922679737,6503178.467203269,0.7374621463524893
PAR,160,2575200,140.41290000022855,5.452504659841121e-05,0.18085528759433228,140.41290000022855,6282168.822472955,0.7430574986952169,0.4163999983575195,6543447.443093177,0.735836459689877
PAR,161,2591295,141.06370000808965,5.443753027273609e-05,0.17479129422114734,141.06370000808965,3626055.0472851614,0.8516933116497294,0.40350000199396163,3722618.3840312585,0.8497152976162075
PAR,162,2607390,142.58519999566488,5.4685029855781024e-05,0.1552375204281839,142.58519999566488,4523169.574213879,0.8150010709570981,0.447900005383417,4670278.136949135,0.8114576119669643
PAR,163,2623485,144.50730000680778,5.5082190295278144e-05,0.31255044802838555,144.50730000680778,10607734.087806663,0.5661406423929656,1.8730000010691583,11042459.970100706,0.5542081838658881
PAR,164,2639580,145.49680000345688,5.512119352452166e-05,0.1773472844396985,145.49680000345688,5405236.665124862,0.7789242747005967,0.6891000084578991,5589300.248587693,0.7743560478839547
PAR,165,2655675,146.46000000357162,5.5149820668406946e-05,0.14642012273409152,146.46000000357162,4079814.102200473,0.8331344365455516,0.4391999973449856,4225879.64968766,0.8293982890678964
PAR,166,2671770,147.3054000089178,5.5134012287329294e-05,0.33251740931810314,147.3054000089178,15814709.694599045,0.3531738510746182,0.4167000006418675,16057409.802716443,0.35175115891342723
PAR,167,2687865,147.9860999970697,5.505711782290766e-05,0.3305636901439678,147.9860999970697,14334259.164271312,0.4137247011185782,0.4450999986147508,14856587.126268182,0.4002292084819432
PAR,168,2703960,148.66629999596626,5.4980953858772416e-05,0.1539465015600236,148.66629999596626,2927000.8684114027,0.880284827469051,0.4602000117301941,2991577.535006414,0.8792279269250223
PAR,169,2720055,149.37759999884292,5.4917124837123857e-05,0.2765039999261838,149.37759999884292,9711498.495831745,0.602796934394644,0.40410000656265765,9804041.33289683,0.6042040086104006
PAR,170,2736150,150.03730000171345,5.4835188129932e-05,0.16761831846408853,150.03730000171345,3959233.902939183,0.8380662011767717,0.41179999243468046,4034170.3758282796,0.8371377262580632
PAR,171,2752245,150.70030000060797,5.475540876651896e-05,0.22085531545287404,150.70030000060797,6925891.610445559,0.7167290525864636,0.4006999952252954,7124182.3579087835,0.712391785851881
PAR,172,2768340,151.36669999628793,5.46777852418012e-05,0.21614252258142522,151.36669999628793,8935118.92355833,0.6345510809161858,0.4099999932805076,9199357.330814619,0.6286155238167366
PAR,173,2784435,152.01550000347197,5.459473825155623e-05,0.1840535433501592,152.01550000347197,4675559.461011703,0.8087682810092514,0.40929998795036227,4761932.249450667,0.8077574714748231
PAR,174,2800530,152.6717000087956,5.4515288180735645e-05,0.29776879954856045,152.6717000087956,6086402.217494991,0.7510644088207525,0.7983999967109412,6200783.701745296,0.7496700340919935
PAR,175,2816625,153.36789999855682,5.445094749871098e-05,0.20609468935304576,153.36789999855682,6186738.873873493,0.7469606108823358,0.7550000009359792,6292549.29338786,0.7459653931091214
PAR,176,2832720,154.0543000010075,5.438387839285475e-05,0.19757641122453387,154.0543000010075,6406813.008558086,0.7379595158407533,0.4434000002220273,6686481.065160705,0.7300620925359662
PAR,177,2848815,154.83430000313092,5.435042289623261e-05,0.3378439061516949,154.83430000313092,13034063.691384759,0.4669030677669801,0.42050000047311187,13418587.890543139,0.45828224128704964
PAR,178,2864910,155.5162000004202,5.428310138902102e-05,0.1691057478154454,155.5162000004202,4843590.9640499065,0.801895744484255,0.45730000420007855,4702763.177668097,0.8101461682000403
PAR,179,2881005,156.17100000963546,5.4207125641793564e-05,0.14079803402723937,156.17100000963546,3542369.2517818436,0.8551160846168269,0.5738000036217272,3536006.700631742,0.8572489415216202
PAR,180,2897100,156.87940000498202,5.4150495324628774e-05,0.27843489203779864,156.87940000498202,6061614.572147384,0.7520782306038104,0.4259999986970797,6151812.589175279,0.7516470320860824
PAR,181,2913195,157.6515000051586,5.411635678530225e-05,0.18062751752381764,157.6515000051586,4776252.542766542,0.804649905171018,0.42969999776687473,4965415.630459242,0.7995427053612454
PAR,182,2929290,158.7061000027461,5.417903314548785e-05,0.1989588595578464,158.7061000027461,5871276.823411827,0.7598630989565816,0.40530000114813447,6116801.926630748,0.7530604369688753
PAR,183,2945385,160.7648000062909,5.458193071747527e-05,0.16019551146240893,160.7648000062909,4722302.390545474,0.8068564818245881,0.6125000072643161,4707849.270229032,0.8099408390934911
PAR,184,2961480,161.79700000793673,5.4633831735462245e-05,0.154358073130482,161.79700000793673,3014409.9709593956,0.8767097701790996,1.5931999951135367,3073744.803979608,0.8759107769275107
PAR,185,2977575,162.7059000020381,5.4643762122545396e-05,0.22212274736043192,162.7059000020381,8863782.212883614,0.6374687727824165,0.5640999879688025,9157702.122235324,0.6302971736605476
PAR,186,2993670,163.55399999883957,5.46332762124214e-05,0.19926494003861236,163.55399999883957,4489495.498222199,0.8163783502946858,0.4236999957356602,4499945.396427226,0.818334063586437
PAR,187,3009765,164.2225999967195,5.456326324371488e-05,0.16207129917438493,164.2225999967195,4767189.010786246,0.8050206062208437,0.41849999979604036,4911794.202096378,0.801707439849603
PAR,188,3025860,164.91920000407845,5.450324866453783e-05,0.13914929158285477,164.91920000407845,3447515.4867490837,0.8589956307313007,0.4234000080032274,3512769.925692931,0.8581870263441255
PAR,189,3041955,165.58010000153445,5.4432133283212426e-05,0.14720878477448415,165.58010000153445,3075053.431864632,0.8742294352863107,0.411300003179349,3113333.944918488,0.8743125356763658
PAR,190,3058050,166.3089000066975,5.4383970179263753e-05,0.15136709083747746,166.3089000066975,3782824.676285084,0.8452813889933741,0.40860001172404736,3899688.565985363,0.8425668507836854
PAR,191,3074145,166.97630000999197,5.431633836725072e-05,0.20424955025559274,166.97630000999197,4038279.2909960602,0.8348332222012168,0.41599999531172216,3996777.906057408,0.8386472863609779
PAR,192,3090240,167.67959999560844,5.4261028268227854e-05,0.1993218857387,167.67959999560844,4670242.748829689,0.8089857360578767,0.4102000093553215,4718621.359698542,0.8095059623231724
PAR,193,3106335,168.33870000846218,5.419206235272827e-05,0.25684614018874696,168.33870000846218,9333187.01632468,0.6182699820894357,0.40299999818671495,9580151.201164393,0.613242609493696
PAR,194,3122430,169.02750000008382,5.4133319241771254e-05,0.4231357391822933,169.02750000008382,12541657.642764125,0.4870426159653022,0.43420000292826444,12554402.667080013,0.4931700019207319
PAR,195,3138525,169.68040000938345,5.4063740135695415e-05,0.19279495878515407,169.68040000938345,7645902.34138081,0.6872804077950356,0.760499999159947,7782560.724492619,0.6858125916743592
PAR,196,3154620,170.33429999719374,5.3995188009076766e-05,0.3036991242095398,170.33429999719374,9887579.836527737,0.5955951572074912,0.5143000016687438,10110175.85017916,0.5918451444795682
PAR,197,3170715,171.00240000581834,5.3931810334835626e-05,0.19969814756332144,171.00240000581834,4523419.381018946,0.8149908537873354,0.43590000132098794,4534323.163241967,0.8169462091459887
PAR,198,3186810,171.666299997014,5.3867754901300675e-05,0.17399852001698107,171.666299997014,5204605.73922684,0.7871301369427769,0.40920000174082816,5465791.957361737,0.7793421638039871
PAR,199,3202905,172.31249999895226,5.379881701110469e-05,0.18731189062595463,172.31249999895226,5115403.975396227,0.7907785145918217,0.44299999717622995,5220527.314171471,0.7892436686332844
PAR,200,3219000,172.97250000410713,5.373485554647628e-05,0.3969613595740885,172.97250000410713,11836585.117550397,0.5158802838709509,0.41590000910218805,12040182.963960811,0.5139294102379134
PAR,201,3235095,173.63830000977032,5.367332335210259e-05,0.18922872755786063,173.63830000977032,3924356.5483840513,0.8394926949516972,0.411600005463697,3915561.583836961,0.8419260459743628
PAR,202,3251190,174.28940000536386,5.36078789628917e-05,0.25960769400964073,174.28940000536386,4842798.328035521,0.8019281635239077,0.40330000047106296,4833630.622403823,0.8048629581164598
PAR,203,3267285,175.86560000199825,5.382621962944715e-05,0.3906244396923527,175.86560000199825,9961214.306509463,0.5925834863285304,0.4014000005554408,9866589.666030567,0.601678888745864
PAR,204,3283380,178.11680000158958,5.424800053651712e-05,0.1710504870603141,178.11680000158958,3607343.96070413,0.8524586004415654,0.39820000529289246,3697955.1377732228,0.8507109700814827
PAR,205,3299475,178.8208000070881,5.419674342345013e-05,0.15129222320401145,178.8208000070881,3401660.1917169243,0.8608711254110176,0.4031999997096136,3500575.530691614,0.8586793225814686
PAR,206,3315570,179.6145999978762,5.4173068280228196e-05,0.35038743273751954,179.6145999978762,11267960.380410528,0.5391371982254077,0.9781999979168177,11473366.117466027,0.5368122019436112
PAR,207,3331665,180.42370000330266,5.415421418519048e-05,0.1573717842844789,180.42370000330266,4449309.390122152,0.8180219736077036,0.9417999972356483,4720769.437590386,0.8094192429194167
PAR,208,3347760,181.10190000152215,5.409644060551597e-05,0.147254198759515,181.10190000152215,4009953.60188441,0.8359917509859724,0.4385000065667555,4049969.665705937,0.8364998978985073
PAR,209,3363855,181.76540000422392,5.403484989817454e-05,0.16518333248376202,181.76540000422392,4886040.954586899,0.8001595277321802,0.41939999209716916,4908446.033489679,0.8018426077531268
PAR,210,3379950,182.42179999651853,5.3971745143128903e-05,0.17310923069860387,182.42179999651853,5421581.707641682,0.7782557577875872,0.4216000088490546,5546944.732476405,0.7760659696316154
PAR,211,3396045,183.1879000092158,5.3941540824463695e-05,0.17771775994628566,183.1879000092158,3873839.92769498,0.841558839183747,0.43590000132098794,3850065.768809438,0.8445701577401614
PAR,212,3412140,184.59980000625364,5.4100886835315565e-05,0.2137947264947131,184.59980000625364,6460826.40029709,0.7357503526728154,0.4096999909961596,6500583.970186365,0.737566888007904
PAR,213,3428235,185.49170000187587,5.410705508866104e-05,0.23322335460992868,185.49170000187587,6394708.798636751,0.7384545814878878,0.4065999964950606,6565969.448399108,0.7349272306163284
PAR,214,3444330,186.20840000221506,5.4062299489948715e-05,0.41389359518612606,186.20840000221506,12702092.016203137,0.4804808042134082,0.4253000079188496,12884958.410056483,0.4798252358637083
PAR,215,3460425,186.8772000016179,5.400411799175474e-05,0.26802326959108974,186.8772000016179,5941845.80428052,0.7569768074589593,0.40970000554807484,5986787.772916996,0.7583091990983398
PAR,216,3476520,187.5556000013603,5.394923659330603e-05,0.2422449574933093,187.5556000013603,6718072.997914608,0.7252288932673405,0.41459999920334667,6861116.855354708,0.7230119237978956
PAR,217,3492615,188.23580000025686,5.3895376387107325e-05,0.2560064314438581,188.23580000025686,10637810.772059504,0.564910497406216,0.4010999982710928,10818505.679276181,0.5632493748965115
PAR,218,3508710,188.95700000575744,5.3853695519366785e-05,0.17279488680687125,188.95700000575744,5235574.863061798,0.7858634909219144,2.351099989027716,5523937.830540731,0.776994774320543
PAR,219,3524805,189.66200000431854,5.380779929792387e-05,0.14246687369513156,189.66200000431854,3618389.655292151,0.8520068283742593,0.5259000026853755,3678238.0133384275,0.8515069641565827
PAR,220,3540900,190.33029999991413,5.375195571744871e-05,0.2024954646999555,190.33029999991413,4011147.3313211263,0.8359429271106487,0.4478000046219677,4024925.417036041,0.8375109516970718
PAR,221,3556995,190.99990000540856,5.369698298856438e-05,0.2169143710813326,190.99990000540856,4792892.829618321,0.8039693126802797,0.43089999235235155,4717533.93795543,0.8095498622979134
PAR,222,3573090,192.21510000352282,5.3795202472796046e-05,0.293260227205436,192.21510000352282,7747890.093278848,0.6831090795777182,0.4118000069865957,7837247.7236489775,0.6836048393493476
PAR,223,3589185,193.3067000063602,5.385810427892688e-05,0.17265637613076687,193.3067000063602,4864736.413261456,0.8010308895646939,0.41510000301059335,5036679.655806093,0.7966657269189037
PAR,224,3605280,194.58950000989717,5.3973477790878144e-05,0.15913040857354283,194.58950000989717,5760018.997252371,0.764413575862086,0.4098999925190583,6002676.697355928,0.7576677521289844
PAR,225,3621375,195.9021000075154,5.409605467744031e-05,0.15174222323254413,195.9021000075154,3972659.2184389113,0.837517101933694,0.44639999396167696,4114023.4990717024,0.8339139999388323
PAR,226,3637470,196.92360000044573,5.413751866007025e-05,0.16118252620961596,196.92360000044573,4633194.292694478,0.8105010285082815,0.4555000050459057,4812998.97545554,0.805695872103725
PAR,227,3653565,197.6689000002807,5.410301992718912e-05,0.18112297843392897,197.6689000002807,5734818.415932531,0.7654442868444925,0.4259999986970797,5778223.305404645,0.7667290922204452
PAR,228,3669660,198.40180000755936,5.406544475715989e-05,0.1895529938673523,198.40180000755936,7970486.596623493,0.6740048189366364,0.4126999992877245,8029326.484071922,0.6758504857287247
PAR,229,3685755,199.07539999985602,5.4012108780929825e-05,0.2689860707980921,199.07539999985602,6958930.13370262,0.7153777675374662,0.44380000326782465,7080595.258314561,0.7141514274843378
PAR,230,3701850,199.75359999807552,5.396047921932966e-05,0.24266310348294928,199.75359999807552,8931451.277738845,0.6347010886790125,0.9483000030741096,8980681.955001777,0.6374436013638927
PAR,231,3717945,200.4097000026377,5.390335252475163e-05,0.2441002093505688,200.4097000026377,7529398.294917254,0.6920454566112009,0.4958000063197687,7651222.342643593,0.6911148138178965
PAR,232,3734040,201.0640000080457,5.3846236250293436e-05,0.14774994796110966,201.0640000080457,3735413.243742031,0.8472205301422838,0.4217000096105039,3840475.571886384,0.8449573206834718
PAR,233,3750135,201.72569999704137,5.3791583502204955e-05,0.19497486313868673,201.72569999704137,3960095.0759439785,0.8380309789546122,0.4124999977648258,3859003.383604409,0.8442093399928347
PAR,234,3766230,202.38040000549518,5.37355392542397e-05,0.3119378521925511,202.38040000549518,5945896.475058902,0.7568111338657829,0.42320000648032874,5849393.545798612,0.7638558999421092
PAR,235,3782325,203.0384999961825,5.368087089189388e-05,0.15666139893341327,203.0384999961825,4909765.34926761,0.7991891932054485,0.4104999970877543,5134317.731778515,0.7927240096449049
PAR,236,3798420,203.70870000624564,5.3629851360893646e-05,0.20311659275816848,203.70870000624564,6673385.858104459,0.7270566100644285,0.39870000910013914,6911390.410467454,0.7209823452893104
PAR,237,3814515,204.36360000167042,5.3575251375776587e-05,0.15789666060173463,204.36360000167042,4910438.48516533,0.79916166175474,0.4113999893888831,4970369.2785290545,0.7993427231312431
PAR,238,3830610,205.02750000741798,5.3523459712008785e-05,0.1887132449433828,205.02750000741798,5793139.457435332,0.7630589395693884,0.40350000199396163,5804805.852667039,0.7656559362340382
PAR,239,3846705,205.68919999641366,5.347152952888606e-05,0.22476412386721473,205.68919999641366,5452572.249835914,0.7769882357497055,0.3964999923482537,5419562.184988626,0.7812084919809945
PAR,240,3862800,206.34720000089146,5.341907424689123e-05,0.1974540619036086,206.34720000089146,7618548.511218295,0.6883991872708562,0.4093000025022775,7751864.486031298,0.6870518202456386
PAR,241,3878895,207.00480000232346,5.336695115550265e-05,0.3122294884649821,207.00480000232346,15016112.327401336,0.3858367117620233,2.5031000113813207,15693382.977504665,0.36644717592160236
PAR,242,3894990,207.69470000232104,5.3323551537313586e-05,0.1420380875325011,207.69470000232104,4243730.667505168,0.8264302021505744,0.7621000113431364,4381038.157458681,0.8231344318155099
PAR,243,3911085,209.62690000305884,5.3598144761123537e-05,0.15649901186480666,209.62690000305884,3760363.2293570503,0.8462000685958655,0.4413000133354217,3858469.2288440093,0.844230904193328
PAR,244,3927180,211.54750000278,5.3867533447099445e-05,0.17504635316998962,211.54750000278,4959552.016747641,0.7971529042683878,0.4230999911669642,5164411.671103683,0.7915090963101297
PAR,245,3943275,212.3786000011023,5.38584298587094e-05,0.24541696249100495,212.3786000011023,5862012.131296316,0.7602420275134618,0.4206000012345612,5955783.785339048,0.7595608517162525
PAR,246,3959370,213.28820000053383,5.3869226670034334e-05,0.1966970798371801,213.28820000053383,5769984.126182154,0.7640059992392032,0.4265999887138605,6055228.4887068905,0.7555461996333558
PAR,247,3975465,213.95780000602826,5.38195657630059e-05,0.18230451574908674,213.95780000602826,5198020.336223969,0.7873994818087736,0.4130000015720725,5397610.383310265,0.7820947015361217
PAR,248,3991560,214.64859999832697,5.3775616550503305e-05,0.18396544639241377,214.64859999832697,5070035.029539129,0.7926341174512009,0.4065999964950606,5154277.805619409,0.7919182075327128
PAR,249,4007655,215.3120000002673,5.372518343027713e-05,0.2421227662491221,215.3120000002673,8289750.371278876,0.6609468392557165,0.44419999176170677,8276684.337347681,0.6658644765473095
PAR,250,4023750,215.961599998991,5.3671724137680275e-05,0.14235789705139076,215.961599998991,3830548.292562355,0.843329479440462,0.42749999556690454,3924959.266876798,0.8415466549508839
PAR,251,4039845,216.6228999994928,5.362158696670115e-05,0.15772810764524456,216.6228999994928,5800816.07723099,0.7627449636245195,0.41700000292621553,6081579.023573883,0.7544824101492853
PAR,252,4055940,217.27580000879243,5.356977667539274e-05,0.1563713332821205,217.27580000879243,4497282.092067898,0.8160598763797217,0.40249999437946826,4731611.687032395,0.8089815337420396
PAR,253,4072035,217.96740000718273,5.352787979651028e-05,0.14066020479192068,217.96740000718273,3383504.7676153844,0.8616136874485438,2.224900003056973,3368799.8537852596,0.8639991986316826
PAR,254,4088130,218.6719000019366,5.348946829037643e-05,0.30855743987965134,218.6719000019366,8596400.154678572,0.6484047754242845,0.8048000017879531,8817993.581253698,0.6440114445612813
PAR,255,4104225,219.3291000003228,5.343983334254891e-05,0.15719191430381207,219.3291000003228,4197571.506189857,0.8283181250481667,0.4467000107979402,4315965.504332272,0.8257614602400125
PAR,256,4120320,219.99070000310894,5.3391654047042204e-05,0.20074358345771312,219.99070000310894,7989927.246697329,0.6732096907893168,0.41310000233352184,7983417.7969547715,0.6777038514698459
PAR,257,4136415,220.65350000048056,5.3344139792666005e-05,0.22077098315857166,220.65350000048056,4592639.418417364,0.8121597344633948,0.4161000106250867,4659838.164244253,0.8118790809516925
PAR,258,4152510,221.3186000008136,5.329754774842531e-05,0.22274905929446506,221.3186000008136,9086470.383263955,0.6283607629333614,0.40770000487100333,9404746.347537177,0.6203238258593373
PAR,259,4168605,221.9662999996217,5.3247141429716104e-05,0.2314822578834404,221.9662999996217,6982348.865869734,0.7144199346949485,0.4090000002179295,6950688.124704107,0.7193958691375371
PAR,260,4184700,222.62149999733083,5.319891509482898e-05,0.17915675566797792,222.62149999733083,4967615.179766929,0.7968231185951355,0.4673000075854361,5025108.403315052,0.7971328664581816
PAR,261,4200795,223.29520000494085,5.315546224106171e-05,0.19094266499885487,223.29520000494085,6230505.944280972,0.7451705251869225,0.42979999852832407,6427115.779931549,0.7405328501259884
PAR,262,4216890,223.94720000738744,5.310719511473798e-05,0.3336532097462858,223.94720000738744,7577321.928012685,0.6900853663132287,0.4104999970877543,7711993.929931741,0.6886614224232352
PAR,263,4232985,225.07820000464562,5.317245395498581e-05,0.23530855143699306,225.07820000464562,4610750.401202662,0.8114189900884116,0.4090000002179295,4843248.889863717,0.804474661945985
PAR,264,4249080,227.93750000710133,5.3643965283567584e-05,0.17663101089365615,227.93750000710133,4328017.5559717165,0.8229828443093906,0.5348999984562397,4529611.581013504,0.8171364190090245
PAR,265,4265175,228.91610000806395,5.367097481535082e-05,0.2623502529662147,228.91610000806395,5714956.607072807,0.7662566405065907,0.5810000002384186,5817531.46419394,0.7651421944147918
PAR,266,4281270,229.8618000058923,5.369009663158182e-05,0.2859123107566046,229.8618000058923,11043436.053471709,0.5483203074027769,0.6101000035414472,11468278.736856416,0.5370175830495844
PAR,267,4297365,230.54679999768268,5.3648410129854617e-05,0.14536477120995508,230.54679999768268,3584534.7534379074,0.8533915035413353,0.4318999999668449,3658785.791230125,0.8522922639398722
PAR,268,4313460,231.2032000045292,5.3600404316842906e-05,0.165051314986444,231.2032000045292,5511199.430313252,0.7745903673029986,0.4351999959908426,5779236.368627658,0.7666881941510595
PAR,269,4329555,231.87899999902584,5.355723625153759e-05,0.2808987303831694,231.87899999902584,9278694.574097298,0.6204987385593388,0.43599998753052205,9585311.19907141,0.613034296776743
PAR,270,4345650,232.5386000011349,5.351066008563389e-05,0.14957519633185845,232.5386000011349,4454077.4170889035,0.8178269599412858,0.42039999971166253,4548178.82297388,0.816386846491983
PAR,271,4361745,233.19090000586584,5.346275401378711e-05,0.15467998099292457,233.19090000586584,3852223.2017259574,0.8424429694574562,0.4054000019095838,3843188.9031484267,0.8448477816066398
PAR,272,4377840,233.86999999638647,5.3421321929624305e-05,0.18856039343462633,233.86999999638647,3951364.48301001,0.838388062702235,0.41229999624192715,3924664.9969348847,0.8415585348338261
PAR,273,4393935,234.5484999968903,5.338005682762497e-05,0.1875387910924112,234.5484999968903,5834718.983515094,0.7613583250625346,0.3986000083386898,6128740.829388382,0.7525784551317316
PAR,274,4410030,235.21810000238474,5.3337074805020544e-05,0.25959694580669257,235.21810000238474,9125750.69287839,0.6267541870374296,0.4017000028397888,9463195.678306978,0.6179641855811524
PAR,275,4426125,235.88500000187196,5.3293795363183815e-05,0.13362338117112005,235.88500000187196,3563265.5772527414,0.8542614189294986,0.40299999818671495,3584675.631189163,0.8552841428262894
PAR,276,4442220,236.55100000905804,5.3250626940821943e-05,0.18988150421459152,236.55100000905804,6090934.213951311,0.7508790488697074,2.5108000118052587,6304719.30055129,0.7454740814258153
PAR,277,4458315,237.2139000071911,5.320707487182739e-05,0.37597200623492266,237.2139000071911,12773957.94433318,0.47754146720191815,0.5620000010821968,13130083.325446188,0.46992937194324347
PAR,278,4474410,237.9469000006793,5.317950299607754e-05,0.19286130201619958,237.9469000006793,5232743.959044814,0.7859792757057419,0.4616999940481037,5371795.920989108,0.7831368493973622
PAR,279,4490505,238.60740000964142,5.313598359419295e-05,0.3332196125933724,238.60740000964142,11123813.890751204,0.5450328308729862,0.4206000012345612,11349692.344719399,0.5418049984681317
PAR,280,4506600,239.26280000887346,5.3091643369474426e-05,0.2902082372649604,239.26280000887346,9293220.557294838,0.6199046216926708,0.4717999981949106,9367653.71891443,0.6218212811658266
PAR,281,4522695,239.92550000548363,5.304923281483355e-05,0.14980483367246292,239.92550000548363,4382458.708148457,0.8207561856172259,0.603599997702986,4400715.22210507,0.8223400549820278
PAR,282,4538790,240.58399999921676,5.300619768687619e-05,0.2586011714363322,240.58399999921676,7845001.926672386,0.6791371778215654,0.41280000004917383,8052337.637052426,0.6749215094221503
PAR,283,4554885,241.3689999957569,5.299123907535687e-05,0.1462674784514775,241.3689999957569,3605217.7458421444,0.8525455632374387,0.41649999911896884,3676474.690675468,0.8515781507232064
PAR,284,4570980,242.60060000233352,5.3074089145507864e-05,0.21284498474893068,242.60060000233352,8803483.96145179,0.6399349885090259,0.4420000041136518,9139361.200899139,0.6310376094560288
PAR,285,4587075,244.84359999769367,5.337684690084502e-05,0.1870376207013574,244.84359999769367,6262942.020026366,0.7438438804134297,0.42189999658148736,6567191.459393937,0.7348778971795582
PAR,286,4603170,245.6034000060754,5.3355274735904904e-05,0.35001182154864985,245.6034000060754,12639617.859078834,0.48303601510506766,0.411300003179349,12970957.446643852,0.4763533947332108
PAR,287,4619265,246.4007000089623,5.334197107309546e-05,0.1712555556692419,246.4007000089623,4162867.7806930696,0.8297375173449546,0.541499990504235,4290674.4114060905,0.8267824793134896
PAR,288,4635360,247.21889999636915,5.333326861265773e-05,0.3189369693043789,247.21889999636915,8976201.745921945,0.6328707817333613,1.156700003775768,9192640.119649382,0.628886702319789
PAR,289,4651455,247.91980000736658,5.329940846624692e-05,0.16944676529392752,247.91980000736658,4470341.920923027,0.8171617370834297,0.6164000078570098,4584351.886531707,0.8149265146689797
PAR,290,4667550,248.57490000431426,5.325596940671535e-05,0.17151329346533797,248.57490000431426,4255215.9529429525,0.8259604506918063,0.4385000065667555,4430544.520312361,0.821135825393889
PAR,291,4683645,249.24570000439417,5.32161809881821e-05,0.1355846195731544,249.24570000439417,3608205.1946441554,0.8524233757271377,0.41290000081062317,3743956.730028397,0.8488538536950958
PAR,292,4699740,249.90350000734907,5.317389898320951e-05,0.21360952446453205,249.90350000734907,5536651.086932982,0.7735493872690284,0.41390000842511654,5676892.130511626,0.7708199024754857
PAR,293,4715835,250.57380000362173,5.313455623524184e-05,0.17675716975651223,250.57380000362173,4352253.408075789,0.8219915910277856,0.4014000005554408,4493684.697579662,0.8185868123685999
PAR,294,4731930,251.23940000776201,5.3094487874453344e-05,0.17687947486001235,251.23940000776201,5931167.615661657,0.7574135484270339,0.40249999437946826,6009389.918631958,0.7573967347005441
PAR,295,4748025,251.89529999624938,5.3052648205569555e-05,0.19219583350488506,251.89529999624938,6609340.799585277,0.7296760712723576,0.4014999867649749,6900552.973360394,0.7214198601893668
PAR,296,4764120,252.5510999985272,5.3011070249810503e-05,0.16823049065532028,252.5510999985272,5220955.634143847,0.7864614215652121,0.44839999463874847,5309580.250461871,0.7856485394402908
PAR,297,4780215,253.22220000089146,5.2972972973159466e-05,0.15636109999795386,253.22220000089146,3717546.9507386116,0.8479512666352161,0.4015000013168901,3699874.4162260904,0.8506334874707702
PAR,298,4796310,253.88370000291616,5.2933129844175244e-05,0.1465493278743468,253.88370000291616,3788773.9027472334,0.8450380639298156,0.41619999683462083,3875582.5123254023,0.8435400289948809
PAR,299,4812405,254.5630000095116,5.289725199967825e-05,0.16057409194853461,254.5630000095116,3795042.506966069,0.8447816762246786,0.524500006577,3766170.7489431542,0.8479570582471194
PAR,300,4828500,255.24440000299364,5.2862048255771696e-05,0.2333185111401864,255.24440000299364,5420700.801904682,0.7782917870841366,0.6606000097235665,5480793.8792579165,0.7787365257463705
PAR,301,4844595,255.90640000882559,5.282307396362866e-05,0.1448449485145701,255.90640000882559,3261143.8415023996,0.8666182843172194,0.6118000019341707,3349617.3220248893,0.8647736108273946
PAR,302,4860690,256.5658999956213,5.278384344519426e-05,0.14468465971520494,256.5658999956213,4465822.4117105985,0.8173465863026288,0.4298999992897734,4518536.756689219,0.8175835173967259
PAR,303,4876785,257.2351999988314,5.274688139805864e-05,0.2558850768169813,257.2351999988314,5131779.312235874,0.7901087586323454,0.4192000051261857,5222729.623313724,0.7891547598760987
PAR,304,4892880,257.929300001706,5.271523111167778e-05,0.20505052921093408,257.929300001706,6374055.070342333,0.7392993248813244,0.42299999040551484,6683264.8552906895,0.7301919331731888
PAR,305,4908975,259.11359999736305,5.278364628000001e-05,0.19509164638691473,259.11359999736305,4407771.939349592,0.8197208672224607,0.4135999915888533,4295773.507888283,0.8265766252295631
PAR,306,4925070,260.0031000038143,5.2791757275290364e-05,0.18514584470988182,260.0031000038143,4357335.202141547,0.8217837441972928,0.40190000436268747,4481023.471854917,0.8190979548880748
PAR,307,4941165,261.34310000634287,5.289098826012547e-05,0.20615208715985067,261.34310000634287,5919424.698036963,0.7578938371159197,0.4065999964950606,6122499.854571614,0.7528304076410046
PAR,308,4957260,262.65150000108406,5.298320039721218e-05,0.2491349152500878,262.65150000108406,8581726.799357444,0.6490049198529502,0.40070000977721065,8788828.703503724,0.6451888510318227
PAR,309,4973355,263.55280001007486,5.299295948310042e-05,0.18393056954292608,263.55280001007486,4003256.6784674707,0.8362656570687952,0.40410000656265765,4054517.1438818113,0.8363163130306117
PAR,310,4989450,264.21429999754764,5.29545941932573e-05,0.21198776432482858,264.21429999754764,6028860.131860845,0.7534178965780765,0.4020999913336709,6193983.807593273,0.7499445505649314
PAR,311,5005545,264.8927999980515,5.2919871861715656e-05,0.14263774073098717,264.8927999980515,3447383.324295412,0.8590010362134494,2.3742999910609797,3427147.4885851657,0.8616436638907817
PAR,312,5021640,265.55460000236053,5.2882046503206226e-05,0.16714182045576054,265.55460000236053,5160447.0242088195,0.7889362410147571,0.6950999959371984,5362734.61321757,0.7835026607164851
PAR,313,5037735,266.2012000073446,5.284144561143939e-05,0.1613567522331371,266.2012000073446,4669198.650199774,0.8090284399904135,0.44750000233761966,4966546.988792503,0.7994970316356943
PAR,314,5053830,266.85290000750683,5.280211245877025e-05,0.18669167222296443,266.85290000750683,5216425.886594184,0.7866466895353319,0.4326000052969903,5435876.968137794,0.7805498527982767
PAR,315,5069925,267.5522000063211,5.2772417739181756e-05,0.2171637993175748,267.5522000063211,5839374.6878242595,0.7611679054249323,0.41449999844189733,6058585.203785352,0.7554106867028019
PAR,316,5086020,268.21039999776985,5.273482998450062e-05,0.1499597829229234,268.21039999776985,3088883.561273018,0.8736637790386073,0.45059999683871865,3045436.1780539127,0.8770536159142807
PAR,317,5102115,268.86940000986215,5.269763617830295e-05,0.1710105358794428,268.86940000986215,6972894.558898564,0.7148066185536479,0.41399999463465065,7306269.354066697,0.7050408067284402
PAR,318,5118210,269.5326999964891,5.2661516427909194e-05,0.2903881254024886,269.5326999964891,8606573.419024406,0.6479886860033662,0.4182000120636076,8957402.923052823,0.6383833921313908
PAR,319,5134305,270.1895000063814,5.2624357144030485e-05,0.19103982415608417,270.1895000063814,5181631.812543654,0.7880697771138042,0.4326000052969903,5411581.223562936,0.7815306889641023
PAR,320,5150400,270.85230000375304,5.258859506130651e-05,0.29590804129392734,270.85230000375304,10547717.324711623,0.5685953451661052,0.4160999960731715,10438862.338679137,0.5785758415304163
PAR,321,5166495,271.5070999984164,5.255150735622823e-05,0.37893178707573405,271.5070999984164,15476936.176386222,0.3669888845601328,0.3998000029241666,15683599.691558968,0.3668421340035244
PAR,322,5182590,272.16380000754725,5.251501662441892e-05,0.20787032811725184,272.16380000754725,7166101.143407346,0.706904413997372,0.4121000092709437,7356529.830424745,0.7030117562183105
PAR,323,5198685,272.81070000026375,5.2476866746160565e-05,0.15017767098398724,272.81070000026375,4652492.380865219,0.8097117311835659,0.48040000547189265,4814369.310813871,0.8056405507088766
PAR,324,5214780,273.50760000990704,5.2448540496417307e-05,0.19664370855743857,273.50760000990704,6810611.986453637,0.7214440221733998,1.0146999993594363,7090761.185326419,0.7137410219155086
PAR,325,5230875,274.1593999962788,5.241176667312425e-05,0.2273017372611442,274.1593999962788,7127216.64025435,0.7084948012958451,0.46770001063123345,7192103.241849983,0.7096497723614481
PAR,326,5246970,275.6978999968851,5.2544211229887934e-05,0.37792315836390916,275.6978999968851,7046930.922277712,0.7117785101198062,0.4658999969251454,7103272.875604031,0.7132359162464035
PAR,327,5263065,277.2455000085756,5.267757476082389e-05,0.2829566703865474,277.2455000085756,8175170.210429028,0.6656332006001215,0.41140000394079834,8322992.208931808,0.6639949954506436
PAR,328,5279160,278.68660000967793,5.278995143350039e-05,0.24178317812509012,278.68660000967793,6845254.832534032,0.7200271198621516,0.41259999852627516,6803620.3656286895,0.7253330972181027
PAR,329,5295255,279.58610000496265,5.279936471519552e-05,0.15560956133101927,279.58610000496265,5189578.08608676,0.7877447722535537,0.4040999920107424,5353494.738145191,0.7838756809221749
PAR,330,5311350,280.27830000792164,5.2769691322906916e-05,0.20357287045909034,280.27830000792164,7240183.784241486,0.7038744128023875,0.4067000118084252,7536542.699380759,0.6957445110576579
PAR,331,5327445,280.94250000140164,5.273494142152601e-05,0.15886626621285405,280.94250000140164,6067074.718631713,0.7518549090512034,0.40950000402517617,6252189.327444217,0.7475947531037099
PAR,332,5343540,281.59990000131074,5.269912829347413e-05,0.1688367082281268,281.59990000131074,4476997.1204758175,0.816889537518582,0.41120000241789967,4496847.690621407,0.8184591201318776
PAR,333,5359635,282.2654000046896,5.266504155687646e-05,0.17523015715450893,282.2654000046896,5076485.906747215,0.7923702747286803,0.4091000009793788,5226134.787898362,0.7890172910051649
PAR,334,5375730,282.9368000093382,5.263225645806954e-05,0.26967946440676654,282.9368000093382,5712571.440489622,0.7663541945019114,0.46379999548662454,5827829.783731278,0.764726444067305
PAR,335,5391825,283.61410000070464,5.2600761337896655e-05,0.25176664557894113,283.61410000070464,6423805.665490296,0.7372645113129608,0.818300002720207,6426197.441766697,0.7405699240786623
PAR,336,5407920,284.2759000050137,5.256658752441117e-05,0.22985111538358108,284.2759000050137,9334467.21173804,0.6182176217309412,0.705400001606904,9707051.222481487,0.6081195670626092
PAR,337,5424015,284.9666999973124,5.253796311354456e-05,0.315011028636223,284.9666999973124,11368597.38480056,0.5350211159674311,0.45779999345541,11855202.247353317,0.5213972108755907
PAR,338,5440110,285.6192000035662,5.2502467781637915e-05,0.20188233247813814,285.6192000035662,7314667.615663472,0.7008280027976346,0.417199989897199,7396963.328104768,0.7013794276962024
PAR,339,5456205,286.27480000432115,5.24677500211816e-05,0.26372353585767927,286.27480000432115,8750321.415090837,0.6421093518576915,0.4726999904960394,9086913.176150722,0.6331549728214882
PAR,340,5472300,286.9302000035532,5.2433199934863435e-05,0.32169730857392004,286.9302000035532,7426121.869369248,0.6962694919493146,0.4200999974273145,7464588.117386407,0.6986493677538367
PAR,341,5488395,287.617499998305,5.24046647514082e-05,0.16225234399979516,287.617499998305,3395763.3213906456,0.8611123090936471,0.407600004109554,3505099.6894888342,0.8584966791331652
PAR,342,5504490,288.3109999966109,5.237742279422997e-05,0.23516202606062825,288.3109999966109,5414914.408112299,0.7785284522449376,0.40839999564923346,5516473.77333837,0.7772961035193791
PAR,343,5520585,288.9820999989752,5.2346282142014873e-05,0.22227118683932987,288.9820999989752,4875422.72962375,0.8005938161695888,0.40550000267103314,5110136.747861644,0.7937002128428697
PAR,344,5536680,289.63199999998324,5.2311493530415924e-05,0.25618770898316306,289.63199999998324,6939672.076565194,0.7161654275814718,0.4051999858347699,7282037.878569315,0.7060190483067512
PAR,345,5552775,290.2907999960007,5.227850939323144e-05,0.17564369662594037,290.2907999960007,5311692.675528941,0.782750250625157,0.43250000453554094,5572674.102642683,0.775027257000058
PAR,346,5568870,290.94740000437014,5.224532086480204e-05,0.35614439501788364,290.94740000437014,7113430.8288469715,0.7090586449246341,0.4743000026792288,7274623.588246725,0.7063183683819159
PAR,347,5584965,292.00960000162013,5.2284947175429055e-05,0.14428001704839416,292.00960000162013,3009668.466478236,0.8769036990682723,0.898300000699237,2987158.233970237,0.8794063371923264
PAR,348,5601060,293.6426000087522,5.242625503186043e-05,0.17023739589971518,293.6426000087522,6587383.2588203335,0.7305741409686803,0.560200001928024,6818539.073151073,0.7247308185828362
PAR,349,5617155,295.0204000080703,5.252132084802187e-05,0.2039034541537564,295.0204000080703,3863814.4428203353,0.8419688843820341,0.42740000935737044,3884973.170893297,0.843160921554237
PAR,350,5633250,295.9700000064913,5.253983047201728e-05,0.15818359354954517,295.9700000064913,4760044.721295403,0.8053128097040192,0.4282000008970499,5001066.242887479,0.798103465254991
PAR,351,5649345,296.6886000067461,5.251734493233218e-05,0.149804714469548,296.6886000067461,3550310.86166853,0.8547912705014575,0.47230000200215727,3655025.0478891362,0.852444087773378
PAR,352,5665440,297.36520000733435,5.2487573781971806e-05,0.14539587930848777,297.36520000733435,3956910.6521667577,0.8381612227977269,0.4685000021709129,4006646.4017400895,0.8382488883025012
PAR,353,5681535,298.0686000082642,5.246268834184145e-05,0.1614407099979396,298.0686000082642,4910429.279376732,0.7991620382741261,0.40430000808555633,5166989.583791515,0.7914050241756547
PAR,354,5697630,298.7468000064837,5.2433520605319e-05,0.16783410442590582,298.7468000064837,4977428.017769443,0.7964217707147275,0.42969999776687473,5196671.1848567445,0.7902067572242268
PAR,355,5713725,299.40000000351574,5.24001417645259e-05,0.25058358739561365,299.40000000351574,5529841.636399431,0.7738278957430992,0.48299999616574496,5650406.427567736,0.7718891487891617
PAR,356,5729820,300.0556000042707,5.236736930728551e-05,0.31299828488277576,300.0556000042707,6750109.952934994,0.7239185726456341,0.40759998955763876,6515592.29899261,0.7369609912988565
PAR,357,5745915,300.72650000511203,5.2337443210543845e-05,0.16370684185865375,300.72650000511203,3542629.542374543,0.855105438657152,0.40469999657943845,3558219.315972746,0.856352202736896
PAR,358,5762010,301.3814000005368,5.230490748897291e-05,0.1632546699215323,301.3814000005368,5021212.915905237,0.7946309558601281,0.5348999984562397,5158966.627589776,0.7917289165171819
PAR,359,5778105,302.0362999959616,5.227255302490377e-05,0.39377848861286174,302.0362999959616,14206435.237630531,0.4189527362710548,0.5450000026030466,14509590.57411616,0.41423770148033034
PAR,360,5794200,302.6968000049237,5.22413447939187e-05,0.24286764501530936,302.6968000049237,8270357.908606994,0.6617399965245164,0.5059999966761097,8351652.513359712,0.6628379589572837
PAR,361,5810295,303.3892000094056,5.22157997157469e-05,0.21134317605095285,303.3892000094056,4760608.284205997,0.8052897598198179,0.44589999015443027,5019701.21636613,0.7973511583692833
PAR,362,5826390,304.04109999653883,5.218344463665131e-05,0.16438864919448565,304.04109999653883,3585996.1947032823,0.8533317301756638,0.41059999784920365,3679192.6837590435,0.8514684234453853
PAR,363,5842485,304.7320000041509,5.215794306774444e-05,0.1611744098155012,304.7320000041509,4318783.9646758055,0.8233605008338556,0.42240000038873404,4567814.130557035,0.8155941554202882
PAR,364,5858580,305.3842000081204,5.212597592046543e-05,0.23014286476384987,305.3842000081204,9100911.073069017,0.6277701345908364,0.40190000436268747,9439672.920154573,0.6189138157455938
PAR,365,5874675,306.0377000074368,5.209440522368247e-05,0.2133181627115209,306.0377000074368,5496950.720137736,0.7751731436237761,0.4149000014876947,5562681.692973846,0.7754306575526422
PAR,366,5890770,306.70240000472404,5.206490832348301e-05,0.17766891739992163,306.70240000472404,3693397.3492893777,0.8489389922403738,0.4307000053813681,3805496.1654026154,0.8463694637372764
PAR,367,5906865,307.37360000784975,5.20366725848398e-05,0.16855012931520919,307.37360000784975,5561571.447593024,0.7725301373917404,0.44079999497625977,5804345.147389387,0.7656745352276486
PAR,368,5922960,308.5966000071494,5.2101753178672386e-05,0.24889077778242552,308.5966000071494,9031749.317619504,0.6305988701664003,0.4096000047866255,9334008.139883034,0.6231795766744271
PAR,369,5939055,309.50280000979546,5.2113139213190564e-05,0.1921307112363777,309.50280000979546,6477426.765892421,0.7350713929728819,0.4123000107938424,6686999.387925765,0.7300411674841748
PAR,370,5955150,310.41030000778846,5.212468199924242e-05,0.18431579384584948,310.41030000778846,5733444.272703447,0.7655004896955157,0.44069999421481043,5805857.681778119,0.7656134731586943
PAR,371,5971245,311.1592000059318,5.210960193492844e-05,0.265332747042023,311.1592000059318,6464625.608528343,0.7355949639697256,0.8392000017920509,6632959.749219896,0.7322227854159716
PAR,372,5987340,311.83160000364296,5.208182598677258e-05,0.18698389068757582,311.83160000364296,5087996.2385740625,0.7918994988654373,0.5434999911813065,5100413.334315207,0.7940927538342454
PAR,373,6003435,312.4849000014365,5.2051017459410565e-05,0.14436410781373843,312.4849000014365,3904228.6728222924,0.8403159308179938,0.43560001358855516,4030996.255540286,0.8372658677094829
PAR,374,6019530,313.1444000027841,5.20214036648682e-05,0.18823294868472001,313.1444000027841,4923398.79830624,0.7986315812411113,0.4935000033583492,5087601.140282148,0.7946099910496961
PAR,375,6035625,313.8080000062473,5.1992627110903563e-05,0.43932753996370083,313.8080000062473,21388202.59702181,0.12521639755473135,0.47509999421890825,21602784.498422902,0.12788051202526063
PAR,376,6051720,314.4652000046335,5.196294607229573e-05,0.2041479852886787,314.4652000046335,4613891.600156591,0.8112905141529303,0.41799999598879367,4761120.508345102,0.8077902420298135
PAR,377,6067815,315.1429999998072,5.193681745402706e-05,0.20797919761514663,315.1429999998072,7399550.920112895,0.6973562513721985,0.42570001096464694,7741331.588156182,0.6874770406843467
PAR,378,6083910,315.8024000003934,5.190780271246508e-05,0.20746116553833016,315.8024000003934,4806153.3105094135,0.8034269552198318,0.4044999950565398,4844399.526767284,0.8044282099310953
PAR,379,6100005,316.45310000749305,5.187751485572439e-05,0.14744275886686406,316.45310000749305,3838611.2528336025,0.8429997020596625,0.41930000588763505,3976806.3311939067,0.8394535527774797
PAR,380,6116100,317.1069000090938,5.1847893266802994e-05,0.44931186198072703,317.1069000090938,14909708.856422242,0.3901886441524868,0.424599988036789,15508984.1405036,0.3738914856734423
PAR,381,6132195,317.786800005706,5.182268339570187e-05,0.21969400796754385,317.786800005706,5158742.475912677,0.7890059575275065,0.5874000053154305,5330726.499486083,0.7847948506080511
PAR,382,6148290,318.4787000063807,5.179955727631271e-05,0.1437108886737158,318.4787000063807,4118102.7815442397,0.8315684186112594,0.6705999985570088,4160498.961218287,0.8320377530941893
PAR,383,6164385,319.14390000747517,5.17722205876945e-05,0.16944252418971004,319.14390000747517,6393007.066009202,0.7385241828389866,0.46270000166259706,6553650.233226968,0.7354245659310865
PAR,384,6180480,319.83940000645816,5.174992880916339e-05,0.17161858646868677,319.83940000645816,4384976.036829144,0.8206532261543238,0.43929999810643494,4296208.164556009,0.8265590778365162
PAR,385,6196575,320.49369999731425,5.172110399653264e-05,0.20044565304798836,320.49369999731425,5060266.559293276,0.7930336506776741,0.40949998947326094,4967226.940952083,0.799469581492436
PAR,386,6212670,321.1494999995921,5.169266997918642e-05,0.18032830157889704,321.1494999995921,5479979.081967627,0.7758672884781881,0.47389999963343143,5733674.823196123,0.7685275455400431
PAR,387,6228765,321.8129000015324,5.1665603053178663e-05,0.35663080226795024,321.8129000015324,11863700.826387865,0.5147712436254184,0.4059000057168305,12207890.957007509,0.5071589215059708
PAR,388,6244860,322.47270000516437,5.1638099173586656e-05,0.16051168927566226,322.47270000516437,3970335.7751022233,0.8376121314305826,0.40889999945648015,4066213.3165049898,0.8358441303784108
PAR,389,6260955,323.1320000049891,5.16106568414865e-05,0.15590122577753418,323.1320000049891,4419187.49424293,0.8192539677629009,0.4852999991271645,4463727.619465553,0.8197962005207616
PAR,390,6277050,323.97579999815207,5.161274802624674e-05,0.2601757978155134,323.97579999815207,10687209.113948332,0.5628900910968823,0.40610000723972917,10841567.477735344,0.5623183539966154
PAR,391,6293145,324.86860000062734,5.1622614765848764e-05,0.2097193979586095,324.86860000062734,7311107.077918834,0.700973629809571,0.4025999951409176,7193604.141962375,0.70958917997635
PAR,392,6309240,325.7962000061525,5.163794688522746e-05,0.1432407088810248,325.7962000061525,3833859.735013567,0.8431940404972585,0.4040000058012083,3908745.0465558222,0.8422012343420393
PAR,393,6325335,326.57830000971444,5.1630198244000424e-05,0.17945138099472602,326.57830000971444,3696499.098469214,0.8488121298119341,0.6745999999111518,3825854.7278038994,0.8455475743637743
PAR,394,6341430,327.57500000298023,5.165632988190049e-05,0.16247181730031782,327.57500000298023,3629711.247248165,0.851543772025706,1.1373000015737489,3823013.417945074,0.8456622800258817
PAR,395,6357525,328.2794999977341,5.163636792584128e-05,0.18623630988428902,328.2794999977341,6138030.4608111195,0.7489527989053737,0.5289999971864745,6347059.284103934,0.743764786738388
PAR,396,6373620,328.9363000076264,5.160902281711593e-05,0.20365266672664342,328.9363000076264,6790664.370994881,0.7222598853499359,0.4270999925211072,7062465.715701079,0.7148833297732506
PAR,397,6389715,329.5957000082126,5.1582222369575575e-05,0.20525806425723944,329.5957000082126,7863761.6000352865,0.6783699018164568,0.6692000024486333,7929082.341520108,0.679897411729451
PAR,398,6405810,330.26580000296235,5.155722695536745e-05,0.1796423521733299,330.26580000296235,4635558.432180191,0.8104043345272602,0.6370000046445057,4695251.83915244,0.8104494061784943
PAR,399,6421905,330.9256000065943,5.153075294738778e-05,0.15138772046998894,330.9256000065943,3255940.752910824,0.8668310921285038,0.4785999917658046,3397752.692789301,0.8628303523133082
PAR,400,6438000,331.5768000029493,5.1503075489740494e-05,0.1856483159383022,331.5768000029493,6565002.7528562015,0.731489510062602,0.43110000842716545,6630168.63541147,0.7323354646284899
PAR,401,6454095,332.2316999983741,5.147610935357693e-05,0.16774765500086208,332.2316999983741,3138669.127242031,0.8716275351536623,0.4427999956533313,3133008.1112420703,0.8735182758501983
PAR,402,6470190,332.8968999994686,5.145086929432808e-05,0.14421469538232115,332.8968999994686,3363832.951370533,0.8624182703583629,0.7858000026317313,3435617.861961392,0.8613017090056433
PAR,403,6486285,333.58510000107344,5.142930043947706e-05,0.16808171030252952,333.58510000107344,5834869.134258235,0.7613521838542028,1.0774999973364174,5851788.482740728,0.7637592146661976
PAR,404,6502380,334.2473000084283,5.1403839826098796e-05,0.16459428266469417,334.2473000084283,3899823.4624026567,0.8404961051838826,0.5996999971102923,3818946.8074112213,0.8458264519314449
PAR,405,6518475,334.92770000884775,5.138129700717541e-05,0.1835310314058136,334.92770000884775,5375633.424755254,0.7801350556971347,0.43420000292826444,5607066.255741383,0.7736388217752852
PAR,406,6534570,335.58369999809656,5.1355131247824504e-05,0.3283680958243672,335.58369999809656,7363003.0398013005,0.6988510701282713,0.4425999941304326,7312184.16156695,0.7048020218213848
PAR,407,6550665,336.24350000172853,5.132967416311604e-05,0.20025800725139764,336.24350000172853,7164359.442972377,0.7069756500432236,0.424899990321137,7160368.755482723,0.7109309157253407
PAR,408,6566760,336.9056000083219,5.130469211731842e-05,0.18403837415087718,336.9056000083219,4673162.731287678,0.8088663079403391,0.4817000008188188,4811656.164256656,0.8057500823290459
PAR,409,6582855,337.5975000089966,5.128435914341066e-05,0.17646366275697858,337.5975000089966,3435196.4034799268,0.8594994847598069,0.5399999936344102,3390855.7500295946,0.8631087867062739
PAR,410,6598950,338.25549999892246,5.125898817219747e-05,0.2959026407633912,338.25549999892246,8886663.316287188,0.6365329291100694,0.4253999941283837,9067379.35334675,0.6339435668818156
PAR,411,6615045,338.9290000050096,5.123608380668757e-05,0.24148958543169918,338.9290000050096,5393861.33890591,0.7793895287958703,0.4549000004772097,5576202.715201112,0.774884804448261
PAR,412,6631140,339.58759999950416,5.121104365154471e-05,0.19226384811581468,339.58759999950416,5299959.526572715,0.783230139772709,0.880199993844144,5349059.740914334,0.7840547248558135
PAR,413,6647235,340.2494000038132,5.1186606160879406e-05,0.20377638438553947,340.2494000038132,4888707.91243706,0.8000504483934583,1.0996000055456534,4964563.461757682,0.7995771080065027
PAR,414,6663330,340.9077999967849,5.116177646864029e-05,0.1704936024401005,340.9077999967849,3988303.26243772,0.8368772560605304,0.47230000200215727,4147782.760158056,0.8325511150063281
PAR,415,6679425,341.9587000098545,5.11958289837605e-05,0.25118164901889445,341.9587000098545,4569370.578360616,0.813111436675735,0.43000000005122274,4619087.767037776,0.8135242029288651
PAR,416,6695520,342.87100000074133,5.1209017372921194e-05,0.1776945955854198,342.87100000074133,4662290.422391698,0.809310988483259,0.4172999906586483,4592591.815290542,0.8145938629938854
PAR,417,6711615,343.75729999737814,5.1218268627949925e-05,0.19275522119772937,343.75729999737814,3749649.1435292545,0.8466382777700507,0.4428999964147806,3803694.827798172,0.8464421849936206
PAR,418,6727710,344.5127000013599,5.120801877627899e-05,0.1750047973522089,344.5127000013599,3720536.54492399,0.847828991378122,0.4378999874461442,3821425.1327370415,0.8457264002082818
PAR,419,6743805,345.2236000011908,5.1191219200613124e-05,0.1455008462256259,345.2236000011908,2965073.8200504757,0.8787276328595709,0.4363000043667853,3057796.284584684,0.8765546297868342
PAR,420,6759900,345.91780000482686,5.117202917274322e-05,0.27199610444158806,345.91780000482686,7277912.767817471,0.7023312865850495,0.4366000066511333,7387673.5331479665,0.7017544632024681
PAR,421,6775995,346.6017000027932,5.1151410236104546e-05,0.2168749878515452,346.6017000027932,6890181.78679709,0.7181895945853616,0.4126999992877245,7116713.3836991945,0.7126933135537307
PAR,422,6792090,347.2691000060877,5.1128459723897604e-05,0.323851030036211,347.2691000060877,16373591.501333674,0.3303154253598498,0.42149999353569,17081020.87931043,0.31042726531676657
PAR,423,6808185,347.9481999966083,5.1107336242568074e-05,0.17573592205995126,347.9481999966083,4033894.89082943,0.8350125454218067,0.5763000081060454,4161515.7332839104,0.8319967052962388
PAR,424,6824280,348.6352000036277,5.1087470034000315e-05,0.24629535551897652,348.6352000036277,8019942.516524655,0.671982057670133,0.6360999977914616,8204425.310730361,0.6687816238854061
PAR,425,6840375,349.31000000506174,5.1065913784706505e-05,0.22755344450567466,349.31000000506174,5758185.655962721,0.7644885600450999,0.4498000052990392,5914125.853931744,0.7612426114825307
PAR,426,6856470,349.9649000004865,5.1041556369456374e-05,0.2533953912177153,349.9649000004865,4835939.266712973,0.8022087010934352,0.4368999943835661,4784848.5230436595,0.8068323255153442
PAR,427,6872565,350.6238999980269,5.101790961570053e-05,0.2426643632862589,350.6238999980269,6263833.671092977,0.7438074116298264,0.43060000461991876,6442533.716768385,0.7399104172548578
PAR,428,6888660,351.29269999742974,5.09957959889775e-05,0.2193502489963491,351.29269999742974,5264228.199653696,0.7846915612615217,0.4364000051282346,5464082.471171286,0.7794111769546402
PAR,429,6904755,351.9552000070689,5.0972873042862334e-05,0.16060644151741443,351.9552000070689,5273463.267986549,0.7843138443258235,0.4383000050438568,5489468.263918289,0.7783863347833004
PAR,430,6920850,352.60850000486244,5.0948727396903914e-05,0.3057758263070985,352.60850000486244,10675086.854997154,0.5633858949544988,0.5183999892324209,10644310.56225307,0.5702817533511033
PAR,431,6936945,353.26820000773296,5.092561639276842e-05,0.1659109283138936,353.26820000773296,6036033.254957822,0.7531245137921647,0.4383999912533909,6332173.722055392,0.7443657272677414
PAR,432,6953040,353.93179999664426,5.090317328774813e-05,0.1569950587191265,353.93179999664426,3152230.032170546,0.8710728902641738,0.4130000015720725,3222404.4568447126,0.869909282983585
PAR,433,6969135,354.6085999987554,5.088272791368733e-05,0.16330567867180723,354.6085999987554,3976515.2977896654,0.8373593871855535,1.2754000053973868,4079071.5860899906,0.8353250330607696
PAR,434,6985230,355.28920000069775,5.0862920762909415e-05,0.17482966183929466,355.28920000069775,4437562.0707704965,0.8185024423284808,0.7002999918768182,4556703.198362013,0.816042711507933
PAR,435,7001325,355.94290000153705,5.083936254945129e-05,0.14992476035878388,355.94290000153705,4010497.6486501335,0.8359694993176773,0.5763000081060454,4097578.9082055776,0.8345778795496837
PAR,436,7017420,356.59450000093784,5.081561314570566e-05,0.20002528521312102,356.59450000093784,5499373.259473079,0.7750740610722048,0.4363000043667853,5670724.046855985,0.7710689123177092
PAR,437,7033515,357.25909999746364,5.0793820727966545e-05,0.14782682295941885,357.25909999746364,3803006.4895064114,0.844455947061377,0.4532000020844862,3841838.331073693,0.8449023051439355
PAR,438,7049610,358.5670000029495,5.08633810952591e-05,0.15873032077623594,358.5670000029495,4224264.783775802,0.8272263623616212,0.4434000002220273,4307976.8892549565,0.8260839662063784
PAR,439,7065705,359.8703000025125,5.0931973525998115e-05,0.17059914582057548,359.8703000025125,4560282.859531461,0.8134831269745956,0.4188999882899225,4597868.95404952,0.8143808212189796
PAR,440,7081800,361.1051000043517,5.099058149119598e-05,0.1505209749396957,361.1051000043517,3318543.694691828,0.8642706139075578,0.44040000648237765,3286072.0242626253,0.8673389788498211
PAR,441,7097895,361.8453000090085,5.097924102977129e-05,0.15542957565266127,361.8453000090085,4061885.3034791737,0.8338677295402196,0.425199992605485,4137875.087949952,0.8329510946484795
PAR,442,7113990,362.51479999918956,5.095801371652048e-05,0.31701675759469394,362.51479999918956,8607373.605141932,0.647955958162336,0.5655999993905425,8569142.231411273,0.6540577472414864
PAR,443,7130085,363.1731000059517,5.0935311431203376e-05,0.19081807878453763,363.1731000059517,6271533.233096075,0.7434924973421125,1.087500000721775,6410248.537262204,0.7412137924851276
PAR,444,7146180,363.8746000069659,5.091875659540704e-05,0.13448691399269375,363.8746000069659,3636518.641549768,0.8512653476521098,0.6972999981371686,3763077.4385743905,0.8480819373456981
PAR,445,7162275,364.5500999991782,5.0898646030650626e-05,0.21185116836638015,364.5500999991782,4207806.698231059,0.8278995027667988,0.47980000090319663,4352831.311482384,0.8242731618746848
PAR,446,7178370,365.2202000084799,5.087787339026546e-05,0.38875244001967263,365.2202000084799,12891475.83995123,0.47273495166541124,0.44299999717622995,13392441.63523383,0.45933778386279855
PAR,447,7194465,365.9246000024723,5.0861961244160935e-05,0.214103166189749,365.9246000024723,9304390.99812767,0.6194477474682791,0.4453000001376495,9350263.370399928,0.6225233416730392
PAR,448,7210560,366.5880000044126,5.0840434030701165e-05,0.17193889053113354,366.5880000044126,5070593.876497371,0.7926112604507995,0.49089999811258167,5339343.8336277995,0.7844469628142379
PAR,449,7226655,367.24770000728313,5.081849071351588e-05,0.17138679319712308,367.24770000728313,5548308.497897268,0.773072595827005,0.4265000025043264,5769034.943796418,0.7671000327916331
PAR,450,7242750,367.9316000052495,5.0799986193814437e-05,0.1802924571177262,367.9316000052495,3840018.13036382,0.8429421603663622,0.5135999963385984,3853831.7828505198,0.8444181211248143
PAR,451,7258845,368.59369999729097,5.077856050064314e-05,0.19310047962684163,368.59369999729097,6137958.0719282,0.7489557596313856,0.43739999819081277,6408662.137028728,0.7412778365697893
PAR,452,7274940,369.2481000034604,5.075617118539265e-05,0.15613277262005637,369.2481000034604,4743047.533127139,0.806007999560662,0.4118999931961298,4859863.608549448,0.8038039141563147
PAR,453,7291035,369.90760000480805,5.0734580207721954e-05,0.16659437857332843,369.90760000480805,4967049.168145244,0.7968462686323206,2.3726000072201714,5084085.540384087,0.7947519182713116
PAR,454,7307130,370.5618000094546,5.0712359025972524e-05,0.16783275395402375,370.5618000094546,4296891.8734980915,0.8242558936233445,1.3849000097252429,4386009.894399908,0.8229337193251435
PAR,455,7323225,371.21420000039507,5.068998972452643e-05,0.1494820415356793,371.21420000039507,4022947.418022485,0.835460300190179,0.4575000057229772,4143082.3199483478,0.8327408750582902
PAR,456,7339320,371.88020000758115,5.066957156897113e-05,0.4015763696133589,371.88020000758115,15707101.77451469,0.3575750457779142,0.4467999970074743,16244559.762797637,0.34419578440268217
PAR,457,7355415,372.53590000909753,5.064784244112637e-05,0.17667132224746515,372.53590000909753,6338179.7955448255,0.7407666338795311,0.411300003179349,6617679.057052728,0.7328396776239972
PAR,458,7371510,373.1906000029994,5.062607254185363e-05,0.21790169622895508,373.1906000029994,6824525.303521889,0.7208749635266193,0.4490999999688938,7101125.068586527,0.7133226247147729
PAR,459,7387605,374.15770000370685,5.0646684548470964e-05,0.20585337024078507,374.15770000370685,7314135.042239741,0.7008497852029612,0.5223000043770298,7466148.347121094,0.698586380190477
PAR,460,7403700,375.39210000250023,5.0703310507246406e-05,0.215933916432658,375.39210000250023,7083661.810636141,0.7102762062822843,0.4135000053793192,7087482.459974837,0.713873386346355
PAR,461,7419795,376.3914000010118,5.072800528869218e-05,0.14791461980533444,376.3914000010118,3678561.8004264985,0.8495457704312784,0.4087999986950308,3756245.035041926,0.8483577662450146
PAR,462,7435890,377.3366000095848,5.0745317643158354e-05,0.16633294752037192,377.3366000095848,4963956.265489067,0.7969727692354129,0.4659999976865947,5108633.391658168,0.7937609043820792
PAR,463,7451985,378.3455000084359,5.077110327093196e-05,0.16379014580408519,378.3455000084359,5616156.922658586,0.7702975758521518,1.770499991835095,5805107.970749053,0.7656437395162023
PAR,464,7468080,379.07570000970736,5.0759458925146406e-05,0.17272708582466353,379.07570000970736,3753448.825765064,0.8464828696800389,0.6891000084578991,3802354.6529410165,0.8464962887879858
PAR,465,7484175,379.76130000606645,5.0741905421247696e-05,0.20393124829891685,379.76130000606645,4861027.0048304815,0.8011826054302731,0.4577000072458759,4926013.383181132,0.8011334015848617
PAR,466,7500270,380.4976999963401,5.073120034296633e-05,0.2415327411285692,380.4976999963401,4558996.148266103,0.8135357538333001,0.41539999074302614,4554260.700722603,0.8161413168423896
PAR,467,7516365,381.1673000018345,5.0711653838236235e-05,0.27819621511725123,381.1673000018345,8629847.510731976,0.6470367689970056,0.4324999899836257,8862609.366484698,0.6422102741716915
PAR,468,7532460,381.8275000085123,5.0690942933452325e-05,0.14895721901203374,381.8275000085123,4789107.055761061,0.8041241519136315,0.44669999624602497,4843110.054917041,0.804480266809683
PAR,469,7548555,382.48890000977553,5.06704793181974e-05,0.1767817566975574,382.48890000977553,4619961.148373329,0.8110422678952016,0.4560000088531524,4748854.481269179,0.8082854301040047
PAR,470,7564650,383.1484999973327,5.064986483146381e-05,0.15329967095863348,383.1484999973327,3886858.471963851,0.8410263770003328,0.41319998854305595,3929058.148635891,0.8413811802334339
PAR,471,7580745,383.80809999944177,5.062933788162533e-05,0.16600713159315322,383.80809999944177,5156046.4780819025,0.7891162246097398,0.40249999437946826,5392870.930216078,0.7822860365654595
PAR,472,7596840,384.49550000950694,5.0612557327718754e-05,0.20878266519084032,384.49550000950694,4298503.938414197,0.8241899597072855,0.40330000047106296,4292748.2701911945,0.8266987561868746
PAR,473,7612935,385.198500007391,5.0597896869918234e-05,0.13475975546035018,385.198500007391,3250382.9354742314,0.8670584084509887,0.40940000326372683,3362095.9751617685,0.8642698388907193
PAR,474,7629030,385.86100000247825,5.057798960057547e-05,0.16901097313474459,385.86100000247825,4473916.852196583,0.8170155213720444,0.4000000044470653,4583456.078489053,0.8149626790648954
PAR,475,7645125,386.52749999891967,5.055868936072591e-05,0.1701215094549902,386.52749999891967,4599777.3597600525,0.8118677906212943,0.6510999955935404,4672181.866857818,0.8113807570618328
PAR,476,7661220,387.1932000038214,5.053936579341429e-05,0.16858923262735842,387.1932000038214,5166100.061905398,0.7887050301564094,1.1571000068215653,5407260.8220531205,0.7817051065884998
PAR,477,7677315,387.97350000822917,5.053505034093679e-05,0.21910421822009796,387.97350000822917,5874508.057230925,0.7597309405693683,0.47539999650325626,5745384.062992195,0.7680548353569522
PAR,478,7693410,388.7045000010403,5.052434486151658e-05,0.15213251334133582,388.7045000010403,3436593.965498074,0.8594423240736141,0.4301000008126721,3379368.1143973405,0.8635725505746017
PAR,479,7709505,389.3666000076337,5.050474706322049e-05,0.15477582253829678,389.3666000076337,4114759.79332815,0.8317051477852673,0.4588000010699034,4298854.35344927,0.8264522493439742
PAR,480,7725600,390.02930000424385,5.0485308584995835e-05,0.14250490558343323,390.02930000424385,3209530.007018423,0.868729304907243,0.42640000174287707,3270212.0033685956,0.8679792589628954
PAR,481,7741695,390.9170999977505,5.049502725149344e-05,0.31233245843616547,390.9170999977505,10682994.156322693,0.5630624840690913,0.44319999869912863,11118462.072622748,0.551139925941019
PAR,482,7757790,392.47040000918787,5.05904903341271e-05,0.15853881655852803,392.47040000918787,4514643.167554815,0.8153498034276876,0.45190000673756003,4541819.6748352805,0.8166435697407382
PAR,483,7773885,393.56820000102744,5.062696451015515e-05,0.1989930202081228,393.56820000102744,8217110.823510842,0.6639178175316265,0.4501999937929213,8335259.1340391785,0.6634997711222963
PAR,484,7789980,394.5282000058796,5.0645598577387825e-05,0.24957137057828901,394.5282000058796,5049026.474849386,0.7934933733456734,0.41390000842511654,5196226.641000486,0.7902247037699756
PAR,485,7806075,395.2545000065584,5.06342175813784e-05,0.3348902555915854,395.2545000065584,10442542.071588133,0.57289704309505,0.41569999302737415,10796013.381690662,0.5641574046486525
PAR,486,7822170,395.9132000018144,5.061424131689984e-05,0.21316951018714017,395.9132000018144,5482973.547316712,0.7757448139891053,2.0930000027874485,5633875.729870405,0.7725565045928876
PAR,487,7838265,396.5638000081526,5.059331369992627e-05,0.1544306506792683,396.5638000081526,3276153.1091788667,0.866004400977162,0.6931000098120421,3276251.828397606,0.8677354270109476
PAR,488,7854360,397.2673999960534,5.0579219694036615e-05,0.18070913210252207,397.2673999960534,5614733.370539518,0.7703557995409045,0.4636000085156411,5870357.133185136,0.7630095852876726
PAR,489,7870455,397.9445000004489,5.056181631182046e-05,0.30585884812296105,397.9445000004489,5861695.296548763,0.7602549861452397,0.4292000085115433,5950854.224458991,0.7597598615295926
PAR,490,7886550,398.6038000002736,5.054222695605476e-05,0.23613186317768947,398.6038000002736,8635192.569772616,0.6468181545537562,0.4258999979356304,9056149.815271575,0.6343969111716239
PAR,491,7902645,399.2661000083899,5.052309701478301e-05,0.23518824724819465,399.2661000083899,5029808.966917957,0.7942793749155583,0.40869999793358147,5037561.042442298,0.7966301447252319
PAR,492,7918740,399.91760000702925,5.0502680982963106e-05,0.14287528610332703,399.91760000702925,3424763.6857827334,0.8599261858969897,0.4104999970877543,3476205.5154191735,0.8596631571071933
PAR,493,7934835,400.5656000081217,5.048190668213286e-05,0.15142582389724354,400.5656000081217,4646014.397924424,0.8099766825383055,0.4393999988678843,4754858.530758278,0.8080430424355728
PAR,494,7950930,401.22559999872465,5.0462725743872055e-05,0.18998922087481449,401.22559999872465,4722842.312885375,0.8068343988464886,0.4091000009793788,4709114.19907892,0.8098897730329576
PAR,495,7967025,401.88030000717845,5.044295706454774e-05,0.20355128229665526,401.88030000717845,4919554.569361057,0.7987888113042751,0.41280000004917383,5051219.085622769,0.7960787599893354
PAR,496,7983120,402.6791000069352,5.0441318683288634e-05,0.16084843015640604,402.6791000069352,3933107.4073929754,0.8391347823158135,0.40609999268781394,4043262.7040889715,0.8367706626201422
PAR,497,7999215,403.35390000836924,5.0424185374236e-05,0.16188726174879522,403.35390000836924,4644348.4063236285,0.8100448220711894,0.42209999810438603,4894177.057493044,0.8024186562732154
PAR,498,8015310,404.0396000054898,5.040848077061146e-05,0.38044203702464235,404.0396000054898,13439954.469968759,0.45030201885329224,0.8715000003576279,13114091.272482866,0.47057498228310746
PAR,499,8031405,404.71940000134055,5.039210449495954e-05,0.2254069935886834,404.71940000134055,7001714.00688516,0.7136278948897106,0.7565000123577192,7192676.266754303,0.709626638946115
PAR,500,8047500,405.3849000047194,5.037401677598253e-05,0.14071136130006714,405.3849000047194,3699853.7332952046,0.8486749242882509,0.44639999396167696,3790908.482710944,0.8469583786690865
PAR,501,8063595,406.0763000015868,5.035921322953184e-05,0.1704689656886261,406.0763000015868,6505991.803255419,0.7339030747762015,0.4262000002199784,6772512.265350486,0.7265889529383907
PAR,502,8079690,406.83229999558534,5.0352464017256275e-05,0.18778048483565773,406.83229999558534,4157685.8588981302,0.8299494594282036,0.41090000013355166,4241543.750633711,0.8287659183798654
PAR,503,8095785,407.54780000133906,5.034073903906033e-05,0.19386894529614515,407.54780000133906,6678045.1346570905,0.7268660443210466,0.41619999683462083,6795762.305355805,0.7256503325958922
PAR,504,8111880,409.123899997212,5.043515190032545e-05,0.1758454626050298,409.123899997212,5697808.509804956,0.7669580025885612,0.3995000006398186,5787104.937005413,0.7663705345537422
PAR,505,8127975,409.99320000992157,5.044223192245566e-05,0.17951991316370566,409.99320000992157,4082448.8182523255,0.8330266759056005,0.41280000004917383,4080863.6917480095,0.835252684504546
PAR,506,8144070,410.88630000012927,5.045220632928367e-05,0.15097261197725367,410.88630000012927,4636146.57174556,0.8103802794508508,0.39960000140126795,4749469.311975734,0.8082606089592568
PAR,507,8160165,411.571400007233,5.043665171074764e-05,0.17530141152385817,411.571400007233,3905193.325793406,0.8402764762356205,0.4011999990325421,4023101.2444129693,0.8375845948190559
PAR,508,8176260,412.2635999956401,5.0422026696269455e-05,0.1664194834809999,412.2635999956401,3699435.944433213,0.8486920119721784,0.39709999691694975,3774661.761691516,0.8476142701361224
PAR,509,8192355,412.9654999997001,5.040864318009902e-05,0.24700690259773694,412.9654999997001,6643880.600993972,0.7282633835176489,0.3989999968325719,6581894.5346074,0.7342843237711045
PAR,510,8208450,413.6376999958884,5.039169392466159e-05,0.2693363095531377,413.6376999958884,6329682.939338728,0.7411141577281439,1.159199993708171,6490605.328019711,0.737969732756816
PAR,511,8224545,414.30119999859016,5.037375319833379e-05,0.1725662152478655,414.30119999859016,3490763.908006392,0.8572267579344437,0.6928000075276941,3556659.4946864224,0.85641517381091
PAR,512,8240640,414.9939000053564,5.035942596756519e-05,0.2283188690125451,414.9939000053564,5298877.665571452,0.7832743881970325,0.4462999932002276,5384879.153040798,0.7826086701879271
PAR,513,8256735,415.6500000099186,5.034072184827521e-05,0.2092473235890215,415.6500000099186,4437114.799906777,0.8185207358347097,0.42630000098142773,4454834.703894852,0.8201552137292065
PAR,514,8272830,416.3039999984903,5.032183666272489e-05,0.2680019559770702,416.3039999984903,6399552.052323174,0.7382564910271235,0.4061999934492633,6312014.500074848,0.7451795691293276
PAR,515,8288925,416.9620000029681,5.0303507391244115e-05,0.14140113503367685,416.9620000029681,3668262.445251372,0.849967017003172,0.4074000025866553,3753424.785952052,0.84847162166918
PAR,516,8305020,417.6746000011917,5.029182349966547e-05,0.18342455000634061,417.6746000011917,7889049.9884232925,0.6773355994998529,0.4062999942107126,8045095.920448985,0.6752138625758243
PAR,517,8321115,418.3389999961946,5.027439231355348e-05,0.22094239031771548,418.3389999961946,6173908.57642755,0.7474853737168606,0.4101999948034063,6395578.088971947,0.7418060487219194
PAR,518,8337210,419.0024999988964,5.025692048046006e-05,0.33022743168465885,419.0024999988964,11825547.751601867,0.5163317152945202,0.43369999912101775,12304844.605894232,0.5032448350311209
PAR,519,8353305,419.65609999897424,5.02383308162427e-05,0.19084621104473284,419.65609999897424,4782522.299836788,0.8043934703139286,0.41039999632630497,4855109.386592555,0.8039958454149478
PAR,520,8369400,420.3122000035364,5.0220111358464933e-05,0.1454073982258565,420.3122000035364,4088412.1304233386,0.8327827747325216,0.41849999979604036,4309657.616788552,0.8260161140627748
PAR,521,8385495,420.9792000037851,5.0203261704143294e-05,0.16444396207881956,420.9792000037851,4024270.888882229,0.8354061698535523,0.39929999911691993,4223497.546622351,0.8294944562312438
PAR,522,8401590,421.62950000783894,5.018448888934582e-05,0.2157409433499832,421.62950000783894,5206770.4633550625,0.7870415991069024,0.7010999979684129,5392214.18134771,0.7823125499756567
PAR,523,8417685,422.28220000106376,5.016607297624748e-05,0.26544001210482665,422.28220000106376,11432344.97719501,0.5324138212090677,0.5367999983718619,11895738.95398787,0.5197607157359531
PAR,524,8433780,422.9456000030041,5.0148996061434384e-05,0.24866405684508966,422.9456000030041,6374552.243150635,0.739278990371292,0.5546000029426068,6470443.375726143,0.7387836848430446
PAR,525,8449875,423.82769999676384,5.015786624024188e-05,0.14097290692813494,423.82769999676384,3301522.1582110412,0.8649667996171456,0.4324000037740916,3413738.818263891,0.8621849812703013
PAR,526,8465970,424.5435000048019,5.0147059345214065e-05,0.24419236414485038,424.5435000048019,7313552.9764603125,0.7008735918597889,0.41360000614076853,7404657.42751313,0.701068811532951
PAR,527,8482065,425.40039999585133,5.015292856112884e-05,0.19698430102930795,425.40039999585133,5381859.268676529,0.7798804169003958,0.400500008254312,5469202.6269605225,0.7792044726917899
PAR,528,8498160,426.2570999999298,5.015875201219202e-05,0.19889244597437106,426.2570999999298,5279850.99311221,0.7840525845415331,0.40240000816993415,5366389.768993508,0.7833550995266759
PAR,529,8514255,427.07320000045,5.015978497243153e-05,0.17872895591872826,427.07320000045,3888351.121138186,0.8409653272222605,0.4020000051241368,4033467.6499965806,0.8371660957903599
PAR,530,8530350,427.9728999972576,5.017061433554985e-05,0.20259257255856092,427.9728999972576,7469809.758953194,0.6944826447722265,0.4152000037720427,7830522.965995262,0.6838763225094069
PAR,531,8546445,428.65570000139996,5.015602393760212e-05,0.14525919126365938,428.65570000139996,3177685.0549215307,0.8700317725544727,0.41030001011677086,3307279.0059215133,0.8664828381987311
PAR,532,8562540,429.3210000032559,5.013944460443465e-05,0.17964707763889284,429.3210000032559,4813824.57982147,0.8031131981112721,0.40410000656265765,4822308.303956532,0.8053200480146467
PAR,533,8578635,429.9790000077337,5.0122076531724885e-05,0.35749239204671746,429.9790000077337,8587750.015569262,0.6487585685874719,0.4054000019095838,8497116.28470717,0.6569654849808072
PAR,534,8594730,430.6286000064574,5.010379616421428e-05,0.1749738068077068,430.6286000064574,4626024.259714952,0.8107942849075058,0.4234999942127615,4713780.956505959,0.809701372778441
PAR,535,8610825,431.2878000055207,5.0086699010317905e-05,0.19941931222019718,431.2878000055207,6105561.874199053,0.7502807733826102,2.278300002217293,6260625.505803087,0.7472541786952887
PAR,536,8626920,431.94219999713823,5.006910925302869e-05,0.17335468025981865,431.94219999713823,6582335.1995647345,0.7307806080357906,0.6666999979643151,6756996.82635759,0.7272153220396136
PAR,537,8643015,432.5898999959463,5.005080981531865e-05,0.18241530600251052,432.5898999959463,4654916.777929547,0.8096125726503478,0.43169999844394624,4601348.730950813,0.8142403401967464
PAR,538,8659110,433.2509000087157,5.003411436148931e-05,0.19840235014584204,433.2509000087157,5733143.529678051,0.7655127901712556,0.44579998939298093,5926199.023436737,0.760755209203084
PAR,539,8675205,433.9077000040561,5.0016996716971656e-05,0.14842979924479874,433.9077000040561,3959567.4327894645,0.8380525597105181,0.4107999993721023,4067696.7087720083,0.8357842447972501
PAR,540,8691300,434.55780000658706,4.999917158613637e-05,0.1601570320653133,434.55780000658706,3464554.71189118,0.858298721550407,0.4391000111354515,3533980.3048006487,0.8573307485356548
PAR,541,8707395,435.2322000049753,4.9984203083123636e-05,0.14219647883099815,435.2322000049753,3063795.2238528756,0.8746898992134186,0.4107999993721023,3119615.6336681987,0.8740589395172034
PAR,542,8723490,435.8887999987928,4.996724934616682e-05,0.18168533598956402,435.8887999987928,4355849.817449483,0.8218444968559628,0.40469999657943845,4441291.558304527,0.8207019599691954
PAR,543,8739585,436.54049999895506,4.9949797387284984e-05,0.15032770698997563,436.54049999895506,3512570.928298264,0.8563348445685128,0.41390000842511654,3632019.9987240303,0.8533728176646644
PAR,544,8755680,437.19720000808593,4.9932980648914295e-05,0.24347182170727508,437.19720000808593,5904545.343809957,0.7585024069587438,0.4002999921794981,6015008.7368616825,0.7571698990869273
PAR,545,8771775,437.86910000198986,4.9917958452193523e-05,0.14632244812838666,437.86910000198986,4734269.667668551,0.80636701676806,0.40639999497216195,4844892.5104894,0.804408307834153
PAR,546,8787870,438.55760000587907,4.9904880250376836e-05,0.2039272628484867,438.55760000587907,7400440.515914074,0.697319866649539,0.4437000025063753,7507200.058427769,0.6969290939527757
PAR,547,8803965,439.22010000096634,4.988889665065301e-05,0.17206496586873368,439.22010000096634,3667660.063071892,0.8499916546065716,0.6277000065892935,3697126.2128927684,0.850744434357459
PAR,548,8820060,439.86990000121295,4.987153148631789e-05,0.17253144380157373,439.86990000121295,3463594.2500963826,0.8583380047124703,0.7200999971246347,3496853.4920099536,0.8588295838808632
PAR,549,8836155,440.52270000975113,4.985456909818254e-05,0.1952273049175507,440.52270000975113,7316956.814395346,0.7007343739148755,0.6725999992340803,7653367.329272112,0.691028219210599
PAR,550,8852250,442.1432000090135,4.994698523076207e-05,0.2209186485101303,442.1432000090135,7123257.1288483,0.708656746444625,0.4349999944679439,7303467.551177779,0.7051539174665984
PAR,551,8868345,443.8235999987228,5.0045820274101064e-05,0.1346599008848062,443.8235999987228,3410422.9634765587,0.8605127255402232,0.40920000174082816,3530086.210189506,0.8574879558530097
PAR,552,8884440,445.4965000040829,5.0143453048710205e-05,0.21816037550770162,445.4965000040829,6564392.126454499,0.7315144848570481,0.4172000044491142,6784177.618729139,0.7261180144806016
PAR,553,8900535,446.7777000099886,5.0196724130626825e-05,0.32923671345508565,446.7777000099886,10096140.324223923,0.5870649736202076,0.40499999886378646,10476036.214666514,0.5770751062111099
PAR,554,8916630,447.51450000330806,5.018874844008421e-05,0.21379757558612103,447.51450000330806,4160404.163792543,0.8298382799806885,0.40869999793358147,4223988.97037953,0.8294746171111749
PAR,555,8932725,448.1969000044046,5.017471152469203e-05,0.16184057786034464,448.1969000044046,4767207.4000205835,0.8050198540959006,0.4096999909961596,4836125.229881598,0.8047622490714581
PAR,556,8948820,448.8553999981377,5.015805435779664e-05,0.2945959858729811,448.8553999981377,6805796.683329133,0.7216409694481889,0.41819999751169235,7071618.523821679,0.714513824521173
PAR,557,8964915,449.5182999962708,5.014194780388557e-05,0.18309264914234824,449.5182999962708,5070857.268873289,0.7926004876273041,0.4047999973408878,5249840.213016844,0.7880602864478097
PAR,558,8981010,450.1832999958424,5.012613280642627e-05,0.22270095049845373,450.1832999958424,7148903.333040534,0.7076078093593061,0.40290001197718084,7302906.404249616,0.7051765713597437
PAR,559,8997105,450.84140000108164,5.010960747941495e-05,0.1345800716812106,450.84140000108164,3371464.1790857916,0.8621061509625627,1.1653999972622842,3356580.9538014918,0.8644924841522709
PAR,560,9013200,451.502600000822,5.009348511081769e-05,0.16707031745158865,451.502600000822,3716236.8573198807,0.84800484983068,0.5858999938936904,3718447.749230411,0.8498836690540335
PAR,561,9029295,452.173199999379,5.0078461275147064e-05,0.1685531974874003,452.173199999379,4933743.067615823,0.7982084976682746,0.4771999956574291,4982896.407971811,0.7988369941722653
PAR,562,9045390,452.8298000077484,5.006194315643089e-05,0.15164153962542537,452.8298000077484,4324615.498418006,0.8231219894361987,0.41799999598879367,4523653.415277307,0.8173769543183269
PAR,563,9061485,453.5204999992857,5.004924689488375e-05,0.2086316478993474,453.5204999992857,8712247.293800829,0.6436665943062294,0.41540000529494137,8741313.279346162,0.6471070818686956
PAR,564,9077580,454.1795999975875,5.0033114552291196e-05,0.15610503729179026,454.1795999975875,4030615.4937337087,0.8351466737008068,0.41039999632630497,4204659.626436095,0.8302549562171853
PAR,565,9093675,454.8670000076527,5.002015136978754e-05,0.15145100278696827,454.8670000076527,4304784.354083571,0.8239330889104438,0.40660001104697585,4463445.300143253,0.819807597948849
PAR,566,9109770,455.5177000002004,5.000320534988264e-05,0.19640665781550243,455.5177000002004,7046562.826795916,0.7117935653302732,0.40469999657943845,7348019.65695588,0.7033553178609674
PAR,567,9125865,456.1766999977408,4.9987228607670704e-05,0.16018187427163105,456.1766999977408,4880837.145058815,0.8003723650299741,0.46689998998772353,5083425.986363971,0.7947785449274428
PAR,568,9141960,456.8312000046717,4.997081588681986e-05,0.16541281095344584,456.8312000046717,5061483.576192898,0.7929838743384581,0.415000002249144,4988382.923338166,0.7986154997175842
PAR,569,9158055,457.5018000032287,4.995621886997061e-05,0.2397636921421731,457.5018000032287,7939697.684337766,0.6752640942536017,0.4123999970033765,7952823.2788113635,0.678938973520895
PAR,570,9174150,458.4037000022363,4.9966885215767816e-05,0.16311713636729372,458.4037000022363,4427309.347474781,0.8189217816431715,0.4015000013168901,4548467.200376453,0.8163752044949667
PAR,571,9190245,459.3029999959981,4.997723129209266e-05,0.18685956874894427,459.3029999959981,5073915.157195359,0.7924754191204896,0.4284000024199486,5335402.193439584,0.7846060895797239
PAR,572,9206340,461.1823000013828,5.00939895768984e-05,0.21282569578003194,461.1823000013828,7240180.719853187,0.7038745381367453,1.1436999920988455,7479268.616530382,0.6980567057570652
PAR,573,9222435,462.3026000044774,5.012804102218963e-05,0.2308458298136548,462.3026000044774,6079814.326931254,0.7513338554287001,0.6429000059142709,6299735.0711286375,0.745675298246376
PAR,574,9238530,462.9975999996532,5.011593835812117e-05,0.24226910506976163,462.9975999996532,6701632.459711055,0.7259013159812455,0.4457000031834468,6856727.0925792735,0.7231891415849971
PAR,575,9254625,463.6651000037091,5.010090630400574e-05,0.35134565497734305,463.6651000037091,16180299.405732844,0.3382211273442436,0.4352999967522919,16335647.810528394,0.34051849634042497
PAR,576,9270720,464.3276999995578,5.00853978978502e-05,0.22317049043848325,464.3276999995578,5679379.753735064,0.7677117439817556,0.40589999116491526,5590339.171350726,0.7743141058468896
PAR,577,9286815,465.0073000084376,5.007177380064506e-05,0.32425910635280314,465.0073000084376,6760172.690543774,0.7235070037998679,0.44269999489188194,7031715.104424051,0.7161247534130499
PAR,578,9302910,465.6659000029322,5.005593948591701e-05,0.21311162009907733,465.6659000029322,6183566.221694682,0.7470903732637091,0.43420000292826444,6391598.335720483,0.7419667141383701
PAR,579,9319005,466.3291000033496,5.004065348214209e-05,0.15589453527297206,466.3291000033496,4462838.519630551,0.8174686283419843,0.41739999142009765,4593738.281988687,0.814547579333099
PAR,580,9335100,466.9856999971671,5.0024713178987594e-05,0.28298783059768473,466.9856999971671,9057127.065038433,0.6295609130398783,0.4034999874420464,9043950.189109575,0.6348894185945749
PAR,581,9351195,467.6694000081625,5.001172577495844e-05,0.40245043659405927,467.6694000081625,16073793.705167897,0.3425772409540021,0.41700000292621553,16576124.463013815,0.3308102860376848
PAR,582,9367290,468.35950000968296,4.999946622872602e-05,0.24268783454099874,468.35950000968296,8125838.378078695,0.6676508866503117,0.4015000013168901,8112909.144432543,0.6724761953930232
PAR,583,9383385,469.0093999961391,4.998296456941062e-05,0.2061262849783265,469.0093999961391,8484037.980164224,0.6530004204933064,0.417799994465895,8585186.541747497,0.653410027235005
PAR,584,9399480,469.6678000036627,4.9967423730213024e-05,0.21102799430784105,469.6678000036627,4936045.1046655625,0.7981143436946437,2.966000000014901,5027369.138850082,0.7970415989867405
PAR,585,9415575,470.3241999959573,4.995172360646666e-05,0.1881524235980272,470.3241999959573,6060347.92921541,0.7521300366619408,0.5529999907594174,6165935.276326275,0.7510768893487952
PAR,586,9431670,470.9779999975581,4.9935801400765514e-05,0.2290687330290138,470.9779999975581,4747703.160906782,0.805817583053139,0.42460000258870423,4845969.760592872,0.8043648184956036
PAR,587,9447765,471.6374999989057,4.992053676175325e-05,0.19150605184267028,471.6374999989057,4106628.136343251,0.8320377348812998,0.41530000453349203,4123704.489632686,0.8335231715929887
PAR,588,9463860,472.29869999864604,4.9905503673833514e-05,0.27801295987675617,472.29869999864604,7448698.190174612,0.6953461139723907,0.4901999927824363,7723034.088700663,0.6882157235081989
PAR,589,9479955,472.95530000701547,4.989003639859213e-05,0.1396316162551061,472.95530000701547,2915944.1169074746,0.8807370517673797,0.4327000060584396,2982848.2973835357,0.8795803323404737
PAR,590,9496050,473.61100000853185,4.98745267778215e-05,0.16294640304166327,473.61100000853185,3543380.339719741,0.8550747308310335,0.40770000487100333,3694902.7536873417,0.8508341969574567
PAR,591,9512145,474.2746999982046,4.9859910671904665e-05,0.26862873012588756,474.2746999982046,10043495.474537103,0.5892181630268593,0.41140000394079834,10096527.37629554,0.5923961428962716
PAR,592,9528240,475.95590000855736,4.9952131769199493e-05,0.1542796663499097,475.95590000855736,3373106.6813073726,0.8620389721520058,0.4419999895617366,3472523.4352309257,0.8598118052543194
PAR,593,9544335,476.9403000100283,4.9971035175319004e-05,0.23458813016507946,476.9403000100283,5711659.663414504,0.766391486445018,0.41370000690221786,5806361.550656993,0.7655931316203763
PAR,594,9560430,478.32940000807866,5.003220566523458e-05,0.1831797170259434,478.32940000807866,3894236.7113330294,0.8407246049002325,0.4121000092709437,3918893.558066353,0.8417915318491538
PAR,595,9576525,479.03600000427105,5.0021902517277514e-05,0.29252691510783957,479.03600000427105,8775159.242042163,0.6410934776326914,0.41030001011677086,8952896.876772758,0.638565304364735
PAR,596,9592620,479.70290000375826,5.000749534577188e-05,0.20969841770941733,479.70290000375826,4563815.381167778,0.813338645829501,3.3485000021755695,4528743.750552126,0.817171453930457
PAR,597,9608715,480.35640000307467,4.999174187215196e-05,0.149703080694151,480.35640000307467,3537517.0085611464,0.8553145427521137,0.7535999902756885,3507203.2181359124,0.8584117582135141
PAR,598,9624810,481.02239999570884,4.997733981197643e-05,0.4043832011284813,481.02239999570884,22313890.65731575,0.0873554911764991,0.4422000056365505,23126536.920736,0.06636556322572129
PAR,599,9640905,481.6890000074636,4.9963048075617756e-05,0.16547750221315777,481.6890000074636,5253633.91206458,0.7851248706534872,0.4177000082563609,5343912.995761571,0.7842625025498274
PAR,600,9657000,482.34190000221133,4.994738531657982e-05,0.24345969338960952,482.34190000221133,6471791.2324905265,0.7353018879005715,0.41649999911896884,6634206.828289462,0.7321724399635281
PAR,601,9673095,483.00030000973493,4.993234326859552e-05,0.151645791622637,483.00030000973493,3616810.6520105433,0.8520714100600131,0.40019999141804874,3679273.8934296747,0.8514651449543013
PAR,602,9689190,483.70430000068154,4.9922057468238475e-05,0.16159931633309274,483.70430000068154,4337446.9264651025,0.8225971803597634,0.4123999970033765,4492585.276555335,0.8186311967626985
PAR,603,9705285,484.36299999593757,4.990713822375516e-05,0.20079921754454275,484.36299999593757,6195872.26509315,0.7465870525696431,0.42660000326577574,6396982.027738328,0.7417493707340344
PAR,604,9721380,485.0434999971185,4.989451086133023e-05,0.16705997718043022,485.0434999971185,3990809.6079898644,0.8367747458107265,0.4195000074105337,4023908.9014118244,0.8375519891423038
PAR,605,9737475,485.6949000095483,4.987893678900827e-05,0.37709567871617056,485.6949000095483,15570701.471946908,0.3631538571583284,0.4096000047866255,15879374.292939752,0.3589385767039025
PAR,606,9753570,486.34600000514183,4.986338335657014e-05,0.13424449467573144,486.34600000514183,3495685.109249289,0.8570254793963294,0.4095999902347103,3588367.740646775,0.855135089790559
PAR,607,9769665,487.00380000809673,4.9848566968068686e-05,0.26061055119812204,487.00380000809673,10613624.347929329,0.5658997290695542,1.039800001308322,10679986.307942886,0.568841498597537
PAR,608,9785760,487.6767999958247,4.983535259354661e-05,0.2790707633372038,487.6767999958247,9237472.721963784,0.6221847240995095,0.8788999984972179,9490512.970716681,0.6168613674203294
PAR,609,9801855,488.3507000049576,4.982227343752357e-05,0.16469785255124333,488.3507000049576,5081531.623968491,0.7921639034514434,0.4481000069063157,5156033.110024981,0.7918473446687363
PAR,610,9817950,489.0447000070708,4.981128443382486e-05,0.2095703364581111,489.0447000070708,9064837.933399212,0.6292455363189021,0.43739999819081277,9510486.730477244,0.6160550127980082
PAR,611,9834045,489.70469999767374,4.979687402260959e-05,0.1749801956106564,489.70469999767374,3625857.366603774,0.8517013968461274,0.4158000083407387,3629893.135615749,0.8534586806128007
PAR,612,9850140,490.35550000553485,4.9781576709116304e-05,0.14973660103563266,490.35550000553485,4022611.1798822572,0.8354740524262659,0.41680000140331686,4134735.0074172625,0.8330778618912194
PAR,613,9866235,491.8675000080839,4.985361690736982e-05,0.22080433025792817,491.8675000080839,8565013.842524378,0.6496884845667039,0.40800000715535134,8926862.75630199,0.6396163199787869
PAR,614,9882330,493.33300000580493,4.9920717078442526e-05,0.15287729825273844,493.33300000580493,3515662.3038478843,0.8562084064245153,0.4008999967481941,3615747.074915408,0.8540297669565886
PAR,615,9898425,494.1490000055637,4.9921982538188016e-05,0.16312415894155285,494.1490000055637,5049781.81378766,0.7934624797670993,0.40010000520851463,5132938.932001874,0.7927796727542282
PAR,616,9914520,495.200899997144,4.994703727433542e-05,0.28584047423038017,495.200899997144,7739617.068934441,0.6834474486391804,0.4061999934492633,7720518.136814357,0.6883172942418705
PAR,617,9930615,495.896399996127,4.993612178058731e-05,0.15356449327551458,495.896399996127,3130120.6989533827,0.8719771683151992,0.39870000910013914,3217398.3795661917,0.870111381817336
PAR,618,9946710,496.5700000029756,4.99230398798171e-05,0.18743175086374184,496.5700000029756,6443070.7478976725,0.736476563933405,0.4050999996252358,6752391.28603645,0.7274012509168382
PAR,619,9962805,497.2410000045784,4.990973927569378e-05,0.19322821746895236,497.2410000045784,7110946.364869707,0.709160260211768,1.4414000033866614,7192215.818830721,0.709645227550162
PAR,620,9978900,497.9336999967927,4.9898656164185706e-05,0.25165622225752243,497.9336999967927,4778343.259611886,0.8045643942541765,0.6773000059183687,4845410.421839112,0.8043873993914862
PAR,621,9994995,498.63630000618286,4.988859924454018e-05,0.34488958419955223,498.63630000618286,8719288.956108972,0.6433785883041738,0.4425000079208985,8831894.076377306,0.64345027187122
PAR,622,10011090,499.29390000761487,4.987407964643359e-05,0.24263067236939262,499.29390000761487,5193223.446800692,0.7875956759579169,0.4256999964127317,5302052.425927371,0.785952442970832
PAR,623,10027185,499.95769999804907,4.9860224978201664e-05,0.29753620838195816,499.95769999804907,6893382.694182282,0.7180586765579674,0.42449998727533966,6892960.810327401,0.7217263611099975
PAR,624,10043280,500.61400000413414,4.9845667949527857e-05,0.195372455876967,500.61400000413414,4564649.90079088,0.8133045137382746,0.46300000394694507,4678871.53919435,0.8111106903205161
PAR,625,10059375,501.26499999896623,4.983063063052786e-05,0.16105788349281386,501.26499999896623,4023808.889861212,0.8354250657456264,0.4160999960731715,4064309.685686732,0.8359209812831927
PAR,626,10075470,501.918800000567,4.981591925742094e-05,0.2112645249810063,501.918800000567,5029017.9667097,0.7943117270502725,0.4045999958179891,4937292.529471834,0.8006780545767684
PAR,627,10091565,502.5859000015771,4.980257274283791e-05,0.19164936658894235,502.5859000015771,5722623.264294926,0.7659430720338284,0.63340000633616,6048153.902399233,0.7558318056203395
PAR,628,10107660,503.259999997681,4.978996127666354e-05,0.3138682232918525,503.259999997681,8962171.055664213,0.6334446409771559,0.42549999488983303,9005427.194092505,0.6364446187907346
PAR,629,10123755,503.91400000080466,4.977540448191453e-05,0.1641430355140237,503.91400000080466,4691502.499623328,0.8081162061709223,0.4206000012345612,4791356.306109851,0.8065696017708217
PAR,630,10139850,504.6083000052022,4.97648683171055e-05,0.16277350799062443,504.6083000052022,5517886.687076002,0.7743168565890964,0.40419999277219176,5745375.4588109655,0.7680551827137537
PAR,631,10155945,505.2607999969041,4.975024973027169e-05,0.15039503688741165,505.2607999969041,3953210.8645727388,0.8383125451683232,0.9934999980032444,3977609.654519921,0.8394211220541249
PAR,632,10172040,505.9084999957122,4.9735205523740785e-05,0.28452179573458314,505.9084999957122,13263979.935419451,0.45749942763850293,0.7983000105014071,13502303.1487288,0.45490259788460397
PAR,633,10188135,506.5710000053514,4.972166152150039e-05,0.17716538514356525,506.5710000053514,3802208.6684951275,0.8444885781688856,0.4456999886315316,3888788.7205800563,0.8430068851503002
PAR,634,10204230,507.237099998747,4.9708513038097634e-05,0.18581516738530143,507.237099998747,3861371.7711675223,0.842068790351147,0.4234999942127615,3816735.2587144747,0.8459157336958942
PAR,635,10220325,508.06410000950564,4.9711149108223624e-05,0.16394293403464463,508.06410000950564,3382827.2119946806,0.8616413996671862,0.4101000085938722,3477677.456941104,0.859603733800604
PAR,636,10236420,511.7012999980943,4.998830645851717e-05,0.15906811550018948,511.7012999980943,4798565.817178182,0.8037372858668188,0.4074000025866553,4954519.203342016,0.7999826017291845
PAR,637,10252515,512.6220000092871,4.999963423699328e-05,0.18192663302181658,512.6220000092871,3729794.7401663032,0.8474503285452133,0.40159998752642423,3689218.5051487805,0.8510636740383086
PAR,638,10268610,513.660800002981,5.002242757325295e-05,0.19818071282834684,513.660800002981,5601721.473396627,0.7708879898549652,0.4081000079168007,5832720.117061427,0.7645290178975338
PAR,639,10284705,514.4717000075616,5.0022990451117616e-05,0.22817589079630393,514.4717000075616,5033357.32494116,0.7941342460577114,0.4206000012345612,5160634.791907766,0.7916615715593609
PAR,640,10300800,515.1699999987613,5.001262037887944e-05,0.15936643502823428,515.1699999987613,4494140.166247156,0.8161883820442635,0.4067999980179593,4582832.389241036,0.814987857835145
PAR,641,10316895,515.859699997236,5.0001449079130495e-05,0.20451810775471063,515.859699997236,7021923.113239169,0.7128013366607819,0.41619999683462083,7359117.9385147905,0.7029072724883321
PAR,642,10332990,516.5468000050168,4.999006096057548e-05,0.1661252047614868,516.5468000050168,4692147.180569725,0.8080898385358599,0.42209999810438603,4887958.913579293,0.8026696870829987
PAR,643,10349085,517.2457000007853,4.997984846010882e-05,0.22755852434956453,517.2457000007853,7250385.025004803,0.703457179137994,0.6201999931363389,7361071.059872091,0.7028284236159469
PAR,644,10365180,517.9332999978215,4.996857748710794e-05,0.18319358343682968,517.9332999978215,5063609.594312782,0.792896919589393,0.49479999870527536,5120461.683878667,0.7932833879695209
PAR,645,10381275,518.617900001118,4.995705248161887e-05,0.31418240413474546,518.617900001118,9832133.745405924,0.5978629181898845,0.48519999836571515,9715307.0922458,0.6077862718379976
PAR,646,10397370,519.2858000082197,4.994395698221951e-05,0.19017066148032102,519.2858000082197,4839388.128186232,0.8020676416729333,0.4167999868514016,5047676.061345981,0.7962217943522611
PAR,647,10413465,519.9524000054225,4.993077712417745e-05,0.18225532670513186,519.9524000054225,4490468.5332744755,0.816338552882796,0.40780000563245267,4648307.355818416,0.81234458773583
PAR,648,10429560,520.6284000014421,4.991853922902232e-05,0.22097218028853177,520.6284000014421,7117124.5219968865,0.7089075718185442,0.43080000614281744,7252878.686208238,0.7071962252541746
PAR,649,10445655,521.2958000047365,4.990551573881547e-05,0.17919948388489346,521.2958000047365,5871210.288974403,0.7598658202340985,0.40600000647827983,6044053.672464878,0.7559973347645657
PAR,650,10461750,521.9777000020258,4.989391832169817e-05,0.1802562186332655,521.9777000020258,6558902.732318156,0.7317390026469861,0.4025999951409176,6554366.144552855,0.7353956640911865
PAR,651,10477845,522.6571000093827,4.988211793640607e-05,0.18140826857186187,522.6571000093827,4169036.9481193945,0.8294851966330664,0.4059999919263646,4306462.841784352,0.8261450893595038
PAR,652,10493940,523.3618000056595,4.9872764662811056e-05,0.21478809167151272,523.3618000056595,6024619.524194774,0.7535913386442741,0.3991999983554706,6096105.99855395,0.753895946030164
PAR,653,10510035,524.0984999982174,4.986648474512382e-05,0.17780780374248986,524.0984999982174,6036630.430420879,0.7531000891449559,0.4036999889649451,6285902.895596481,0.7462337128268466
PAR,654,10526130,527.2920999996131,5.009363365259721e-05,0.21564018425772746,527.2920999996131,6235544.218261076,0.744964458340378,0.40780000563245267,6505050.708593686,0.7373865626608177
PAR,655,10542225,528.8146000093548,5.0161574051906e-05,0.216378727668999,528.8146000093548,7470259.1665906925,0.6944642638713391,1.1171999940415844,7834126.37357712,0.6837308504303106
PAR,656,10558320,529.7785000002477,5.017640116990655e-05,0.17667029019773983,529.7785000002477,4246635.1058094995,0.8263114097933664,0.6528000085381791,4379752.414789557,0.8231863381444531
PAR,657,10574415,530.6014000088908,5.0177849082799456e-05,0.1601397105061769,530.6014000088908,5709958.667802858,0.7664610576519555,0.5583000020124018,5740705.47144364,0.7682437133632142
PAR,658,10590510,531.2844000000041,5.016608265324371e-05,0.20801657827599587,531.2844000000041,6097764.9433700405,0.7505996700831479,0.44299999717622995,6302339.750360624,0.7455701455278316
PAR,659,10606605,531.9592000014381,5.0153578831439295e-05,0.23016802551264542,531.9592000014381,4435140.85280969,0.8186014708354558,0.4322000022511929,4576621.094241502,0.8152386121494812
PAR,660,10622700,532.6163999998244,5.013945607047402e-05,0.21347748280019704,532.6163999998244,5464879.868122614,0.7764848506422604,0.4259999986970797,5500600.314036431,0.77793692615036
PAR,661,10638795,533.2735999982106,5.01253760410094e-05,0.18520638857294908,533.2735999982106,4104097.275972015,0.8321412477942149,0.4158999945502728,4198415.3521601865,0.8305070419279268
PAR,662,10654890,533.9278000028571,5.011105698912491e-05,0.28788516913154627,533.9278000028571,10954701.160334012,0.5519495899069737,0.4191999905742705,11097376.981757097,0.5519911457757118
PAR,663,10670985,534.6141000045463,5.009978928885631e-05,0.2558080667658685,534.6141000045463,11254185.72734875,0.5397005854746708,0.4786999925272539,11363736.417010171,0.5412380294676216
PAR,664,10687080,535.2863000007346,5.008723617683545e-05,0.1472867807815627,535.2863000007346,3890961.9740801053,0.8408585425903295,0.41849999979604036,3881278.151825439,0.8433100920529638
PAR,665,10703175,535.936500004027,5.0072665354348316e-05,0.16072151309117996,535.936500004027,3680034.9253086224,0.8494855192023409,0.39850000757724047,3814964.2358206036,0.8459872311262142
PAR,666,10719270,536.588800008758,5.005833419708226e-05,0.19207793111750418,536.588800008758,5571099.959347829,0.7721404185361704,1.8138000014005229,5796337.592846444,0.7659978057934607
PAR,667,10735365,537.2518000076525,5.004504271700613e-05,0.2605412793824925,537.2518000076525,6316270.1562432945,0.7416627443923023,0.8963000000221655,6072661.976559031,0.7548423975609733
PAR,668,10751460,537.9458999959752,5.0034683661193476e-05,0.20885093961750492,537.9458999959752,6683871.779554693,0.726627732878532,0.46189999557100236,6842189.039625723,0.7237760529296401
PAR,669,10767555,538.6040000012144,5.0021012198332345e-05,0.25088158003613426,538.6040000012144,7410987.7746256925,0.6968884807521118,0.4262000002199784,7612153.5737149725,0.6926920472877911
PAR,670,10783650,539.2684999969788,5.0007975036001615e-05,0.16673682140481982,539.2684999969788,5527528.699554595,0.7739224955214665,0.41029999556485564,5685681.223186584,0.7704650806698057
PAR,671,10799745,539.9285000021337,4.999456005693964e-05,0.24014129012360383,539.9285000021337,9874966.457091697,0.5961110480333807,0.4273999948054552,10314742.992742723,0.5835866261555986
PAR,672,10815840,540.5763000017032,4.998005702762829e-05,0.17582275855250737,540.5763000017032,4700551.863714503,0.8077460845918131,0.40270001045428216,4636104.430551107,0.8128372283459651
PAR,673,10831935,541.25500000373,4.996844977409207e-05,0.2530406521457111,541.25500000373,7402500.58530088,0.6972356092225158,0.4793000116478652,7538744.183112607,0.6956556356228665
PAR,674,10848030,542.1663000015542,4.997831864417357e-05,0.1834068749471738,542.1663000015542,5531612.052212571,0.773755485230069,0.42770001164171845,5776175.89134796,0.7668117477549166
PAR,675,10864125,542.9983000067296,4.998085902055891e-05,0.3675749990756789,542.9983000067296,10999586.944375494,0.5501137485040194,0.4217000096105039,11213807.435061064,0.547290767112603
PAR,676,10880220,544.9848999996902,5.008951105765235e-05,0.20459148018544923,544.9848999996902,5712207.597644913,0.7663690757783055,0.4057000041939318,5673011.281248853,0.7709765750688824
PAR,677,10896315,545.7097000034992,5.008204149783658e-05,0.20461121051168896,545.7097000034992,5171355.157394754,0.7884900952481337,0.4675999953178689,5298408.574541748,0.7860995477945142
PAR,678,10912410,546.431599999778,5.0074328218952365e-05,0.3352869157800589,546.431599999778,10452095.377165914,0.5725063101650303,1.3595000054920092,10772505.94205983,0.5651064163936863
PAR,679,10928505,547.3675999965053,5.008622862839019e-05,0.19128652369107804,547.3675999965053,4182870.758270507,0.8289193898419329,0.6680000078631565,4245397.890647976,0.8286103240574728
PAR,680,10944600,548.1227999989642,5.008157447498896e-05,0.17967653507663015,548.1227999989642,6931429.143384523,0.7165025659057322,0.4436999879544601,6921299.103728684,0.7205823244265317
PAR,681,10960695,548.8332999957493,5.007285578111144e-05,0.2177722167948368,548.8332999957493,7370445.890338928,0.6985466554129052,0.4158000083407387,7674177.967766795,0.6901880792096775
PAR,682,10976790,549.5057000080124,5.00606916965718e-05,0.15614423790097026,549.5057000080124,3278593.2671234156,0.865904597819436,0.42070000199601054,3261041.6776067666,0.868349471414376
PAR,683,10992885,550.1684000046225,5.004768084125528e-05,0.18972070031560262,550.1684000046225,5092818.243809691,0.7917022774723866,0.43450000521261245,5137411.554602899,0.7925991098581351
PAR,684,11008980,550.8410000038566,5.003560729548574e-05,0.28481141745242256,550.8410000038566,8341601.66491492,0.658826106518469,0.41149999015033245,8470305.895003095,0.6580478391256086
PAR,685,11025075,551.505299998098,5.002281617114605e-05,0.2049360871588813,551.505299998098,9037850.003122512,0.6303493503847591,0.4130000015720725,9236897.592012001,0.6270999972707819
PAR,686,11041170,552.157600002829,5.000897549832391e-05,0.22245478629676113,552.157600002829,7494940.603908952,0.693454786027053,0.39879999530967325,7651950.088642711,0.6910854342039782
PAR,687,11057265,552.8106999990996,4.9995247468438135e-05,0.2080603630876781,552.8106999990996,6232660.342645343,0.7450824096777422,0.4015000013168901,6464434.004192898,0.7390262873661131
PAR,688,11073360,553.4802000038326,4.998304037833436e-05,0.2214217767625934,553.4802000038326,4534897.675186407,0.8145213882735228,0.3986000083386898,4635517.154403343,0.8128609370939427
PAR,689,11089455,554.1634999972302,4.997211314687965e-05,0.15837835395396468,554.1634999972302,4226377.553251414,0.8271399494858955,0.40079999598674476,4241257.55368657,0.828777472350374
PAR,690,11105550,554.8493999958737,4.9961451706207586e-05,0.1902829095582899,554.8493999958737,6265974.075174241,0.743719868490827,0.6199000054039061,6594277.969285637,0.7337843958700629
PAR,691,11121645,555.5357999983244,4.9950866081260855e-05,0.16491539751587853,555.5357999983244,3613226.906056038,0.8522179862943697,1.0180999961448833,3720748.194003195,0.849790798492949
PAR,692,11137740,556.1904000060167,4.9937455893746555e-05,0.33860241029025,556.1904000060167,16637221.275828548,0.3195328921947408,0.47230000200215727,16853256.18405204,0.31962228503387613
PAR,693,11153835,556.8453000014415,4.992411130355089e-05,0.1671336384806085,556.8453000014415,4471257.998669841,0.8171242692416208,0.44329999946057796,4614026.657598269,0.8137285234493651
PAR,694,11169930,557.5481999985641,4.9915102422178485e-05,0.160833854517631,557.5481999985641,3836289.8189235795,0.8430946493704259,0.4647999885492027,3734015.892852429,0.8492551722301476
PAR,695,11186025,558.5221000073943,4.9930346124507526e-05,0.14785353671047616,558.5221000073943,3399146.8085794565,0.8609739235000737,0.4253999941283837,3527429.219173762,0.8575952204347758
PAR,696,11202120,560.878500007675,5.0068960161797505e-05,0.26073942868769245,560.878500007675,6749882.3631671695,0.7239278811322203,0.46859998838044703,6856468.3377821455,0.7231995876967565
PAR,697,11218215,562.1032000053674,5.010629587731804e-05,0.15597304674945225,562.1032000053674,4491941.815037259,0.8162782952373946,0.44430000707507133,4684679.919590531,0.8108762019499336
PAR,698,11234310,563.0913000059081,5.012246413049917e-05,0.16953315085967943,563.0913000059081,4633240.6284266105,0.8104991333635871,0.42640000174287707,4810990.764434372,0.8057769449842906
PAR,699,11250405,564.184100003331,5.014789245394552e-05,0.19924758489691352,564.184100003331,5626274.714757417,0.769883755261999,0.4044999950565398,5782447.953296684,0.766558540236429
PAR,700,11266500,564.8755000001984,5.0137620379017293e-05,0.3077267129358309,564.8755000001984,7840133.612334381,0.6793362932701459,0.4082999948877841,8061655.507101372,0.6745453405048196
PAR,701,11282595,565.5547000060324,5.012629630027776e-05,0.17865968646659647,565.5547000060324,5640107.800578996,0.7693179780961505,0.4006000090157613,5921635.5823558085,0.760939438504598
PAR,702,11298690,566.2183000094956,5.0113623792625125e-05,0.17792405693398888,566.2183000094956,4201206.902123146,0.8281694363149077,2.3594000085722655,4097747.8078588266,0.8345710609527976
PAR,703,11314785,566.8722999980673,5.01001388889022e-05,0.1520104360596819,566.8722999980673,3271939.546550218,0.8661767368935953,0.6556000007549301,3305635.16056664,0.8665492013830376
PAR,704,11330880,567.5794999988284,5.00913874296461e-05,0.18788351650583182,567.5794999988284,5713911.508868213,0.7662993853220177,0.4592000041157007,5750451.621759911,0.767850254472571
PAR,705,11346975,568.243400004576,5.007884480265233e-05,0.13857469272955747,568.243400004576,3566085.1380984383,0.8541460980846205,0.42440000106580555,3672276.151672875,0.8517476486731328
PAR,706,11363070,568.905200008885,5.006615289784231e-05,0.42387995618038765,568.905200008885,12117219.140264612,0.5044022720910909,0.42969999776687473,12422878.013996337,0.49847974396402095
PAR,707,11379165,569.5714000030421,5.005388356729532e-05,0.1892115157703729,569.5714000030421,6750122.514938998,0.7239180588560781,0.4011999990325421,6997675.936627147,0.7174989383748214
PAR,708,11395260,570.2296000090428,5.00409468506241e-05,0.13440907471271477,570.2296000090428,3384169.768589101,0.8615864887185534,0.41140000394079834,3511180.303305354,0.858251200509397
PAR,709,11411355,570.886800007429,5.0027958994127254e-05,0.21020059584405346,570.886800007429,4423108.933346754,0.8190935797821695,0.4322000022511929,4421514.945411174,0.8215003556348877
PAR,710,11427450,571.555200003786,5.001598781913603e-05,0.25900332201409143,571.555200003786,9124898.339610731,0.626789048529818,0.40469999657943845,9347651.097819792,0.6226288009403482
PAR,711,11443545,572.2171000088565,5.0003482313291596e-05,0.16430997243336945,572.2171000088565,3700559.392415302,0.8486460626284467,0.41480000072624534,3780784.5185954035,0.8473670901665032
PAR,712,11459640,572.8738000034355,4.999055816792111e-05,0.18525240371989754,572.8738000034355,4622790.741905094,0.8109265367105943,0.40270001045428216,4785374.152798234,0.806811105475286
PAR,713,11475735,573.5788000019966,4.998187915649817e-05,0.19294487020547973,573.5788000019966,4448122.183115585,0.8180705307137691,0.4217000096105039,4518316.15958743,0.817592423055692
PAR,714,11491830,574.2424000054598,4.9969621897074686e-05,0.15216367993596686,574.2424000054598,3618599.6255175346,0.8519982405319975,1.6764000029070303,3725236.6391973277,0.8496095968277287
PAR,715,11507925,575.8704000036232,5.004120204151689e-05,0.24466102587124045,575.8704000036232,9514536.09937151,0.6108527527337562,1.0546999983489513,9883194.541918695,0.6010085383168027
PAR,716,11524020,578.4630999987712,5.019629434856684e-05,0.21202256310320586,578.4630999987712,5329677.377122223,0.7820146711870388,0.4619999963324517,5527920.602221482,0.7768339870479952
PAR,717,11540115,579.4150000001537,5.0208771749688255e-05,0.17491940917121904,579.4150000001537,5431431.047132819,0.7778529169858565,0.42209999810438603,5687224.754717146,0.7704027672246012
PAR,718,11556210,580.353199999081,5.022002888482305e-05,0.17964588047926755,580.353199999081,5347369.336057775,0.7812910650073354,0.4250000056345016,5391346.725891263,0.7823475697578784
PAR,719,11572305,581.0430999990785,5.020979830717204e-05,0.17647512248967942,581.0430999990785,6266865.748638658,0.7436833987911471,0.40950000402517617,6415661.296785755,0.7409952756052989
PAR,720,11588400,581.7334000021219,5.019963066533101e-05,0.17796045598694113,581.7334000021219,5535847.065486259,0.7735822719761195,0.41039999632630497,5632611.528802383,0.7726075412723592
PAR,721,11604495,582.3953000071924,5.018704390041897e-05,0.1557758935418202,582.3953000071924,4945989.1530858055,0.7977076292706293,0.40419999277219176,5216360.965376592,0.789411867042058
PAR,722,11620590,583.0848000041442,5.017686709574507e-05,0.1381756208335413,583.0848000041442,3066653.0954187587,0.8745730114491294,0.4042999935336411,3187303.034619613,0.8713263518980287
PAR,723,11636685,583.742999995593,5.0164028672735664e-05,0.2259354020552722,583.742999995593,5791720.628354942,0.7631169700845084,0.40129999979399145,5987437.984547236,0.7582829496010085
PAR,724,11652780,584.4071000028634,5.015173203328849e-05,0.16227957002362156,584.4071000028634,3263645.107565871,0.8665159818199548,0.40580000495538116,3318009.4416382764,0.8660496430194831
PAR,725,11668875,585.0805000081891,5.014026630743659e-05,0.18892713138757616,585.0805000081891,4304435.790187391,0.8239473452734738,0.4067999980179593,4566705.464437121,0.8156389130453483
PAR,726,11684970,585.7400000095367,5.0127642604947786e-05,0.22430160243473088,585.7400000095367,4339103.108802927,0.8225294420285401,1.7687999934423715,4278473.494871133,0.8272750388296977
PAR,727,11701065,586.3991000078386,5.0115019445481125e-05,0.1783121414800146,586.3991000078386,3972771.7356460104,0.8375124999477479,0.5728999967686832,4047612.754426637,0.8365950480518709
PAR,728,11717160,587.0510000095237,5.010181648193963e-05,0.23573947564580036,587.0510000095237,6602572.392737631,0.7299529010479379,0.4793000116478652,6905572.145233761,0.7212172327176825
PAR,729,11733255,587.7294000092661,5.0090908278160335e-05,0.13311985831499354,587.7294000092661,3590421.1614744365,0.8531507477693484,0.4158999945502728,3629679.9165929565,0.8534672884135681
PAR,730,11749350,588.4343000070658,5.0082285403623667e-05,0.3522994114054325,588.4343000070658,10532221.769086288,0.5692291178223317,0.44559998787008226,10460000.769636048,0.5777224683190103
PAR,731,11765445,589.0982999990229,5.007020983898381e-05,0.1835065522740767,589.0982999990229,7238524.6103020655,0.7039422734909715,0.42209999810438603,7441514.383854366,0.699580870480955
PAR,732,11781540,589.7543000028236,5.0057488240316935e-05,0.2725070507263035,589.7543000028236,5507690.405621608,0.7747338874163368,0.4047999973408878,5552087.423152567,0.7758583556196517
PAR,733,11797635,590.404500006116,5.004430972869698e-05,0.25463605484778745,590.404500006116,4881831.973076788,0.8003316762795554,0.4054000019095838,4990244.117532961,0.7985403620089103
PAR,734,11813730,591.0583000077168,5.003147185585897e-05,0.16835788551272346,591.0583000077168,3601621.05429321,0.8526926689503096,0.4337999998824671,3549188.820078319,0.8567167701590346
PAR,735,11829825,592.3973000026308,5.00765903132659e-05,0.1402345011340356,592.3973000026308,4423622.704213296,0.8190725664068086,0.40559998888056725,4494582.159527993,0.8185505812033576
PAR,736,11845920,594.921500000055,5.022163749206942e-05,0.17843244301155523,594.921500000055,5132853.3415255295,0.7900648305272663,0.4061999934492633,5340336.886229018,0.7844068725876205
PAR,737,11862015,596.1084000009578,5.025355304313456e-05,0.21498765814452503,596.1084000009578,5907476.822423494,0.7583825086451568,0.39939999987836927,5986097.869851978,0.758337050966596
PAR,738,11878110,597.0956000091974,5.0268569663793094e-05,0.30409787851693926,597.0956000091974,6406009.759517819,0.7379923689561996,1.939699999638833,6477309.21192132,0.7385065062437999
PAR,739,11894205,597.8706000023521,5.026570502209707e-05,0.18230087287601293,597.8706000023521,6777607.282350217,0.7227939240093424,0.5183000030228868,6931932.87554171,0.7201530316365445
PAR,740,11910300,598.5909000009997,5.0258255459644146e-05,0.1613676910383038,598.5909000009997,3626553.7184551936,0.8516729158562737,0.5271999980323017,3748824.7350457013,0.8486573289348983
PAR,741,11926395,599.2590000096243,5.024644915832691e-05,0.18167093076972196,599.2590000096243,7356949.883205259,0.6990986459640262,0.4327000060584396,7411270.721122341,0.7008018282541651
PAR,742,11942490,599.9169999995502,5.0233828958579844e-05,0.15420873286332756,599.9169999995502,3766439.174369128,0.8459515607073782,0.4212000058032572,3856506.08121221,0.8443101578334127
PAR,743,11958585,600.5773000069894,5.0221435061672376e-05,0.23367498213755267,600.5773000069894,4732685.812882639,0.8064317968817272,0.4098000063095242,4702991.23381875,0.8101369614140654
PAR,744,11974680,601.2506999977631,5.021016845525418e-05,0.13961110414818692,601.2506999977631,3528402.9012813554,0.8556873123461515,0.411600005463697,3530108.8676800383,0.8574870411543031
PAR,745,11990775,601.9009000010556,5.019699727507651e-05,0.2572614798664695,601.9009000010556,7301531.494676944,0.7013652739024234,0.4028000112157315,7415373.382569381,0.7006362009480747
PAR,746,12006870,602.5582000002032,5.018445273415996e-05,0.19150411854144203,602.5582000002032,4971202.10306397,0.7966764124065604,0.41790000977925956,5037348.648926116,0.7966387191997212
PAR,747,12022965,603.2175000000279,5.017210812807223e-05,0.2784364781602165,603.2175000000279,8797109.874233488,0.6401956904990053,0.4208000027574599,9185553.36104909,0.6291727997107222
PAR,748,12039060,603.9143000089098,5.016291139083199e-05,0.2320012564246249,603.9143000089098,7173293.7337837955,0.7066102349941631,0.41799999598879367,7460183.024777363,0.6988272044170206
PAR,749,12055155,604.6031000005314,5.0153075593016546e-05,0.19628908495814568,604.6031000005314,6304693.356170899,0.7421362388257956,0.40269999590236694,6432556.117141146,0.7403132199157259
PAR,750,12071250,605.2656999963801,5.014109557803708e-05,0.23662876742780534,605.2656999963801,4498399.740992898,0.8160141642190832,0.6698000070173293,4424986.763961997,0.8213601958968175
PAR,751,12087345,605.9154999966267,5.012808850881867e-05,0.23043899981560206,605.9154999966267,4517011.693844889,0.8152529300251136,0.6649999995715916,4545127.390676256,0.8165100349436009
PAR,752,12103440,606.5717000019504,5.011564480857924e-05,0.18939816833367046,606.5717000019504,3761939.1216272474,0.8461356141513682,0.49020000733435154,3778562.388016547,0.847456799128919
PAR,753,12119535,607.2459999995772,5.010472761533979e-05,0.2565537047846651,607.2459999995772,6790933.8261072505,0.7222488645587859,0.4256999964127317,6973690.586699379,0.7184672436921025
PAR,754,12135630,608.0989000038244,5.01085563752211e-05,0.19091615360655384,608.0989000038244,7594635.465768569,0.6893772376679879,0.41819999751169235,7700244.271953771,0.6891357643165397
PAR,755,12151725,609.1140000062296,5.012572289170711e-05,0.14199479223377287,609.1140000062296,3769849.3340391396,0.8458120842016965,0.4351999959908426,3900379.7943425793,0.8425389454124582
PAR,756,12167820,610.1063000096474,5.0140970199234324e-05,0.1856772801058931,610.1063000096474,5763985.17583749,0.7642513580237758,0.41120000241789967,6045547.220611591,0.7559370391834533
PAR,757,12183915,611.564000006183,5.0194375125416015e-05,0.16779898769692894,611.564000006183,5103458.094587444,0.7912671045329767,0.4059999919263646,5266258.928853826,0.7873974514299444
PAR,758,12200010,612.4205000087386,5.0198360493863415e-05,0.27556770963326704,612.4205000087386,9594451.844137402,0.6075841759199132,0.43509999522939324,9874487.810426055,0.6013600351440681
PAR,759,12216105,613.4220999956597,5.021421312240355e-05,0.17803958589961355,613.4220999956597,6605833.195564972,0.7298195332798318,0.40160000207833946,6957371.975601511,0.719126037411781
PAR,760,12232200,614.0838999999687,5.020224489461983e-05,0.3713205994536845,614.0838999999687,11704189.908832645,0.5212952857675917,0.4123000107938424,12049491.55870576,0.5135536157710787
PAR,761,12248295,614.8592000099597,5.019957471713081e-05,0.16901850202468063,614.8592000099597,3846861.6422733255,0.8426622587722746,0.4031999997096136,4080199.832212225,0.8352794849773498
PAR,762,12264390,615.5242999957409,5.018792618269159e-05,0.13545683539823988,615.5242999957409,3454753.251102029,0.8586996040995349,1.2241000076755881,3567597.890045141,0.8559735831557699
PAR,763,12280485,616.1748000013176,5.0175119305248745e-05,0.3495708149762419,616.1748000013176,11277032.814175468,0.5387661330900446,0.698000003467314,11494401.482756408,0.5359629895650981
PAR,764,12296580,616.8472999997903,5.016413506843287e-05,0.15421303393614427,616.8472999997903,3745015.2573650065,0.8468278050392869,0.44180000259075314,3866673.488228409,0.8438996925157752
PAR,765,12312675,617.5189000059618,5.015310645379349e-05,0.20033890120158385,617.5189000059618,6143472.513565606,0.7487302173914914,0.42949999624397606,6162694.374174931,0.7512077268306492
PAR,766,12328770,618.2097999990219,5.0143672077508294e-05,0.19463161652692776,618.2097999990219,6849361.166776665,0.7198591696173697,0.41540000529494137,7143628.931605077,0.7116067140989265
PAR,767,12344865,618.9085000078194,5.013489414487881e-05,0.18905554271026848,618.9085000078194,5113176.538065527,0.7908696174156112,0.4309000069042668,5339521.235205143,0.7844398009887421
PAR,768,12360960,619.5689000014681,5.012304060537921e-05,0.260800081261077,619.5689000014681,8224934.111288772,0.6635978428243412,0.40920000174082816,8305472.18263586,0.6647022911404026
PAR,769,12377055,620.2306000050157,5.0111322928193804e-05,0.1844474807038617,620.2306000050157,3533003.1127108186,0.8554991623831977,0.42630000098142773,3582865.812167641,0.8553572064833607
PAR,770,12393150,620.9016000066185,5.010038610092015e-05,0.1470897110551773,620.9016000066185,3745556.478892282,0.8468056689240522,0.43870000808965415,3870788.9145534746,0.8437335498826496
PAR,771,12409245,621.5575000096578,5.008826080955431e-05,0.171114273049347,621.5575000096578,4186487.2868742095,0.8287714727878494,0.4621999978553504,4203000.362385857,0.8303219418649852
PAR,772,12425340,622.2145000065211,5.007625545912797e-05,0.2849996825155351,622.2145000065211,5796133.785354725,0.7629364707012193,0.4047999973408878,5801595.479721786,0.7657855412305341
PAR,773,12441435,622.8771000023698,5.006473127917879e-05,0.20059807418184336,622.8771000023698,4077121.0914120935,0.833244581456897,0.4226000019116327,4161880.524114735,0.8319819784357908
PAR,774,12457530,623.551700002281,5.005420015061421e-05,0.149880341122176,623.551700002281,4085185.1605694094,0.8329147587223401,1.1544000008143485,4141062.923258988,0.8328223995120878
PAR,775,12473625,624.2057000054047,5.004204471478056e-05,0.26271156667299883,624.2057000054047,6743612.528366745,0.7241843191684962,0.9200999920722097,6992629.307624259,0.7177026743099884
PAR,776,12489720,625.589500006754,5.0088352661769354e-05,0.3197007679266255,625.589500006754,6388143.151153341,0.7387231183474893,0.4554000042844564,6366779.7148008915,0.7429686591871768
PAR,777,12505815,627.6528000016697,5.0188876134955595e-05,0.16606866325139402,627.6528000016697,3517527.804151873,0.8561321069286189,0.4163999983575195,3663649.6461541667,0.8520959067218364
PAR,778,12521910,629.346900008386,5.0259656874101954e-05,0.2804867313112602,629.346900008386,6412962.74740613,0.7377079897632728,0.4213999927742407,6465897.131530879,0.7389672198942816
PAR,779,12538005,630.9579000080703,5.0323628041946885e-05,0.1490674761758671,630.9579000080703,4706922.010699047,0.8074855437585211,0.4006999952252954,4900810.263944916,0.8021508690990731
PAR,780,12554100,631.6717000008794,5.0315968488452327e-05,0.1579877879864723,631.6717000008794,3296567.9646554114,0.8651694275502853,0.40609999268781394,3328634.184198886,0.8656207147467181
PAR,781,12570195,632.3437999963062,5.0305011178928104e-05,0.17736581358886735,632.3437999963062,5683499.018327981,0.7675432648819495,0.4656999954022467,5943283.177840828,0.7600655099658182
PAR,782,12586290,633.0076000012923,5.029342244627228e-05,0.16214140483631448,633.0076000012923,4153328.5677230023,0.8301276738832889,0.4098000063095242,4259180.6760302605,0.8280539033918247
PAR,783,12602385,633.7180999980774,5.0285568961595554e-05,0.17487005406941514,633.7180999980774,6191836.73857216,0.7467521067583613,0.3995999868493527,6473228.700564948,0.7386712393352703
PAR,784,12618480,634.3894000019645,5.027462895705065e-05,0.18575356690477351,634.3894000019645,5466649.26507706,0.7764124818008421,0.4054000019095838,5623336.501892833,0.77298198058225
PAR,785,12634575,635.0689000100829,5.0264365838192644e-05,0.22179925458480795,635.0689000100829,6329463.816437052,0.7411231199174835,0.4360000020824373,6549161.917259791,0.7356057623793244
PAR,786,12650670,635.7497999997577,5.025423949875838e-05,0.22467351325914175,635.7497999997577,8651223.977027068,0.6461624654126654,1.6463000065414235,8687138.093037792,0.6492941719518116
PAR,787,12666765,636.4037000021199,5.024200733195255e-05,0.16026349512584273,636.4037000021199,4604492.211558999,0.8116749518344458,0.48160000005736947,4789017.785726103,0.8066640094708958
PAR,788,12682860,637.0650000026217,5.023038967572154e-05,0.14491754858122005,637.0650000026217,3054249.0448479275,0.8750803406645715,0.43790000199805945,3224936.1289641187,0.8698070776131313
PAR,789,12698955,637.8054000088014,5.0225030327991665e-05,0.22325219785194042,637.8054000088014,10385571.923224326,0.5752271384544643,0.43670000741258264,10630005.942848196,0.5708592408204598
PAR,790,12715050,638.4691999992356,5.021366019002958e-05,0.15513730866651307,638.4691999992356,3877977.7949660593,0.8413895992290843,0.41900000360328704,3998193.1055026287,0.8385901537716286
PAR,791,12731145,639.1336000087904,5.020236593085621e-05,0.23543128051796441,639.1336000087904,6280309.204721434,0.7431335575930353,0.4054000019095838,6465656.752124288,0.7389769241786998
PAR,792,12747240,639.8027999966871,5.019147674294099e-05,0.1560146380852799,639.8027999966871,3656634.405109995,0.8504426071701395,0.4067999980179593,3849924.8279364654,0.8445758476215737
PAR,793,12763335,640.4619000095408,5.0179823691029095e-05,0.15739526463164535,640.4619000095408,4383030.658662911,0.8207327926776282,0.4020000051241368,4582972.601778246,0.8149821973571558
PAR,794,12779430,641.1188000056427,5.016802783892887e-05,0.21941329406014667,641.1188000056427,5210790.773116391,0.7868771672880056,0.4019999905722216,5266525.674804589,0.7873866827097354
PAR,795,12795525,642.0691999956034,5.017919936818563e-05,0.1700161413910446,642.0691999956034,4070585.456190092,0.8335118908064243,0.40269999590236694,4159795.7699380177,0.8320661414169697
PAR,796,12811620,642.919100006111,5.0182498388658964e-05,0.16338278177659346,642.919100006111,4082096.9217689983,0.8330410685723979,1.187499990919605,4197533.042628223,0.8305426613795446
PAR,797,12827715,644.544800001313,5.024626755437839e-05,0.2162458587873543,644.544800001313,7626125.777592487,0.6880892749093367,0.6519000016851351,7944074.008939231,0.6792921876522304
PAR,798,12843810,645.6329000066034,5.026802015964137e-05,0.1932712385575545,645.6329000066034,5612832.173548489,0.7704335590415089,0.4604999994626269,5720482.261129679,0.7690601384784813
PAR,799,12859905,646.641900006216,5.028356741408401e-05,0.26337345530407463,646.641900006216,5371566.004762642,0.7803014143379627,0.46400001156143844,5404877.536918642,0.7818013214728047
PAR,800,12876000,647.3789000010584,5.027795122717135e-05,0.1536298240651696,647.3789000010584,5161386.011188084,0.78889783617879,0.6192000000737607,5416502.6886129705,0.7813320059850709
PAR,801,12892095,648.0639000074007,5.0268315584658714e-05,0.13891665513616785,648.0639000074007,2993646.8187214155,0.877558989043119,0.47980000090319663,3056313.2667316,0.8766145002526431
PAR,802,12908190,648.7677999975858,5.026016815661885e-05,0.17844817907996902,648.7677999975858,5659638.369081865,0.76851917225937,0.4302000015741214,5828081.798608268,0.7647162700508258
PAR,803,12924285,649.4367999985116,5.0249340679079076e-05,0.3340008281394844,649.4367999985116,10378823.254240213,0.5755031609457818,0.4665000014938414,10717024.739890598,0.5673462312486457
PAR,804,12940380,650.0959999975748,5.023778281608228e-05,0.20901015117717284,650.0959999975748,5264445.275877903,0.784682682781876,0.4140000091865659,5396550.445245728,0.7821374919755762
PAR,805,12956475,650.7639000046765,5.022692514782582e-05,0.13402089757995253,650.7639000046765,3797658.4979110076,0.8446746814469549,0.40689999877940863,3814977.483052532,0.8459866963262154
PAR,806,12972570,651.4287000027252,5.021585545522015e-05,0.22643967638862889,651.4287000027252,6471264.776677187,0.7353234200938837,0.4037999897263944,6714818.298837047,0.7289180986343358
PAR,807,12988665,652.0879000017885,5.020438205171883e-05,0.18149502205872736,652.0879000017885,4256259.352876139,0.8259177753361656,2.950299996882677,4173981.839977418,0.8314934398682393
PAR,808,13004760,652.7506999991601,5.019321386931863e-05,0.18038781634769163,652.7506999991601,4106697.4154764526,0.8320349013449406,1.0967999987769872,4313742.759912754,0.8258511939836043
PAR,809,13020855,653.4150000079535,5.018218849744917e-05,0.2415469203592201,653.4150000079535,6862318.066911253,0.7193292286966756,0.4788000078406185,6991963.956194391,0.7177295350115975
PAR,810,13036950,654.0810000005877,5.0171320746078465e-05,0.1558311567076744,654.0810000005877,3760571.6423049932,0.8461915444466964,0.5169999931240454,3789475.5294709946,0.8470162279915203
PAR,811,13053045,654.7624000086216,5.016165959809543e-05,0.19840869086878038,654.7624000086216,4408469.235764237,0.8196923475997011,0.45140000293031335,4446550.909548342,0.8204896362886915
PAR,812,13069140,655.4242999991402,5.015053018019091e-05,0.4320145918575948,655.4242999991402,14228393.662470298,0.41805463041581903,0.4349000082584098,14473473.938511323,0.41569575526748714
PAR,813,13085235,656.081200009794,5.013904603240171e-05,0.1894458872991418,656.081200009794,5800347.240699744,0.7627641391727171,0.4216000088490546,5953295.019483697,0.7596613249308799
PAR,814,13101330,656.743200001074,5.0127979373168525e-05,0.22172642234921705,656.743200001074,4472001.75991855,0.8170938491938607,0.4459999909158796,4463337.203929541,0.819811961868443
PAR,815,13117425,657.4297000042861,5.011880761691309e-05,0.1961787671268627,657.4297000042861,7549057.401136853,0.6912413935450492,0.4230999911669642,7883432.228825758,0.6817403386406504
PAR,816,13133520,658.3972000080394,5.0131053975479486e-05,0.13772304699765175,658.3972000080394,3547198.2268337565,0.8549185781562971,0.4371999966679141,3643467.3698737207,0.8529106793016005
PAR,817,13149615,659.3945000058739,5.014553658079525e-05,0.2167692005391519,659.3945000058739,4955443.877953151,0.7973209283198567,1.132400007918477,4946847.347437274,0.8002923199066698
PAR,818,13165710,661.2091999995755,5.0222069299686494e-05,0.20100339386988864,661.2091999995755,6555673.742241974,0.7318710692644725,0.7209000032162294,6725713.280239743,0.7284782606309013
PAR,819,13181805,662.7238000073703,5.027564889689768e-05,0.1823542788117432,662.7238000073703,5251383.263541627,0.7852169228216774,0.4403000057209283,5443528.787656178,0.7802409435036932
PAR,820,13197900,663.6488000076497,5.028442403773704e-05,0.1549163126899826,663.6488000076497,3462646.919380208,0.8583767508096631,0.41620001138653606,3438189.8555721175,0.8611978758284422
PAR,821,13213995,664.3484000087483,5.027612012935893e-05,0.15672202679640596,664.3484000087483,3644092.8948695683,0.8509555585253764,0.41280000004917383,3703639.346855514,0.8504814945935079
PAR,822,13230090,665.019799998845,5.0265704919531534e-05,0.14875737235976794,665.019799998845,4640101.276284573,0.8102185309043074,0.4022999928565696,4643784.06023666,0.8125271963355226
PAR,823,13246185,665.6808999978239,5.0254537438351035e-05,0.448393392578917,665.6808999978239,23947447.437179957,0.020542551743828796,0.4059999919263646,24862424.054796692,-0.0037134119475703553
PAR,824,13262280,666.3482000003569,5.0243864554236294e-05,0.30249448312644933,666.3482000003569,9255377.445517546,0.6214524157860786,0.3966999938711524,9392374.811330551,0.6208232734107755
PAR,825,13278375,667.0048000087263,5.023241172272407e-05,0.16620072346961734,667.0048000087263,3645382.2905238834,0.8509028218743959,0.4023000074084848,3759131.196222406,0.8482412499037477
PAR,826,13294470,667.6927000080468,5.022334098373585e-05,0.17324932994674788,667.6927000080468,5550442.099479028,0.7729853309121807,0.40129999979399145,5719591.58926672,0.769096095523238
PAR,827,13310565,668.361800009734,5.021287976954652e-05,0.21136407993054435,668.361800009734,5323632.548329017,0.7822619064132762,0.42209999810438603,5411834.008148417,0.7815204838739542
PAR,828,13326660,669.0226000064285,5.02018210118986e-05,0.20904514392174725,669.0226000064285,8795135.751095187,0.6402764326998872,0.5818000063300133,8870482.442789046,0.6418924325862312
PAR,829,13342755,669.6789999987232,5.019045916669557e-05,0.1465778738884707,669.6789999987232,4836400.101108974,0.8021898528348574,0.4695000097854063,4949717.680296886,0.8001764425657638
PAR,830,13358850,670.3483000019332,5.01800903522334e-05,0.29135229340351626,670.3483000019332,6423310.629619926,0.7372847584216207,0.4509000136749819,6447029.173765091,0.7397289325182737
PAR,831,13374945,671.0080000048038,5.016902873281376e-05,0.15578477411987424,671.0080000048038,3348361.447178047,0.8630510593041079,0.4107999993721023,3432946.498593093,0.8614095538093132
PAR,832,13391040,671.6613000025973,5.0157515771933864e-05,0.16739530291868085,671.6613000025973,4159428.558703772,0.8298781825078059,0.411900007748045,4235430.730239095,0.8290127052798096
PAR,833,13407135,672.329200009699,5.014711942631285e-05,0.20124998967718735,672.329200009699,7549218.894549667,0.6912347884182841,0.43400000140536577,7673056.668216995,0.6902333468551196
PAR,834,13423230,672.9841000051238,5.013577954077549e-05,0.2560038345077741,672.9841000051238,5484053.869237133,0.7757006285136283,0.404200007324107,5554391.363842606,0.7757653439259478
PAR,835,13439325,673.6486000008881,5.0125181138255686e-05,0.16983534288014657,673.6486000008881,3835555.656549984,0.8431246768214489,0.4039999912492931,4033699.2809174806,0.8371567446884152
PAR,836,13455420,674.3281000090064,5.011572288408734e-05,0.17668794526017917,674.3281000090064,5499533.931730496,0.7750674895309302,0.4275999963283539,5560876.212638561,0.7755035460539218
PAR,837,13471515,676.0018000059063,5.018008739224254e-05,0.15076490448835184,676.0018000059063,3982766.946889397,0.8371036929496363,0.40800000715535134,4008218.4704518975,0.8381854227913721
PAR,838,13487610,678.893500007689,5.033460338842011e-05,0.28684225575605204,678.893500007689,5927419.922259766,0.7575668301588716,0.41870000131893903,6163553.38714403,0.7511730478775343
PAR,839,13503705,680.0914000050398,5.0363318808063396e-05,0.29045318183292235,680.0914000050398,11740689.044682642,0.5198024606739371,0.40469999657943845,11726702.880135255,0.5265848200169714
PAR,840,13519800,680.9386999957496,5.036603352089155e-05,0.2262752520247129,680.9386999957496,4394773.248192071,0.8202525174079436,1.8466000037733465,4614361.36049772,0.8137150112597067
PAR,841,13535895,681.6171999962535,5.035627123261916e-05,0.15944996074343015,681.6171999962535,5334396.43678575,0.7818216602973258,0.549100004718639,5524909.770983997,0.7769555364064775
PAR,842,13551990,682.2915000084322,5.0346222215957375e-05,0.16363665666227725,682.2915000084322,4100331.1073028403,0.8322952851697677,0.5635000125039369,4270991.844613443,0.8275770782724564
PAR,843,13568085,682.9515999997966,5.0335150465212784e-05,0.2334205664894606,682.9515999997966,9406330.136902,0.6152784075416228,0.47989998711273074,9816121.299805457,0.6037163319150248
PAR,844,13584180,683.6237999959849,5.032499569322439e-05,0.2090959959199995,683.6237999959849,5506016.9911898915,0.774802330545128,0.4979000077582896,5720586.782318514,0.769055918885137
PAR,845,13600275,684.290700010024,5.0314475259509386e-05,0.2307525421481204,684.290700010024,5165554.531392715,0.7887273425103795,0.4574000049615279,5333389.000327437,0.7846873635907796
PAR,846,13616370,684.9630000069737,5.0304376277008756e-05,0.18389162136371853,684.9630000069737,6299578.181692778,0.7423454509246996,0.4398000019136816,6448890.63521116,0.7396537840204793
PAR,847,13632465,685.6201000045985,5.029318615559244e-05,0.24671182910468145,685.6201000045985,8210376.786294318,0.6641932415794656,2.1256000036373734,8293581.383588481,0.6651823309971889
PAR,848,13648560,686.2774000037462,5.028203707964402e-05,0.2522535935388471,686.2774000037462,9842787.899087027,0.5974271602576373,1.1214999976800755,9909537.459376242,0.5999450563528681
PAR,849,13664655,686.9284999993397,5.027046054213148e-05,0.18106763851243518,686.9284999993397,3922990.4478980377,0.839548568852229,0.5507000023499131,4047744.959459399,0.8365897108424252
PAR,850,13680750,687.6260999997612,5.0262310180345467e-05,0.20556571471449106,687.6260999997612,6490589.125472531,0.7345330487021122,0.43590000132098794,6665401.256982987,0.7309130991048601
PAR,851,13696845,688.2944999961182,5.025204709523385e-05,0.18987969610638608,688.2944999961182,7698665.515383872,0.6851223788900134,0.4631999909179285,7956633.435430693,0.6787851548388544
PAR,852,13712940,688.952500000596,5.024104969471142e-05,0.16793723199283014,688.952500000596,4532359.617647101,0.8146251955526701,0.42630000098142773,4658528.195697678,0.8119319652962169
PAR,853,13729035,689.6005000016885,5.0229349695859065e-05,0.18804206706619042,689.6005000016885,4366646.831110191,0.8214028959096972,0.43709999590646476,4458317.371381035,0.8200146160120437
PAR,854,13745130,690.2607000083663,5.021856468497324e-05,0.13644437251478345,690.2607000083663,3219899.861591964,0.8683051748897941,0.43250000453554094,3265101.744098925,0.8681855636963436
PAR,855,13761225,690.9164999960922,5.020748516182914e-05,0.18327756003552073,690.9164999960922,7661377.482769486,0.6866474700869265,0.4197999951429665,8012909.023272661,0.6765132700798413
PAR,856,13777320,691.7656000005081,5.021046183151064e-05,0.22327303937015208,691.7656000005081,5963420.8490467975,0.7560943819583616,0.44249999336898327,5971504.674829238,0.7589261884350587
PAR,857,13793415,693.4500000061234,5.027398943670755e-05,0.3244031368449127,693.4500000061234,9697958.4180379,0.6033507274483687,2.4148999946191907,9824685.648735853,0.6033705831711738
PAR,858,13809510,695.4838000092423,5.036267036333963e-05,0.19950755098392642,695.4838000092423,6044126.8268865505,0.7527934843858205,0.6427000043913722,6331208.805707656,0.7444046816141678
PAR,859,13825605,696.7232000024524,5.039368620776106e-05,0.2415689548359314,696.7232000024524,5915787.360140206,0.7580426052760398,0.4645000008167699,6122322.511821346,0.7528375670916102
PAR,860,13841700,697.7365000057034,5.0408295224264607e-05,0.26542588454303345,697.7365000057034,6372072.520121623,0.7393804117522869,0.43400000140536577,6520318.7078749845,0.7367701828734539
PAR,861,13857795,698.4401000081562,5.0400521872935496e-05,0.17265823036360642,698.4401000081562,4551402.065452219,0.813846353992012,0.4259999986970797,4626363.8814970115,0.8132304611097446
PAR,862,13873890,699.1172999987612,5.0390863701439264e-05,0.1582308599685522,699.1172999987612,2980071.025997324,0.878114242847704,0.44800000614486635,2993932.017993959,0.8791328748034917
PAR,863,13889985,699.7818000090774,5.038031358630534e-05,0.1638823359977327,699.7818000090774,4753052.172272422,0.8055988069586668,0.4239999980200082,4934982.392280037,0.8007713164275734
PAR,864,13906080,700.4526000091573,5.037024093124427e-05,0.18073036318765426,700.4526000091573,3948976.753588029,0.8384857215183954,0.42100000428035855,4133129.446402292,0.8331426795100032
PAR,865,13922175,701.1286000051768,5.036056507012567e-05,0.25113575682435746,701.1286000051768,6829029.41682323,0.7206907440045863,0.4310999938752502,7141499.632495159,0.711692675390149
PAR,866,13938270,701.7907999979798,5.034992147504531e-05,0.16670179456048842,701.7907999979798,4869462.250076899,0.8008376014875296,0.44049999269191176,4907094.124698751,0.8018971852545882
PAR,867,13954365,702.4536000099033,5.033934543133301e-05,0.16675916974263713,702.4536000099033,5611574.508246557,0.7704849979120032,0.41849999979604036,5862153.98764901,0.7633407519983932
PAR,868,13970460,703.3269000094151,5.034386126222151e-05,0.25700690386725694,703.3269000094151,6199514.395662166,0.746438088387857,0.549400007002987,6092790.09470645,0.7540298113828394
PAR,869,13986555,704.0063000022201,5.033450338573152e-05,0.14070787191626907,704.0063000022201,3223929.603170204,0.8681403573068884,0.9795999940251932,3296233.509367819,0.8669287526038643
PAR,870,14002650,704.7061000048416,5.032662388939533e-05,0.20782275201636402,704.7061000048416,7063229.695222876,0.7111118856455088,0.4619999963324517,7397913.867407048,0.7013410537611355
PAR,871,14018745,705.3879000013694,5.031747849050464e-05,0.22931046485530282,705.3879000013694,5374412.57274187,0.7801849888936002,0.44079999497625977,5493834.813620287,0.7782100541241752
PAR,872,14034840,706.0444000089774,5.0306551411272046e-05,0.23639493295460415,706.0444000089774,5632339.029705611,0.7696357230464503,0.42180001037195325,5880618.8684023805,0.7625953118747222
PAR,873,14050935,706.6894000017783,5.029483091351417e-05,0.18382554160667178,706.6894000017783,5911737.101789309,0.7582082620008141,0.42719999328255653,5906460.677510093,0.7615520600046216
PAR,874,14067030,707.4078000005102,5.028835511124311e-05,0.19922327610073684,707.4078000005102,6996246.720699662,0.7138515084581369,0.414699999964796,7137270.335139359,0.7118634150762624
PAR,875,14083125,708.644500002265,5.0318697022306126e-05,0.20136826928059673,708.644500002265,5394619.717804195,0.7793585108820624,0.4192999913357198,5670633.095628151,0.7710725840822569
PAR,876,14099220,709.992100004456,5.035683534298039e-05,0.22585236542710643,709.992100004456,5733231.00903287,0.7655092122406277,0.4278999986127019,5838188.133639237,0.7643082702518575
PAR,877,14115315,711.5569000015967,5.04102742306209e-05,0.19702987474334002,711.5569000015967,5347054.631256302,0.7813039365237094,0.41039999632630497,5321622.168517981,0.7851623988036476
PAR,878,14131410,712.3243000096409,5.040716390010911e-05,0.17193295352208088,712.3243000096409,4121481.8413413884,0.8314302140992712,0.4141000099480152,4038376.7441562517,0.8369679122328066
PAR,879,14147505,713.3275000087451,5.0420727895748764e-05,0.19537654618660558,713.3275000087451,4637487.83142819,0.8103254215462811,0.42050000047311187,4753906.464025939,0.8080814780340572
PAR,880,14163600,714.1240000055404,5.0419667316610213e-05,0.22992548893926418,714.1240000055404,6678101.853618843,0.7268637244992915,0.41810001130215824,6721470.395324675,0.7286495488562656
PAR,881,14179695,714.8164000100223,5.0411267661964684e-05,0.16902256324311443,714.8164000100223,4053584.687496213,0.8342072271075889,1.6676000086590648,4099256.1630092734,0.8345101676026099
PAR,882,14195790,715.4732000053627,5.040037926775211e-05,0.1549394324649794,715.4732000053627,5042672.948126935,0.793753234405493,0.621700004558079,5155018.038182226,0.7918883238275028
PAR,883,14211885,716.1484000098426,5.039081022748514e-05,0.21983658977592205,716.1484000098426,7520600.148923392,0.692405303298291,0.44329999946057796,7695685.957609106,0.6893197866481324
PAR,884,14227980,716.8119999987539,5.038044754060337e-05,0.27936427011051806,716.8119999987539,8466572.667918151,0.6537147567585977,0.4158999945502728,8699891.88550521,0.6487792924483275
PAR,885,14244075,717.5132999982452,5.037275498747691e-05,0.18152624121308844,717.5132999982452,3837370.4577419236,0.8430504509337332,0.4588000010699034,3893436.8971106755,0.8428192350195407
PAR,886,14260170,718.1815000076313,5.0362758649274956e-05,0.28798788001367875,718.1815000076313,5836488.262762414,0.7612859610353715,0.4118999931961298,5937492.980158615,0.7602992642875472
PAR,887,14276265,718.8810000079684,5.035497730029307e-05,0.21378391036195504,718.8810000079684,5861133.214837752,0.7602779754479544,0.4245000018272549,5996491.613240526,0.7579174482916341
PAR,888,14292360,719.5439000061015,5.034465266800595e-05,0.23235163669355952,719.5439000061015,8858018.82562448,0.6377044969694285,0.480200003948994,8984778.516830327,0.637278220303658
PAR,889,14308455,720.2094999956898,5.033453996225936e-05,0.2218370296215152,720.2094999956898,8406476.379339935,0.6561727121467407,0.42270000267308205,8501223.807734502,0.6567996614093272
PAR,890,14324550,720.8663000055822,5.0323835653167614e-05,0.19997051473784141,720.8663000055822,6685445.21832008,0.726563378783083,0.4126999992877245,6737387.850517181,0.7280069500804753
PAR,891,14340645,721.5195000026142,5.0312904336075136e-05,0.16115033783729094,721.5195000026142,4610626.174041623,0.8114240710148224,0.4115999909117818,4670620.548740445,0.811443788563961
PAR,892,14356740,722.1836000098847,5.0302756754659114e-05,0.2616426237232643,722.1836000098847,9374940.903999215,0.6165622361434949,0.3983999922638759,9474409.901345793,0.6175114595700515
PAR,893,14372835,722.8442000050563,5.029238838441103e-05,0.15574232531391996,722.8442000050563,3358771.035001536,0.8626253041853739,0.7365000055870041,3431289.932557954,0.8614764305363605
PAR,894,14388930,723.5389999987092,5.028442003670246e-05,0.2109995570663203,723.5389999987092,5741661.064057095,0.765164420579456,0.7846000080462545,5800416.378287444,0.7658331423783984
PAR,895,14405025,724.213100009365,5.027503249799046e-05,0.15181790634008752,724.213100009365,3439438.0930587947,0.8593259984430663,0.6406000029528514,3531086.560551627,0.8574475710106914
PAR,896,14421120,725.4022999986773,5.030138435840471e-05,0.18861277177051805,725.4022999986773,5520638.669188622,0.7742042997337262,0.42559999565128237,5759837.062487553,0.76747135767978
PAR,897,14437215,727.5725000072271,5.039562685789656e-05,0.13140656653618987,727.5725000072271,3379248.9663556945,0.8617877509370653,0.4135000053793192,3422210.2853890425,0.8618429822297553
PAR,898,14453310,728.8381999969715,5.042707864129196e-05,0.1721957873717942,728.8381999969715,4675780.718815836,0.8087592315017909,0.40630000876262784,4751758.140261367,0.8081682073638664
PAR,899,14469405,729.7094999958063,5.043120294136533e-05,0.16598697204180538,729.7094999958063,4444195.296538417,0.8182311414977181,0.40040000749286264,4611357.079416603,0.8138362961838046
PAR,900,14485500,730.4759999969974,5.042808325546218e-05,0.25874965574917913,730.4759999969974,9771339.532863012,0.6003494188677636,0.4123999970033765,9981106.097446792,0.5970557804822647
PAR,901,14501595,731.151800006046,5.0418716010621315e-05,0.1648370563720204,731.151800006046,4411700.671426928,0.8195601809570271,0.4031999997096136,4592454.330488927,0.8145994133512848
PAR,902,14517690,731.8157999980031,5.040855673306174e-05,0.24614529906016266,731.8157999980031,8707583.901078064,0.6438573284021465,0.40689999877940863,8677126.070808845,0.6496983642771361
PAR,903,14533785,732.4771999992663,5.039824106378802e-05,0.22776050812551307,732.4771999992663,5468869.278963071,0.7763216825980632,0.40270001045428216,5584192.227396279,0.7745622622646215
PAR,904,14549880,733.1510000076378,5.0388800457985755e-05,0.26235613068328506,733.1510000076378,7157163.802282626,0.7072699538051188,0.39849999302532524,7236160.111432221,0.7078711657866967
PAR,905,14565975,733.812599995872,5.037854314564401e-05,0.13904648208556292,733.812599995872,2861826.5908314437,0.8829504740594805,0.3978999884566292,2894440.193595294,0.883149429195291
PAR,906,14582070,734.4795999961207,5.0368678794994175e-05,0.16679750410301095,734.4795999961207,3912879.699178031,0.8399621013661737,0.4036999889649451,3932548.243803365,0.8412402826555933
PAR,907,14598165,735.1592000050005,5.035969931871577e-05,0.21935022992607736,735.1592000050005,5758251.696099825,0.7644858589846073,0.41090000013355166,5881957.719392773,0.7625412615257822
PAR,908,14614260,735.8176999987336,5.034929582467628e-05,0.159766816391762,735.8176999987336,4616330.28476441,0.8111907712550978,0.7240000122692436,4701861.047261295,0.8101825878342094
PAR,909,14630355,736.4748999971198,5.0338826364576924e-05,0.1802567263554663,736.4748999971198,5784204.234467021,0.7634243927439324,0.5810000002384186,5761633.011734517,0.7673988539551881
PAR,910,14646450,737.1696000045631,5.033094026228629e-05,0.49257670677293475,737.1696000045631,14517119.77163788,0.4062456499859819,0.4653000069083646,14488516.963018425,0.4150884578687799
PAR,911,14662545,737.8610000014305,5.032284640909409e-05,0.15300826179174173,737.8610000014305,3615211.611668048,0.8521368112672869,0.41530000453349203,3711260.8975443896,0.8501738072726979
PAR,912,14678640,738.5233000095468,5.0312787833855644e-05,0.19479984595739336,738.5233000095468,4739289.282571856,0.8061617130830925,0.417799994465895,4974857.802234698,0.7991615182964583
PAR,913,14694735,739.2067000037059,5.030418718021835e-05,0.23847099337634062,739.2067000037059,6111892.4723012615,0.7500218501099153,0.41619999683462083,6206190.4163257005,0.7494517612507385
PAR,914,14710830,739.8956999968505,5.029598601824985e-05,0.20427188165879273,739.8956999968505,5561111.4799068635,0.7725489502016379,0.4163999983575195,5605215.343694964,0.7737135443864526
PAR,915,14726925,740.5615000025136,5.028622743733085e-05,0.25792514093548496,740.5615000025136,8008319.347923509,0.672457448589712,0.4028999974252656,8284741.05022616,0.6655392214251815
PAR,916,14743020,741.273400009959,5.027961706692109e-05,0.19848606242770298,741.273400009959,8339534.242202739,0.6589106646986029,0.44239999260753393,8761666.207947843,0.6462854199356156
PAR,917,14759115,742.8254999977071,5.032994864513943e-05,0.20126983334867682,742.8254999977071,7282654.532134304,0.7021373470685237,0.411000000895001,7596286.82720254,0.6933325989187745
PAR,918,14775210,745.6052000052296,5.046325568335269e-05,0.17410056207402963,745.6052000052296,5176788.536567009,0.788267868486245,0.45310000132303685,5469633.781136939,0.7791870666967617
PAR,919,14791305,746.7862000048626,5.048818883829808e-05,0.17660042732604245,746.7862000048626,5448370.554536627,0.7771600862889743,0.4937000048812479,5649360.791171597,0.7719313618602811
PAR,920,14807400,747.6823000033619,5.0493827410846055e-05,0.2112328399207808,747.6823000033619,4488736.626077072,0.8164093883824306,0.4087999986950308,4545020.931296517,0.8165143327830647
PAR,921,14823495,748.3647000044584,5.0485037435804336e-05,0.19656306945552526,748.3647000044584,6146821.274099776,0.7485932521280234,0.414699999964796,6373438.793196106,0.7426998275446244
PAR,922,14839590,749.0389000013238,5.047571395175499e-05,0.15375129632802362,749.0389000013238,3498815.6593684996,0.8568974390012333,1.561600001878105,3566804.4438255383,0.8560056151334451
PAR,923,14855685,749.6986000041943,5.046543461336144e-05,0.3410534410354596,749.6986000041943,7976382.786022236,0.6737636631041379,0.6857999978819862,8250236.780754829,0.6669321828661696
PAR,924,14871780,750.3570999979274,5.0455096834267815e-05,0.25668131199308863,750.3570999979274,5689305.494201525,0.7673057783582863,0.42579999717418104,5832986.930401736,0.7645182464567618
PAR,925,14887875,751.014599998598,5.044471423884188e-05,0.17946139321087806,751.014599998598,6358301.643852509,0.7399436445296499,0.4533000028459355,6630472.755551537,0.7323231870861732
PAR,926,14903970,751.6718999977456,5.043434064868257e-05,0.18783413399202337,751.6718999977456,5837527.553892815,0.7612434537309397,0.43649999133776873,6042971.063459011,0.756041040445745
PAR,927,14920065,752.3292999976547,5.0423996141950775e-05,0.14263989066404245,752.3292999976547,3482797.9778714874,0.8575525667549198,0.40869999793358147,3605901.7343053557,0.854427230228622
PAR,928,14936160,752.9998000100022,5.041455099637405e-05,0.14282621681503238,752.9998000100022,3537470.029349311,0.855316464215312,0.41170000622514635,3615194.815098554,0.8540520620708475
PAR,929,14952255,753.7049000093248,5.040744021616303e-05,0.14853381144910424,753.7049000093248,3983146.112237118,0.8370881849784874,0.44430000707507133,4121912.572733968,0.8335955125288675
PAR,930,14968350,754.3624999962049,5.039717136465976e-05,0.25830769773951473,754.3624999962049,11183197.755146336,0.5426040138376582,0.4158999945502728,11450001.845008338,0.5377554339299409
PAR,931,14984445,755.0764000043273,5.0390681803985886e-05,0.17843490265385856,755.0764000043273,3940776.5994205386,0.8388211101687837,0.3966999938711524,4101171.5727008656,0.8344328411764904
PAR,932,15000540,755.7425999984844,5.0381026282952774e-05,0.13755723026216324,755.7425999984844,3843880.004913405,0.8427842085929322,0.41649999911896884,3831895.6188327675,0.8453036993766683
PAR,933,15016635,756.4039999997476,5.0371071814674036e-05,0.16991181227918936,756.4039999997476,3528936.135181422,0.8556655029271537,0.39590000233147293,3691466.9738082145,0.850972901789197
PAR,934,15032730,757.0675000024494,5.0361278357454e-05,0.28215561054466193,757.0675000024494,8344734.266933915,0.6586979822000849,0.40809999336488545,8518221.683236843,0.656113445311544
PAR,935,15048825,757.7469000098063,5.035256241000917e-05,0.13593865229319654,757.7469000098063,3200185.194868555,0.8691115103964397,0.6290000019362196,3299588.496348162,0.8667933094378375
PAR,936,15064920,758.6401000007754,5.03580569960395e-05,0.20123001754624617,758.6401000007754,5181228.458707387,0.7880862744010516,0.7607000006828457,5326800.580818916,0.7849533426847596
PAR,937,15081015,759.736799998791,5.037703364122315e-05,0.19766275572239503,759.736799998791,4337315.626286379,0.8226025505746202,0.6099999882280827,4341240.616361445,0.8247410863265018
PAR,938,15097110,761.4546999975573,5.043711677251854e-05,0.23122154637455797,761.4546999975573,5138930.21564729,0.7898162846379272,0.4642999992938712,4991736.402620083,0.7984801174183953
PAR,939,15113205,762.6200000086101,5.046050788092996e-05,0.13750909832137934,762.6200000086101,3089163.3267153213,0.8736523365520146,0.4093000025022775,3226902.950259992,0.8697276756646639
PAR,940,15129300,763.6998000089079,5.047819793439934e-05,0.21105417325328854,763.6998000089079,7328423.127454392,0.7002653984318232,0.4248000041116029,7377999.37299241,0.7021450158000773
PAR,941,15145395,764.3920999980764,5.047026505403632e-05,0.1565752655837909,764.3920999980764,5584905.2411549995,0.7715757785624622,0.39670000842306763,5865491.198328762,0.7632060264740285
PAR,942,15161490,765.0940000021365,5.046298220043917e-05,0.1435963929838027,765.0940000021365,3853587.895605484,0.8423871530875321,0.4533000028459355,4043258.2884772294,0.8367708408814701
PAR,943,15177585,765.7476000022143,5.045253246825594e-05,0.2486305207407388,765.7476000022143,7041214.743614227,0.7120123034617564,0.4014000005554408,7197613.063573523,0.7094273370128606
PAR,944,15193680,766.4157999970485,5.044306580084933e-05,0.2355170169062038,766.4157999970485,9461103.585490463,0.6130381578311943,0.4192000051261857,9724856.209586471,0.6074007673060995
PAR,945,15209775,767.0855000033043,5.043371779025688e-05,0.17442173140790265,767.0855000033043,5044815.699933038,0.7936655952438764,0.4002999921794981,4950906.75712217,0.8001284387044049
PAR,946,15225870,767.7611999970395,5.042478360822991e-05,0.14668597912610648,767.7611999970395,4164468.2001263155,0.8296720597324746,0.41700000292621553,4348792.104503461,0.824436227479609
PAR,947,15241965,768.417600003886,5.0414602054517645e-05,0.13800200503540822,768.417600003886,3905493.793300635,0.8402641870286525,0.41170000622514635,4059344.7295373506,0.8361214200282596
PAR,948,15258060,769.1147000005003,5.0407109422855875e-05,0.17392926630914032,769.1147000005003,6129415.736262037,0.7493051436029206,0.4121999954804778,6232951.388643706,0.7483714021203038
PAR,949,15274155,769.7660999983782,5.039664059965204e-05,0.19471013682745478,769.7660999983782,7388199.723515114,0.697820518559066,0.3974999999627471,7535291.702146022,0.6957950146891642
PAR,950,15290250,770.4222000029404,5.0386501201938515e-05,0.13978293570949452,770.4222000029404,3585540.589337533,0.8533503645654091,1.3212000048952177,3599259.8138748505,0.8546953691921636
PAR,951,15306345,771.085000000312,5.0376820854378495e-05,0.1435970352296317,771.085000000312,3454439.5951320226,0.8587124327184021,0.6409000052371994,3609830.067821717,0.8542686406627661
PAR,952,15322440,771.7676000029314,5.0368453066413145e-05,0.27185378700847235,771.7676000029314,9512636.013820024,0.6109304667761655,0.4306999908294529,9802494.704885364,0.6042664470627003
PAR,953,15338535,772.4234000052093,5.035835560600861e-05,0.16045632634176615,772.4234000052093,5230033.916287056,0.7860901172295052,0.4189000028418377,5256732.632869849,0.7877820346477443
PAR,954,15354630,773.0861000018194,5.034872868977106e-05,0.2735801218716907,773.0861000018194,7470048.635609666,0.694472874648667,0.43709999590646476,7542214.65698599,0.695515530170363
PAR,955,15370725,773.7440000055358,5.033880965312539e-05,0.21714435783004768,773.7440000055358,6282824.554760185,0.7430306790571541,0.40580000495538116,6308518.892833457,0.7453206892334394
PAR,956,15386820,774.4223000045167,5.033023717730608e-05,0.1667824088685036,774.4223000045167,5295477.823751366,0.7834134426997018,0.4118999931961298,5382609.180145938,0.7827003105780317
PAR,957,15402915,777.8859000100056,5.0502512025159236e-05,0.14453093609921544,777.8859000100056,3532314.738341982,0.8555273170917325,0.4039999912492931,3563060.2320040376,0.8561567715779708
PAR,958,15419010,779.1687999997521,5.0532997903221546e-05,0.15340147831011455,779.1687999997521,3958163.245022203,0.8381099913917444,0.4048999981023371,4160519.974750123,0.8320369047632425
PAR,959,15435105,780.2596999972593,5.0550981026514516e-05,0.17563865405228157,780.2596999972593,6177815.827397736,0.7473255660348522,0.39680000918451697,6480463.915153718,0.7383791486724669
PAR,960,15451200,781.0676000081003,5.0550610956307615e-05,0.14743046456294748,781.0676000081003,3721409.760523497,0.847793276610395,0.4115999909117818,3915125.7942705695,0.8419436391033196
PAR,961,15467295,781.8638000026112,5.05494852204352e-05,0.14108386420741179,781.8638000026112,3627042.778770611,0.8516529131495202,0.4194999928586185,3665709.566963042,0.85201274628105
PAR,962,15483390,782.5635000044713,5.05421293401814e-05,0.22335975319326484,782.5635000044713,5190686.571193315,0.7876994348957103,0.40859999717213213,5294097.3957032375,0.7862735930932341
PAR,963,15499485,783.3046000014292,5.053745979311114e-05,0.14500822397819432,783.3046000014292,3326474.2410940765,0.8639462522918657,0.39849999302532524,3433933.987844427,0.8613696881790136
PAR,964,15515580,783.9674999995623,5.052775983879187e-05,0.16335345426101797,783.9674999995623,4583437.755675724,0.8125360851008598,1.4964000001782551,4702963.467185432,0.8101380823724323
PAR,965,15531675,784.6681000082754,5.0520507286450135e-05,0.23424956472702096,784.6681000082754,5779132.316168249,0.7636318356527313,0.7257000106619671,5687287.53714884,0.7704002326540144
PAR,966,15547770,785.3750000067521,5.051367495189034e-05,0.16917271391466648,785.3750000067521,3558889.0515312175,0.8544404200830318,0.4388999950606376,3723152.080428019,0.8496937519201742
PAR,967,15563865,786.0377000033623,5.050401683665094e-05,0.27837659426388534,786.0377000033623,5387522.38507316,0.7796487938203338,0.4530000005615875,5327469.580773159,0.7849263346896749
PAR,968,15579960,786.695900009363,5.0494089844220586e-05,0.3365907790833385,786.695900009363,8387858.616064931,0.6569341839886732,0.4123999970033765,8659728.56066779,0.6504007139042112
PAR,969,15596055,787.3859999963315,5.0486228728760674e-05,0.2508342329084621,787.3859999963315,8301342.854768383,0.6604727033659783,0.41459999920334667,8659812.06190744,0.6503973429008865
PAR,970,15612150,788.0472999968333,5.0476539105557744e-05,0.19809159081572203,788.0472999968333,5322126.031228606,0.7823235233934906,0.40660001104697585,5490867.419439989,0.7783298498983418
PAR,971,15628245,788.7098000064725,5.0466946225022226e-05,0.15474702288269973,788.7098000064725,4007781.2156736664,0.8360806022032131,0.43030000233557075,4171939.6752724745,0.8315758834827172
PAR,972,15644340,789.371899998514,5.045734751344665e-05,0.29016354282496787,789.371899998514,7836505.942270579,0.6794846660131335,0.42150000808760524,8062043.258315119,0.6745296867176878
PAR,973,15660435,790.0301000045147,5.044751949767134e-05,0.24917249793771412,790.0301000045147,6581396.824410245,0.7308189878479495,0.41000000783242285,6575814.239621156,0.7345297895234721
PAR,974,15676530,790.6898000073852,5.0437807346867276e-05,0.232795940193344,790.6898000073852,10117090.91670755,0.5862080883965404,0.40269999590236694,10571272.146164797,0.573230365186121
PAR,975,15692625,792.3453999974299,5.0491578050034964e-05,0.21020570460221205,792.3453999974299,6665222.639015134,0.7273904880595575,0.40049999370239675,6576635.879475705,0.7344966193490762
PAR,976,15708720,793.9595000061672,5.054259672374116e-05,0.1740765704680029,793.9595000061672,5552044.692778627,0.7729197843879452,0.39929999911691993,5719840.182577129,0.7690860596377898
PAR,977,15724815,795.5000000074506,5.0588830457302715e-05,0.2234178053925886,795.5000000074506,6320210.778079817,0.7415015718323178,0.5920999974478036,6404583.845793659,0.7414424800334132
PAR,978,15740910,796.5089000063017,5.060119777105019e-05,0.49259953599773715,796.5089000063017,20556462.08218732,0.1592348224581831,1.064700001734309,20496467.456830095,0.17254330315397304
PAR,979,15757005,797.2332000063034,5.0595478011608383e-05,0.25756599169324074,797.2332000063034,6047226.173653133,0.7526667202167698,0.6278999935602769,5943170.035491847,0.7600700776014149
PAR,980,15773100,797.9669000051217,5.059036587640487e-05,0.20288074897167005,797.9669000051217,4320515.789265272,0.8232896687129092,0.4309000069042668,4275188.81663518,0.827407643582641
PAR,981,15789195,798.6805999971693,5.058399747404281e-05,0.21711506241548814,798.6805999971693,6305224.584964882,0.7421145114162102,0.440800009528175,6550859.5661687115,0.7355372271079886
PAR,982,15805290,799.3508000072325,5.0574889800012054e-05,0.2498806344273433,799.3508000072325,9324030.682400458,0.618644478765306,0.4104999970877543,9682911.933217086,0.6090940870183528
PAR,983,15821385,800.0130000000354,5.056529501052123e-05,0.15516026863042845,800.0130000000354,4651520.456537296,0.809751483166512,0.418399999034591,4834048.7419915255,0.8048460783368756
PAR,984,15837480,800.6730000051903,5.0555580812426616e-05,0.2214140413470614,800.6730000051903,7245014.184081734,0.7036768480676074,0.4002999921794981,7533635.025342004,0.6958618958880283
PAR,985,15853575,801.4059999986785,5.055049097750371e-05,0.3179707726349785,801.4059999986785,12718835.080217747,0.4797960081073197,0.45420000969897956,12888120.2012842,0.47969759214505703
PAR,986,15869670,802.1320999978343,5.054497667549699e-05,0.21935992105922636,802.1320999978343,4610323.720098413,0.8114364414675902,0.41880000208038837,4632123.070356993,0.812997958635812
PAR,987,15885765,802.7934999990975,5.0535400718762835e-05,0.17709215306142093,802.7934999990975,5163991.724614957,0.7887912617544941,0.4230999911669642,5390343.399524122,0.7823880747435967
PAR,988,15901860,803.4642999991775,5.052643527230006e-05,0.3036275724431543,803.4642999991775,10687078.319145285,0.5628954406417294,0.4552000027615577,11083347.269840024,0.5525575350379128
PAR,989,15917955,804.1307000094093,5.0517211539384884e-05,0.1606303580521144,804.1307000094093,4995159.005582369,0.7956965682427787,0.497199987876229,5126797.9425743,0.7930275887835542
PAR,990,15934050,804.8206000094069,5.0509481268692325e-05,0.19367834572251327,804.8206000094069,4282544.762230896,0.8248426945769107,0.4422999918460846,4258473.170387569,0.8280824658884274
PAR,991,15950145,805.482399999164,5.050000485883759e-05,0.1913897345343,805.482399999164,4159803.3648807635,0.8298628528279863,0.41220001003239304,4222738.416523392,0.8295251028431776
PAR,992,15966240,806.1525000084657,5.049106740274891e-05,0.20240831626722583,806.1525000084657,4116354.1727866125,0.8316399372094831,1.0772999958135188,4165380.787826274,0.8318406703467291
PAR,993,15982335,806.7990999988979,5.048067757301407e-05,0.15279037686442679,806.7990999988979,3943559.043921098,0.8387073073930356,0.6387999892467633,4171148.0036237887,0.8316078438197259
PAR,994,15998430,807.4774999986403,5.047229634399377e-05,0.1785513291164667,807.4774999986403,4036745.474872575,0.8348959557192814,0.42660000326577574,3941392.325959106,0.8408832408861938
PAR,995,16014525,808.6809000087669,5.0496714701732765e-05,0.17264277343653392,808.6809000087669,4664553.842631417,0.8092184139482008,0.41960000817198306,4753076.777846042,0.8081149730442232
PAR,996,16030620,811.1281000019517,5.059867303959246e-05,0.2904094809789219,811.1281000019517,6167230.921086847,0.7477584917298554,0.418399999034591,6260123.177659282,0.7472744580330566
PAR,997,16046715,812.498900006176,5.063334769802891e-05,0.22298056865990368,812.498900006176,5269673.887524412,0.7844688310703462,0.5035000067437068,5510125.920805055,0.777552370756665
PAR,998,16062810,814.2060000100173,5.068888942906112e-05,0.3209524619826273,814.2060000100173,11385846.409720233,0.5343156259156396,0.4115999909117818,11883207.19153246,0.5202666317328855
PAR,999,16078905,815.0210000021616,5.068883733078599e-05,0.22776886010374459,815.0210000021616,6729885.066985953,0.7247457762645119,0.4241999995429069,6907596.754567866,0.7211354978257782
PAR,1000,16095000,815.6945000082487,5.067999378740284e-05,0.18047342835911342,815.6945000082487,6551303.81270986,0.7320498006319727,0.40610000723972917,6708466.021666441,0.7291745444973174
GD,1,16095,2.4486000038450584,0.00015213420340758361,0.49533921991086544,2.4486000038450584,23952183.699302703,0.02034883726861436,0.6914000114193186,24267975.560210824,0.020284888677213786
GD,2,32190,5.350499995984137,0.00016621621609146122,0.4884873943433566,5.350499995984137,23464270.435741484,0.040304629273237524,0.458399998024106,23773705.624579463,0.04023891095686949
GD,3,48285,7.429599994793534,0.00015386973169293847,0.48171278758621294,7.429599994793534,22985839.199764837,0.05987260363814617,0.44639999396167696,23289014.457797322,0.05980623165253163
GD,4,64380,9.500300002400763,0.00014756601432744273,0.47501406284405456,9.500300002400763,22516762.538668115,0.07905797321540686,0.4681999998865649,22813774.026686084,0.07899201955297042
GD,5,80475,11.617399999522604,0.00014436036035442813,0.46838709292471675,11.617399999522604,22056913.385126997,0.0978659350949207,0.4271000070730224,22347856.67107989,0.0978014283881824
GD,6,96570,13.528600000427105,0.00014009112561278974,0.4618338357362541,13.528600000427105,21606165.081219297,0.11630166962192467,0.5870999884791672,21891135.127941616,0.11623959585580046
GD,7,112665,15.851300006033853,0.0001406940931614419,0.45535989058425863,15.851300006033853,21164391.40224475,0.13437033942275523,0.43400000140536577,21443482.555286344,0.1343116426552856
GD,8,128760,18.548499996541068,0.00014405483066589833,0.4489662789419392,18.548499996541068,20731466.58032401,0.15207708843964252,1.0228000028291717,21004772.55589334,0.15202267153065852
GD,9,144855,22.504900000058115,0.00015536156846541793,0.44264556890288825,22.504900000058115,20307265.3277594,0.16942704097524908,0.484800009871833,20574879.200789113,0.1693777663224716
GD,10,160950,24.520599996321835,0.000152349176740117,0.43639877571021607,24.520599996321835,19891662.860141195,0.18642530074761632,0.4391999973449856,20153677.052485228,0.1863819910296829
GD,11,177045,26.463999995030463,0.00014947612186184565,0.4302259534082843,26.463999995030463,19484534.919184633,0.20307694995612424,0.4881999921053648,19741041.18795613,0.2030403888820247
GD,12,193140,28.51849999569822,0.00014765713987624637,0.42412362060604186,28.51849999569822,19085757.79528409,0.21938704835901934,0.45279999903868884,19336847.221343342,0.21935798142341945
GD,13,209235,30.469999997876585,0.00014562573182247992,0.41809188136269365,30.469999997876585,18695208.34977237,0.23536063236300275,0.4378000012366101,18940971.32637398,0.23533976760692876
GD,14,225330,32.44589999667369,0.00014399281052977273,0.41213229983584393,32.44589999667369,18312764.036874354,0.2510027141253205,0.6988000095589086,18553290.258482818,0.2509907229016697
GD,15,241425,35.543699996196665,0.0001472246038985054,0.40624517445076025,35.543699996196665,17938302.92534562,0.2663182806687372,0.7045999955153093,18173681.376628388,0.2663157984120845
GD,16,257520,39.16289999324363,0.00015207712019743564,0.4004303514917005,39.16289999324363,17571703.71978791,0.2813122930097275,0.45530000352300704,17802022.66479507,0.28131992000988526
GD,17,273615,41.2542999983998,0.00015077499405514975,0.3946930693009581,41.2542999983998,17212845.781634696,0.2959896853001608,0.4470999992918223,17438192.75317426,0.2960079874789562
GD,18,289710,43.34980000567157,0.00014963170068576012,0.3890302929234142,43.34980000567157,16861609.149800915,0.3103553639827201,0.42779999785125256,17082070.939018782,0.3103848736734459
GD,19,305805,45.245300003443845,0.00014795474241246495,0.38343962356505396,45.245300003443845,16517874.560992513,0.3244142069602374,0.42470000335015357,16733537.207165882,0.32445542368923974
GD,20,321900,47.11899999529123,0.0001463777570527842,0.3779168640000582,47.11899999529123,16181523.469671769,0.3381710627791049,0.45599999430123717,16392472.250225041,0.3382244540489643
GD,21,337995,49.15409999375697,0.0001454284826513912,0.37246805009708983,49.15409999375697,15852438.067675564,0.351630749826883,0.447900005383417,16058757.488427436,0.3516967519006504
GD,22,354090,51.55049999302719,0.0001455858679799689,0.36709436135266443,51.55049999302719,15530501.303484267,0.3647980555441971,0.7839000027161092,15732275.089134766,0.3648770742301479
GD,23,370185,55.55580000509508,0.00015007577293811225,0.36179443191356087,55.55580000509508,15215596.901139246,0.3776777356510056,0.5305999948177487,15412907.9860054,0.3777701470873758
GD,24,386280,57.97389999497682,0.0001500825825695786,0.35656629930078476,57.97389999497682,14907609.37880751,0.39027451338730146,0.44410000555217266,15100539.89781617,0.39038066482647216
GD,25,402375,60.062000004108995,0.0001492687170030668,0.35141079235719996,60.062000004108995,14606424.066991834,0.4025930787683122,0.44010000419802964,14795055.346938182,0.4027132893599139
GD,26,418470,62.11379999876954,0.00014843071187604735,0.34632615643543707,62.11379999876954,14311927.126384813,0.4146380878542647,0.4343000036897138,14496339.677464904,0.41477264942667225
GD,27,434565,64.02570000500418,0.00014733285010298615,0.3413150996203933,64.02570000500418,14024005.565364873,0.42641416203479254,0.41530000453349203,14204279.072990466,0.4265633398744908
GD,28,450660,65.8837999944808,0.00014619402652660718,0.3363756964923227,65.8837999944808,13742547.257131804,0.43792588732808857,0.4837000014958903,13918760.574035637,0.4380899209563871
GD,29,466755,70.89610000548419,0.00015189146341332003,0.3315065438406261,70.89610000548419,13467440.956478702,0.44917781369492704,0.714000008883886,13639672.095118191,0.44935691764150887
GD,30,482850,74.2817999998806,0.00015384032308145512,0.3267097540940662,74.2817999998806,13198576.31619641,0.46017445436771764,0.4420999903231859,13366902.441463577,0.46036881894051396
GD,31,498945,76.33549999445677,0.00015299381694266256,0.3219869102911639,76.33549999445677,12935843.903105384,0.47092028519479745,0.4523999959928915,13100341.325350728,0.47113007724567757
GD,32,515040,78.38750000519212,0.00015219691675441154,0.31733636344341903,78.38750000519212,12679135.21370899,0.4814197440002068,0.4295000107958913,12839879.382086664,0.4816451076859869
GD,33,531135,80.36330000322778,0.00015130484717299327,0.3127570013225221,80.36330000322778,12428342.68946074,0.4916772299592549,0.46270000166259706,12585408.185602365,0.4919182874975251
GD,34,547230,82.4581000051694,0.00015068271111812109,0.3082493899358248,82.4581000051694,12183359.731636839,0.5016971029902282,0.42180001037195325,12336820.263660857,0.5019539554095092
GD,35,563325,84.75759999419097,0.00015045950382850214,0.303813055534037,84.75759999419097,11944080.71580388,0.5114836831626574,0.6533999985549599,12094009.112667244,0.5117564110464002
GD,36,579420,90.17229999881238,0.0001556251078644375,0.29944682604829875,90.17229999881238,11710401.005870188,0.5210412501226143,0.46290000318549573,11856869.21206877,0.5213299143465613
GD,37,595515,92.45399999781512,0.0001552504974649087,0.2951592744152863,92.45399999781512,11482216.967707954,0.5303740425355616,0.424599988036789,11625296.038331842,0.5306786849979965
GD,38,611610,94.37190000608098,0.00015430077991870797,0.29094428425095126,94.37190000608098,11259425.982331928,0.5394862575473416,0.4323999892221764,11399186.07848134,0.5398069018917587
GD,39,627705,96.29440000571776,0.00015340709410585827,0.28680127222179297,96.29440000571776,11041926.458619373,0.5483820502639251,0.4545999981928617,11178436.843186654,0.5487187025936577
GD,40,643800,98.42559999378864,0.00015288226156226877,0.28273144004351225,98.42559999378864,10829617.845554862,0.557065533250597,0.44319999869912863,10962946.879377551,0.5574181828349484
GD,41,659895,100.51709999970626,0.00015232286954698288,0.2787355277328127,100.51709999970626,10622400.643982753,0.5655407760512763,1.756999990902841,10752615.78237236,0.5659093960227077
GD,42,675990,106.14020000502933,0.00015701445288396178,0.27480505725469045,106.14020000502933,10420176.417849623,0.5738118047286966,0.5370999861042947,10547344.207500283,0.5741963527706341
GD,43,692085,108.6667000054149,0.0001570135171336106,0.2709403055920597,108.6667000054149,10222847.804918688,0.5818826014261849,0.4464999947231263,10347033.881199451,0.5822830204510105
GD,44,708180,110.73859999305569,0.00015637069670571845,0.26714612872251975,110.73859999305569,10030318.526938356,0.5897571039517628,0.4346999921835959,10151587.611572338,0.5901733227685759
GD,45,724275,112.69530000572558,0.0001555973905018475,0.2634212213737109,112.69530000572558,9842493.399247453,0.5974392053852918,0.4262000002199784,9960909.298380662,0.5978711393570232
GD,46,740370,114.61970000527799,0.00015481407945389195,0.2597635448451107,114.61970000527799,9659278.339800619,0.6049327537093312,0.42460000258870423,9774903.942462761,0.6053803053988138
GD,47,756465,116.53630000364501,0.00015405378967122736,0.25617612538344814,116.53630000364501,9480580.37759854,0.6122415514643388,1.2540000025182962,9593477.654557578,0.6127046112689472
GD,48,772560,121.97229999583215,0.0001578806824011496,0.25266048127468516,121.97229999583215,9306307.660509419,0.6193693554287718,0.5495999939739704,9416537.663521208,0.619847802203253
GD,49,788655,125.17620000289753,0.00015872111379867942,0.24921910621135956,125.17620000289753,9136369.46247012,0.6263198763245564,0.44600000546779484,9243992.323923929,0.6268135779916932
GD,50,804750,127.229299992905,0.00015809791859944702,0.24585534793919417,127.229299992905,8970676.190057924,0.6330967785483024,0.4388999950606376,9075751.12301819,0.6336055926970604
GD,51,820845,129.3333000066923,0.00015756117172753968,0.2425606602607533,129.3333000066923,8809139.388426632,0.639703679928514,0.4496999899856746,8911724.687070763,0.640227454399344
GD,52,836940,131.41109999560285,0.0001570137644223037,0.239338415776291,131.41109999560285,8651671.746603763,0.6461441515089333,0.4295999970054254,8751824.787055416,0.6466827249659127
GD,53,853035,133.34470000700094,0.00015631797054868903,0.23618174760315983,133.34470000700094,8498187.102149092,0.6524217173580049,0.5705000075977296,8595964.343705827,0.6529749198475254
GD,54,869130,138.0012000008719,0.00015878084981633576,0.23309454412237313,138.0012000008719,8348600.445178071,0.6585398544043164,0.6698000070173293,8444057.431931974,0.6591075079000381
GD,55,885225,141.05869999912102,0.000159347849415822,0.23007769834838498,141.05869999912102,8202827.921757399,0.6645019922977189,0.44839999463874847,8296019.284606683,0.6650839112315388
GD,56,901320,143.13890000630636,0.00015881030045522828,0.22712916066006383,143.13890000630636,8060786.836683422,0.6703115132956894,0.4253999941283837,8151766.295732828,0.6709075050744842
GD,57,917415,145.03780000086408,0.000158093992359907,0.22424668374597398,145.03780000086408,7922395.655657616,0.6759717521743536,0.4295999970054254,8011216.0230049165,0.6765816176822882
GD,58,933510,147.01980000245385,0.00015749140341555403,0.22142817505451823,147.01980000245385,7787574.006876538,0.6814859961634556,0.48519999836571515,7874287.189782179,0.6821095302496663
GD,59,949605,149.2188999982318,0.0001571378625831075,0.21867447611962554,149.2188999982318,7656242.682056667,0.686857484904442,0.458399998024106,7740899.686493214,0.6874944768559288
GD,60,965700,154.3699000030756,0.0001598528528560377,0.21598390252330046,154.3699000030756,7528323.63691715,0.6920894104307171,0.6411999929696321,7610974.571494908,0.6927396444303058
GD,61,981795,157.5038000009954,0.00016042432483460945,0.21336094812170361,157.5038000009954,7403739.991145614,0.6971849171690425,0.4658000107156113,7484434.071410481,0.6978481727383002
GD,62,997890,159.88289999950211,0.00016022096623826486,0.2108017121402427,159.88289999950211,7282416.027873968,0.7021471019609746,0.46120000479277223,7361201.580973225,0.7028231543879963
GD,63,1013985,162.01850000652485,0.00015978392185932223,0.20830381145571028,162.01850000652485,7164277.192692206,0.7069790141032031,0.4385000065667555,7241201.6624037335,0.7076676348552007
GD,64,1030080,163.99509999610018,0.0001592061781571336,0.20586420299421926,163.99509999610018,7049250.092228971,0.7116836554056037,0.4287000047042966,7124360.044348969,0.7123846125262736
GD,65,1046175,165.8986999973422,0.00015857643319458235,0.20348730962236045,165.8986999973422,6937262.492327651,0.7162639802658384,0.4287999909138307,7010603.620411674,0.7169770387574973
GD,66,1062270,169.95919999317266,0.000159996234472566,0.2011735920731406,169.95919999317266,6828243.31584635,0.7207228957593362,1.0442999919177964,6899860.447298122,0.7214478179498528
GD,67,1078365,174.6768000011798,0.00016198300204585628,0.19891949696176783,174.6768000011798,6722122.64010916,0.7250632617435369,0.46609999844804406,6792059.742611259,0.725799807638112
GD,68,1094460,176.79680000583176,0.0001615379273850408,0.1967253311367224,176.79680000583176,6618831.69403466,0.7292878909753364,0.44660001003649086,6687131.882314786,0.7300358185932149
GD,69,1110555,178.82529999769758,0.00016102336219070426,0.19459322241380184,178.82529999769758,6518302.854965686,0.7333995492407506,0.4310999938752502,6585008.39789183,0.7341586149369754
GD,70,1126650,181.02920000092126,0.00016067918164551658,0.1925164445331218,181.02920000092126,6420469.645222167,0.7374009554959045,0.46470000233966857,6485621.973219544,0.7381709142682567
GD,71,1142745,183.09289999888279,0.0001602220092836834,0.19049796549634726,183.09289999888279,6325266.7283961205,0.741294782018568,0.8275000000139698,6388906.441178281,0.7420753877998603
GD,72,1158840,188.4488999930909,0.00016261856683674267,0.18854063853878839,188.4488999930909,6232629.905405008,0.7450836545695758,0.7104000105755404,6294796.78001104,0.7458746605054989
GD,73,1174935,191.94760000391398,0.0001633686969950797,0.18664544277782738,191.94760000391398,6142496.110316444,0.7487701525635969,0.46549999387934804,6203229.10944565,0.7495713112763454
GD,74,1191030,193.9557000005152,0.00016284703156135044,0.18480508924512531,193.9557000005152,6054803.405953875,0.7523568092488641,0.44099999649915844,6114140.686588769,0.753167873086796
GD,75,1207125,195.85570000344887,0.00016224972559051372,0.1830193543353814,195.85570000344887,5969490.979289317,0.7558461118956121,0.5227999936323613,6027469.901597213,0.7566668331692207
GD,76,1223220,198.32729999325238,0.00016213542943481336,0.1812877819106846,198.32729999325238,5886499.136625637,0.7592405019931237,0.45340000360738486,5943156.273128499,0.7600706331976288
GD,77,1239315,200.45580000441987,0.00016174725554392536,0.17961081321806732,200.45580000441987,5805769.2985672355,0.7625423754554307,2.0427999988896772,5861140.443568847,0.7633816694803177
GD,78,1255410,206.96939999470487,0.00016486199727157254,0.17798741527755935,206.96939999470487,5727243.994774308,0.7657540828358653,0.5225000058999285,5781364.174033219,0.7666022931617245
GD,79,1271505,209.56099999602884,0.0001648133511044226,0.17641426967007415,209.56099999602884,5650866.858492476,0.7688779295508005,0.47840000479482114,5703770.339128542,0.7697348104338383
GD,80,1287600,211.64910000516102,0.0001643748835082021,0.1748913049897213,211.64910000516102,5576582.6208461225,0.7719161761130537,0.44440000783652067,5628302.921467836,0.7727814827576693
GD,81,1303695,213.57750000606757,0.00016382474428916854,0.1734164489839597,213.57750000606757,5504337.104880758,0.7748710383755564,0.4351999959908426,5554907.005919982,0.775744527095389
GD,82,1319790,215.45920000062324,0.00016325263867783757,0.17199124597092028,215.45920000062324,5434077.219336992,0.7777446877859994,0.4369000089354813,5483528.773577106,0.7786261161538716
GD,83,1335885,217.40460000000894,0.00016274200249273622,0.1706150559988459,217.40460000000894,5365750.952136386,0.7805392516532645,0.6393999938154593,5414115.495419304,0.7814283786404528
GD,84,1351980,223.6890000058338,0.0001654528913192753,0.16928942183603968,223.6890000058338,5299307.3635576675,0.7832568134265188,0.45780000800732523,5346615.525654686,0.784153399531798
GD,85,1368075,225.9388999955263,0.00016515096028764964,0.16801072094501207,225.9388999955263,5234696.579080611,0.7858994129879014,0.5963000003248453,5280978.294711573,0.7868032203568109
GD,86,1384170,228.18930000357796,0.00016485641214849183,0.16677624428298177,228.18930000357796,5171869.781874374,0.788469046959754,0.4427999956533313,5217154.301859255,0.7893798394945397
GD,87,1400265,230.22610000043642,0.00016441609266848518,0.16558819378741527,230.22610000043642,5110779.20490726,0.7909676690273321,0.44579998939298093,5155095.107433936,0.7918852124880205
GD,88,1416360,232.21750000084285,0.00016395372645432152,0.16444608581585943,232.21750000084285,5051378.122655841,0.793397190277906,0.41730000521056354,5094753.324647563,0.7943212523749608
GD,89,1432455,234.2508000001544,0.00016353100097396038,0.1633423554528449,234.2508000001544,4993620.842392981,0.7957594795570818,1.1057999945478514,5036082.610958912,0.7966898300360948
GD,90,1448550,241.18569999700412,0.00016650146698215742,0.16227967221630124,241.18569999700412,4937462.695036781,0.798056363843083,0.4724000027636066,4979037.6589889,0.798992774561939
GD,91,1464645,243.3993000013288,0.00016618313652887138,0.1612535998891911,243.3993000013288,4882860.025545364,0.800289628639606,0.43759999971371144,4923574.186965026,0.8012318736385553
GD,92,1480740,245.35729999479372,0.0001656991099009912,0.1602666939386858,245.35729999479372,4829770.182846103,0.8024610183877179,0.7799000013619661,4869648.928683729,0.8034088739527798
GD,93,1496835,248.54570000024978,0.00016604749354487956,0.15931637155914918,248.54570000024978,4778151.509291847,0.8045722368970996,0.5527999892365187,4817219.622983388,0.8055254816172034
GD,94,1512930,252.1788000012748,0.0001666823977323966,0.15840197738853987,252.1788000012748,4727963.329641101,0.8066249477967599,1.007500002742745,4766245.002725234,0.8075833626150207
GD,95,1529025,257.6961000013398,0.00016853622406523097,0.15752421555712062,257.6961000013398,4679165.9395636,0.8086207750051605,0.4833000130020082,4716684.783284074,0.8095841432646678
GD,96,1545120,259.9385999928927,0.00016823198197738214,0.15668015677576455,259.9385999928927,4631720.593677368,0.8105613032195043,0.45730000420007855,4668499.650555325,0.8115294107039861
GD,97,1561215,262.0102999935625,0.00016782461095593017,0.15587185107682225,262.0102999935625,4585589.493127812,0.8124480784237529,0.44299999717622995,4621651.248489545,0.8134207133934623
GD,98,1577310,263.93000000098255,0.00016732918703424345,0.1551010475820063,263.93000000098255,4540735.772723752,0.8142826084147676,0.43990000267513096,4576102.166169939,0.8152595616379187
GD,99,1593405,265.80330000433605,0.0001668146516449591,0.15436948950318652,265.80330000433605,4497123.487649291,0.8160663633457976,0.48740000056568533,4531815.924452451,0.8170474281258615
GD,100,1609500,271.03750000242144,0.00016839857098628234,0.15366863283557106,271.03750000242144,4454717.599774062,0.8178007762863946,0.6606999959331006,4488756.962191737,0.8187857484855484
GD,101,1625595,274.265900006867,0.00016871723892289715,0.15299515833429428,274.265900006867,4413483.963587582,0.8194872437977014,0.45610000961460173,4446890.62207946,0.8204759218567063
GD,102,1641690,276.3734000036493,0.0001683468864424156,0.15234649821912827,276.3734000036493,4373389.311786124,0.8211271265219539,0.4447000101208687,4406183.136124169,0.8221193114767184
GD,103,1657785,278.5282999975607,0.0001680123176392359,0.1517238528977006,278.5282999975607,4334401.240542727,0.822721749784941,0.43670000741258264,4366601.61080419,0.823717245280013
GD,104,1673880,280.61499999603257,0.00016764343919279314,0.15112609677090913,280.61499999603257,4296488.194492642,0.8242724042101045,0.4786999925272539,4328114.011926599,0.8252710165093169
GD,105,1689975,282.6472000015201,0.0001672493380088582,0.15055797378838973,282.6472000015201,4259619.451467653,0.82578034634291,0.43590000132098794,4290689.1492266,0.8267818843373893
GD,106,1706070,286.1389000026975,0.00016771814755707414,0.1500175723721547,286.1389000026975,4223765.10701348,0.8272467992840891,0.7583999977214262,4254296.660742278,0.828251074497824
GD,107,1722165,291.0896999965189,0.00016902544181104535,0.14950115438833633,291.0896999965189,4188896.058724657,0.8286729533303473,0.4845999937970191,4218906.996999952,0.8296797799234976
GD,108,1738260,293.4104000014486,0.00016879546212962882,0.1490057119232906,293.4104000014486,4154983.9904312557,0.8300599666211324,0.4415000003064051,4184491.4050452355,0.8310691613912471
GD,109,1754355,295.4736999963643,0.00016842298166355401,0.14853022490625922,295.4736999963643,4122001.3562712143,0.8314089657900794,0.45399999362416565,4151021.912354353,0.8324203481713808
GD,110,1770450,297.5464000046486,0.00016806258296176034,0.1480756566844833,297.5464000046486,4089921.364681386,0.8327210466197827,0.43730001198127866,4118471.3106595217,0.8337344386806593
GD,111,1786545,299.60050000227056,0.00016769826676757126,0.14763978861365024,299.60050000227056,4058717.962339275,0.8339972746985828,1.0107999987667426,4086813.1397210653,0.8350125011374263
GD,112,1802640,304.84270000306424,0.0001691090289814185,0.1472219717354392,304.84270000306424,4028365.818086271,0.8352386860781101,0.8677000005263835,4056021.6710777204,0.8362555742176204
GD,113,1818735,308.6886999954004,0.00016972714551344775,0.14682474879605997,308.6886999954004,3998840.3068617126,0.836446287930388,0.44720000005327165,4026071.891805096,0.8374646677104571
GD,114,1834830,310.76730000495445,0.00016937116790381368,0.14644457703434927,310.76730000495445,3970117.493675639,0.8376210592033502,0.4410999972606078,3996939.4883107143,0.8386407631726347
GD,115,1850925,312.75820000155363,0.00016897399948758248,0.14607914050395868,312.75820000155363,3942174.1176464185,0.8387639512737072,0.43340001138858497,3968600.830192364,0.8397848145799832
GD,116,1867020,314.7086999961175,0.00016856204004034103,0.14572816960188475,314.7086999961175,3914987.5761277755,0.839875888596155,0.42100000428035855,3941032.954184824,0.8408977489755469
GD,117,1883115,316.63210000260733,0.00016814273159239203,0.14539279657582463,316.63210000260733,3888535.9089480382,0.8409577693479952,1.9439000025158748,3914213.5482182046,0.8419804671131603
GD,118,1899210,321.68280000041705,0.00016937716208340154,0.14507348800480363,321.68280000041705,3862797.7827826715,0.8420104660683014,0.6500000017695129,3888120.9356094515,0.8430338440956475
GD,119,1915305,324.57339999382384,0.00016946303591011553,0.14476850219072934,324.57339999382384,3837752.4756794716,0.8430348262908447,0.42969999776687473,3862734.059406756,0.8440587300068497
GD,120,1931400,326.6155000019353,0.00016910815988502396,0.1444778337701586,326.6155000019353,3813379.8617541036,0.8440316731700495,0.47289999201893806,3838032.466904937,0.8450559505367504
GD,121,1947495,328.69369999389164,0.00016877768620401676,0.1442002202658398,328.69369999389164,3789660.3960720254,0.8450018060993276,0.43790000199805945,3813996.2943481654,0.8460263075990363
GD,122,1963590,330.67929999378975,0.00016840547160750958,0.1439354048379844,330.67929999378975,3766575.0997312227,0.845946001321199,0.4271000070730224,3790606.2518347623,0.8469705799405016
GD,123,1979685,332.62760000070557,0.0001680204679030783,0.14368313675051708,332.62760000070557,3744105.5451586843,0.8468650125286692,0.42389999725855887,3767843.6084372606,0.8478895237417616
GD,124,1995780,335.4399999952875,0.0001680746374827323,0.14344208111967266,335.4399999952875,3722233.8416320253,0.8477595714573998,0.578399994992651,3745690.177549399,0.8487838732088044
GD,125,2011875,340.7368000043789,0.00016936280832774347,0.14321177871467725,340.7368000043789,3700942.621036303,0.8486303884682587,0.4707000043708831,3724128.302470308,0.8496543411549677
GD,126,2027970,343.06240000296384,0.00016916542158067617,0.14299117939464123,343.06240000296384,3680215.023864734,0.8494781531198945,0.4371999966679141,3703140.842234765,0.8505016195729813
GD,127,2044065,344.99709999363404,0.00016877990670239646,0.14277737974841306,344.99709999363404,3660034.6854707273,0.8503035347310324,0.42899999243672937,3682711.1576971486,0.8513263801967672
GD,128,2060160,346.91490000113845,0.0001683922122559114,0.1425714924120607,346.91490000113845,3640385.7225775295,0.8511071829322336,0.42609999945852906,3662823.097875489,0.8521292750527403
GD,129,2076255,348.87289999460336,0.00016802989035287252,0.14237338331408989,348.87289999460336,3621252.720050615,0.8518897282069086,0.4509000136749819,3643460.986560903,0.8529109370003942
GD,130,2092350,351.3273999997182,0.00016791043563443888,0.14218488700077958,351.3273999997182,3602620.7179369433,0.8526517824214144,0.545499991858378,3624609.609196639,0.8536719802620043
GD,131,2108445,356.4953000022797,0.00016907972463226677,0.142004577084411,356.4953000022797,3584475.1987742563,0.853393939344109,0.5145999894011766,3606254.2000299846,0.8544130009413134
GD,132,2124540,358.79499999282416,0.00016888126370547232,0.1418324451589676,358.79499999282416,3566802.0751726665,0.8541167751532672,0.4389000096125528,3588380.429539372,0.8551345775311086
GD,133,2140635,360.8976999967126,0.00016859375839258566,0.14166825933340493,360.8976999967126,3549587.677669993,0.8548208489338014,0.440200004959479,3570974.3921382036,0.8558372714096262
GD,134,2156730,362.9140999983065,0.00016827052992182911,0.14151231581122295,362.9140999983065,3532818.7428615293,0.8555067031627566,0.4237000102875754,3554022.5941561004,0.8565216273257573
GD,135,2172825,364.7902999946382,0.00016788756572417852,0.14136410785510042,364.7902999946382,3516482.4018042395,0.856174864183583,0.447300000814721,3537511.942097642,0.8571881738730509
GD,136,2188920,366.6947000019718,0.00016752311642361154,0.14122267555709112,366.6947000019718,3500566.16869474,0.8568258426692098,1.097699991078116,3521429.7311779447,0.8578374239525401
GD,137,2205015,371.8321000051219,0.00016863019072664898,0.14108773692478338,371.8321000051219,3485057.929819866,0.8574601340739691,0.5141000001458451,3505763.634133901,0.8584698752244404
GD,138,2221110,375.0268000003416,0.00016884656770729123,0.14095818572555988,375.0268000003416,3469945.932778068,0.8580782190744455,0.4778000002261251,3490501.6903093336,0.8590860105487895
GD,139,2237205,377.0483999978751,0.00016853547171487418,0.14083372201904468,377.0483999978751,3455218.775969455,0.8586805639993345,0.42919999395962805,3475632.2950118626,0.8596862984151186
GD,140,2253300,379.065700006322,0.0001682269116435104,0.1407152871845522,379.065700006322,3440865.398351848,0.8592676212484245,0.43929999810643494,3461144.1891388474,0.8602711933612595
GD,141,2269395,381.09029999759514,0.00016792594501952948,0.1406021815062769,381.09029999759514,3426875.069459849,0.8598398297008187,0.44550000166054815,3447026.449069376,0.8608411363814126
GD,142,2285490,383.0993000010494,0.00016762239169764446,0.1404942198319215,383.0993000010494,3413237.379683594,0.8603976151125375,0.5033999914303422,3433268.4768189597,0.8613965553236086
GD,143,2301585,387.7377000026172,0.0001684655139838925,0.1403916334507621,387.7377000026172,3399942.2308035702,0.8609413905036465,0.7693999941693619,3419859.9904532623,0.8619378652767131
GD,144,2317680,391.53179999266285,0.0001689326395329221,0.14029384296529984,391.53179999266285,3386979.826777618,0.8614715565350713,0.4710999928647652,3406791.01475697,0.8624654689471305
GD,145,2333775,393.60060000035446,0.00016865404762685113,0.1402007106462355,393.60060000035446,3374340.6647760235,0.8619885018752648,0.4258000117260963,3394051.872153652,0.8629797570253759
GD,146,2349870,395.50850000523496,0.00016831080017415216,0.14011237476137334,395.50850000523496,3362015.526460419,0.8624926035569023,0.44580000394489616,3381633.1738722855,0.8634811085426883
GD,147,2365965,397.4655000056373,0.0001679929753845206,0.14002773931077203,397.4655000056373,3349995.4695020397,0.8629842273237873,0.4572000034386292,3369525.8113559657,0.8639698912178675
GD,148,2382060,399.4851000024937,0.0001677057252976389,0.1399467788726515,399.4851000024937,3338271.8193347845,0.8634637279681541,0.45680000039283186,3357720.947908171,0.8644464617945196
GD,149,2398155,404.9698000017088,0.0001688672333530188,0.13986951881246187,404.9698000017088,3326836.161138373,0.8639314496585584,0.6150999979581684,3346210.010571855,0.8649111663689039
GD,150,2414250,408.90850000141654,0.00016937289013209755,0.13979529340672867,408.90850000141654,3315680.332046863,0.8643877262585515,0.5175999976927415,3334984.682236554,0.865364340708575
GD,151,2430345,411.06430000218097,0.00016913824992014753,0.13972403581400705,411.06430000218097,3304796.413577696,0.8648328816363346,0.43530001130420715,3324036.8939686264,0.8658063105620158
GD,152,2446440,413.0421000008937,0.00016883393829437618,0.1396563526052581,413.0421000008937,3294176.724276388,0.8652672299655927,0.4247999895596877,3313358.817559712,0.8662373919594615
GD,153,2462535,414.92720000678673,0.00016849596046626208,0.13959194725722665,414.92720000678673,3283813.8125720033,0.8656910760177077,0.42019999818876386,3302942.858288453,0.866657891505114
GD,154,2478630,416.8828999972902,0.00016819085543114148,0.13952982878789477,416.8828999972902,3273700.4498384786,0.8661047154455528,1.632699990295805,3292781.6478905207,0.867068106660947
GD,155,2494725,422.9920000070706,0.00016955456012469135,0.13947011028691417,422.9920000070706,3263829.6236569164,0.8665084350590664,0.4718999989563599,3282868.0377319935,0.8674683260223015
GD,156,2510820,425.54549999476876,0.00016948467034465583,0.1394130507386257,425.54549999476876,3254194.531273952,0.8669025130928061,0.4385000065667555,3273195.092181146,0.8678588295854708
GD,157,2526915,427.5348999944981,0.00016919243425065668,0.13935820329928802,427.5348999944981,3244788.5732513512,0.8672872194656832,0.43820000428240746,3263756.0821737302,0.8682398890074752
GD,158,2543010,429.55450000590645,0.00016891577304293197,0.1393056235042646,429.55450000590645,3235605.347302001,0.8676628160330713,0.4619999963324517,3254544.478966893,0.8686117678582206
GD,159,2559105,431.5770999965025,0.00016864376412710792,0.13925519878525014,431.5770999965025,3226638.6423075404,0.8680295568314874,0.4268000047886744,3245553.948076867,0.8689747218652377
GD,160,2575200,433.54830000316724,0.00016835519571418422,0.13920606734963356,433.54830000316724,3217882.432512894,0.8683876883160374,3.437500010477379,3236778.3433957016,0.8693289991511943
GD,161,2591295,439.23350000113714,0.0001695034722025617,0.13915859219971186,439.23350000113714,3209330.871893065,0.8687374495908153,0.5846999993082136,3228211.7014822885,0.8696748404643702
GD,162,2607390,442.0659000024898,0.00016954345149842938,0.13911281713428367,442.0659000024898,3200978.2886875803,0.8690790726324464,0.49959999159909785,3219848.2360230526,0.8700124794022828
GD,163,2623485,444.13669999630656,0.0001692926393695053,0.1390688410037893,444.13669999630656,3192819.1800980777,0.8694127825069574,0.4459000047063455,3211682.3324577296,0.8703421426286488
GD,164,2639580,446.0744999960298,0.00016899449912335666,0.13902675775373113,446.0744999960298,3184848.207144585,0.8697387975801558,0.4493000014917925,3203708.542765733,0.8706640500838618
GD,165,2655675,448.12739999906626,0.0001687433138464105,0.13898629989958405,448.12739999906626,3177060.1896761223,0.870057329721698,0.44720000005327165,3195921.5804086914,0.8709784151891656
GD,166,2671770,450.08290000259876,0.00016845869966449162,0.13894745156763383,450.08290000259876,3169450.101531348,0.8703685845030202,0.8328999974764884,3188316.315424831,0.8712854450446975
GD,167,2687865,454.7359999996843,0.00016918111586693689,0.13891020078124197,454.7359999996843,3162013.0658450457,0.8706727613893045,0.6534999993164092,3180887.7696709363,0.8715853406215736
GD,168,2703960,457.80289999675006,0.0001693083107726261,0.13887418108187422,457.80289999675006,3154744.350496336,0.8709700539256477,0.455000001238659,3173631.112207751,0.8718782969481834
GD,169,2720055,459.894700004952,0.00016907551501898013,0.13883942551110662,459.894700004952,3147639.3636945956,0.8712606499175998,0.4417000018293038,3166541.6548247295,0.8721645032908588
GD,170,2736150,462.0024000032572,0.00016885126912020802,0.13880593121671733,462.0024000032572,3140693.6496991375,0.8715447316062288,0.4430999979376793,3159614.847700162,0.8724441433290779
GD,171,2752245,463.9869999955408,0.00016858491885553097,0.13877345891162052,463.9869999955408,3133902.8846688108,0.8718224758378743,0.4199999966658652,3152846.275192789,0.8727173953253602
GD,172,2768340,465.85989999584854,0.0001682813165997849,0.13874188842119453,465.85989999584854,3127262.872637762,0.8720940542287396,0.4271000070730224,3146231.6517610857,0.8729844322900081
GD,173,2784435,470.18129999923985,0.00016886057674150764,0.13871182853439404,470.18129999923985,3120769.541613691,0.8723596333244743,0.5717000021832064,3139766.8180065374,0.8732454221408429
GD,174,2800530,473.7617000064347,0.00016916858594852928,0.1386826189547589,473.7617000064347,3114418.9397950186,0.8726193747548929,0.4591999895637855,3133447.7368372455,0.8735005278580821
GD,175,2816625,476.15570000198204,0.00016905186171463439,0.13865439824052558,476.15570000198204,3108207.231903486,0.8728734353839731,0.6389000045601279,3127270.489748381,0.8737499076345006
GD,176,2832720,478.48249999515247,0.00016891274110930572,0.13862769335995162,478.48249999515247,3102130.6956287753,0.8731219674552712,0.4380000027595088,3121231.2732160096,0.8739937150210143
GD,177,2848815,480.4825000028359,0.00016866047812962086,0.13860235616929759,480.4825000028359,3096185.7181818523,0.8733651187328918,0.4292000085115433,3115326.3952009566,0.8742320990678217
GD,178,2864910,482.4466999998549,0.000168398553532172,0.13857759955109533,482.4466999998549,3090368.792953785,0.8736030326381431,0.43899999582208693,3109552.2717594444,0.8744652044612344
GD,179,2881005,485.8338000049116,0.0001686334456222435,0.13855380352453225,485.8338000049116,3084676.516276928,0.873835848382005,1.0351000091759488,3103905.4237573296,0.8746931716563261
GD,180,2897100,491.15649999293964,0.00016953384418657956,0.13853079282384825,491.15649999293964,3079105.5842853803,0.8740637010935378,0.46799999836366624,3098382.473684843,0.8749161370055234
GD,181,2913195,493.3813999959966,0.0001693609250311073,0.13850831175708725,493.3813999959966,3073652.7898717746,0.8742867219443499,0.43530001130420715,3092980.1425688295,0.8751342328832614
GD,182,2929290,495.3261000046041,0.00016909425150961636,0.13848649745196737,495.3261000046041,3068315.0197374886,0.874505038269245,0.4275999963283539,3087695.2469795616,0.87534758780682
GD,183,2945385,497.22239999391604,0.00016881405995953534,0.1384654910391817,497.22239999391604,3063089.251533473,0.8747187736831639,0.4284000024199486,3082524.69612929,0.8755563265534577
GD,184,2961480,499.2050000000745,0.00016856605481045778,0.1384452549871954,499.2050000000745,3057972.5510889636,0.8749280481945294,0.4489999992074445,3077465.489059754,0.8757605702739542
GD,185,2977575,502.94629999552853,0.00016891137922488218,0.13842575128573906,502.94629999552853,3052962.0697254166,0.8751329783151091,0.7511000003432855,3072514.711915979,0.8759604366026685
GD,186,2993670,507.81650000135414,0.0001696300861488922,0.13840677325516262,507.81650000135414,3048055.0416530967,0.8753336771664937,0.4865000082645565,3067669.535303745,0.8761560397642201
GD,187,3009765,510.13439999951515,0.0001694930999594703,0.13838845632086094,510.13439999951515,3043248.7814477924,0.8755302545833015,0.4349999944679439,3062927.211728185,0.8763474906768943
GD,188,3025860,512.1905999985756,0.00016927108326180842,0.13837082394409594,512.1905999985756,3038540.6816052464,0.8757228172132023,0.42490000487305224,3058285.073111069,0.8765348970528716
GD,189,3041955,514.1036999993958,0.00016900437383176141,0.13835357888667152,514.1036999993958,3033928.210170917,0.8759114686138609,0.4226000019116327,3053740.5283843535,0.8767183634953772
GD,190,3058050,516.0006999940379,0.00016873520707445526,0.13833638372771154,516.0006999940379,3029408.9084427836,0.8760963093468931,0.4233999934513122,3049291.061157707,0.8768979915928452
GD,191,3074145,520.2890999935335,0.00016924676617190583,0.13831971655834047,520.2890999935335,3024980.388744966,0.8762774370689251,0.9290000016335398,3044934.22745773,0.8770738800101876
GD,192,3090240,524.9134000041522,0.0001698616935914855,0.138303434655267,524.9134000041522,3020640.332269991,0.8764549466198456,0.49170000420417637,3040667.653536693,0.8772461245772568
GD,193,3106335,527.607199997874,0.00016984877677323084,0.13828758588156964,527.607199997874,3016386.486987607,0.876628930108336,0.45140000293031335,3036489.033748677,0.877414818374588
GD,194,3122430,529.8983999964548,0.00016970705508096413,0.13827206711127332,529.8983999964548,3012216.6656181132,0.8767994769947615,0.6059000006644055,3032396.128491029,0.8775800518165032
GD,195,3138525,532.7080999995815,0.00016973199193875513,0.1382569258480373,532.7080999995815,3008128.74366821,0.8769666741715054,0.8199000003514811,3028386.762209166,0.8777419127316597
GD,196,3154620,538.5146000044188,0.00017070664612676607,0.13824203610730673,538.5146000044188,3004120.657527478,0.8771306060408244,0.6874999962747097,3024458.821462757,0.8779004864411184
GD,197,3170715,541.6824999992969,0.00017083922711416726,0.13822763827129614,541.6824999992969,3000190.4026235915,0.8772913545902994,0.45199999294709414,3020610.253051421,0.878055855834012
GD,198,3186810,543.7183000030927,0.00017061522337481454,0.1382136918865562,543.7183000030927,2996336.031634487,0.8774489994659599,0.46529999235644937,3016839.0621981043,0.8782081014408822
GD,199,3202905,545.9456999960821,0.0001704532916199769,0.13820008761192865,545.9456999960821,2992555.652755724,0.8776036180431485,0.43489999370649457,3013143.3107883586,0.8783573015047622
GD,200,3219000,548.0210999958217,0.0001702457595513581,0.13818698707222568,548.0210999958217,2988847.428021326,0.8777552854951991,0.43709999590646476,3009521.1156638255,0.8785035320500691
GD,201,3235095,550.015800006804,0.00017001534731029663,0.13817388903144281,550.015800006804,2985209.571676486,0.8779040748599941,0.9425000025657937,3005970.6469682306,0.878646866949378
GD,202,3251190,554.9679999967339,0.00017069688329403505,0.1381609326552313,554.9679999967339,2981640.3486004984,0.8780500571044665,0.5385999975260347,3002490.1265442907,0.8787873779881394
GD,203,3267285,558.0170000030193,0.00017078920265695198,0.1381482705032817,558.0170000030193,2978138.0727783972,0.8781933011871106,0.45009999303147197,2999077.82637996,0.8789251349274056
GD,204,3283380,560.1134000025922,0.0001705904890699804,0.1381358513691494,560.1134000025922,2974701.1058197836,0.878333874118562,0.4507999983616173,2995732.067102491,0.8790602055646268
GD,205,3299475,562.1664000063902,0.0001703805605456596,0.13812359858347667,562.1664000063902,2971327.855523384,0.8784718410203083,0.4219000111334026,2992451.216518846,0.879192655792575
GD,206,3315570,564.0565999929095,0.0001701235684943794,0.13811144667749042,564.0565999929095,2968016.7744859327,0.8786072651815856,0.4172000044491142,2989233.688201017,0.879322549656456
GD,207,3331665,565.9892999974545,0.0001698818158480683,0.1380994334216263,565.9892999974545,2964766.358754004,0.878740208114519,0.4673000075854361,2986077.9401148763,0.8794499494092639
GD,208,3347760,570.7389000017429,0.00017048381604468148,0.13808741990815349,570.7389000017429,2961575.146517459,0.8788707296075612,0.6663999956799671,2982982.473291216,0.8795749155654319
GD,209,3363855,573.950000005425,0.00017062269331033145,0.1380754793597856,573.950000005425,2958441.7168432367,0.8789988877772807,0.45649999810848385,2979945.8305376596,0.8796975069528332
GD,210,3379950,576.0830999934115,0.00017044130830142797,0.13806367818263254,576.0830999934115,2955364.688448217,0.8791247391185522,0.4437000025063753,2976966.595190202,0.8798177807631826
GD,211,3396045,578.1095999991521,0.00017023025313243851,0.13805196517356982,578.1095999991521,2952342.7185099656,0.8792483385531973,0.4417999880388379,2974043.38990314,0.8799357926008873
GD,212,3412140,580.0959000043804,0.00017000940758713897,0.1380403445449281,580.0959000043804,2949374.50151417,0.8793697394771245,0.4275999963283539,2971174.875476203,0.880051596530397
GD,213,3428235,582.13359999354,0.00016980562884211264,0.13802880071593157,582.13359999354,2946458.768137648,0.8794889938060151,0.44319999869912863,2968359.7497177552,0.8801652451220969
GD,214,3444330,584.5694000017829,0.00016971933583651477,0.13801738717803824,584.5694000017829,2943594.2841658024,0.879606152019599,0.6192000000737607,2965596.746342919,0.8802767894967913
GD,215,3460425,590.4331000056118,0.00017062444642077543,0.13800609280804133,590.4331000056118,2940779.8494434757,0.8797212632045653,0.4641999985324219,2962884.63390557,0.8803862793688197
GD,216,3476520,592.753899996751,0.00017050208254137787,0.1379947471562695,592.753899996751,2938014.2968581533,0.8798343750961498,0.4317999992053956,2960222.2147631445,0.8804937630878484
GD,217,3492615,594.6988999930909,0.00017027324797983486,0.137983449728887,594.6988999930909,2935296.4913545153,0.8799455341184395,0.4234999942127615,2957608.324073231,0.8805992876793786
GD,218,3508710,596.6256999963662,0.00017004132572836345,0.13797224192737978,596.6256999963662,2932625.328979367,0.8800547854234356,0.4621999978553504,2955041.828820979,0.8807028988840104
GD,219,3524805,598.7661999970442,0.00016987214895491926,0.13796112713123088,598.7661999970442,2929999.735956003,0.8801621729289127,0.47820000327192247,2952521.626876365,0.8808046411955023
GD,220,3540900,601.2685000023339,0.00016980668756596737,0.13795005093419888,601.2685000023339,2927418.6677870825,0.8802677393551107,0.6351000047288835,2950046.646080385,0.8809045578976614
GD,221,3556995,606.6773000056855,0.0001705589409053669,0.13793919982376285,606.6773000056855,2924881.1083851433,0.8803715262602972,0.5109999910928309,2947615.843359282,0.8810026911001034
GD,222,3573090,609.089599995059,0.00017046578731435788,0.13792828981791674,609.089599995059,2922386.0692298864,0.8804735740752353,0.49619999481365085,2945228.2038659374,0.881099081772915
GD,223,3589185,611.2101000035182,0.000170292169393196,0.13791750782083856,611.2101000035182,2919932.5885514,0.8805739221365891,0.4405999934533611,2942882.7401475925,0.8811937697802529
GD,224,3605280,613.1645999994362,0.00017007405804803959,0.13790666712213287,613.1645999994362,2917519.730538523,0.8806726087193031,0.4222999996272847,2940578.491339063,0.8812867939129154
GD,225,3621375,615.0420000049053,0.0001698365952172601,0.1378958016239464,615.0420000049053,2915146.5845715506,0.8807696710679834,0.4206000012345612,2938314.5223806803,0.881378191919914
GD,226,3637470,616.940899999463,0.00016960714452613024,0.13788480392403638,616.940899999463,2912812.264478546,0.8808651454273156,2.8060999902663752,2936089.9232601817,0.8814680005390787
GD,227,3653565,623.0492000031518,0.0001705318503990354,0.13787388482229015,623.0492000031518,2910515.907814507,0.880959067071547,0.550000011571683,2933903.8082777946,0.8815562555267278
GD,228,3669660,626.0223999997834,0.00017059411498607048,0.13786301932673506,626.0223999997834,2908256.6751626832,0.8810514703330629,0.4751999949803576,2931755.315333824,0.8816429916864275
GD,229,3685755,628.3841999975266,0.00017048995388937316,0.13785221034258396,628.3841999975266,2906033.7494573533,0.8811423886300845,0.4292999947210774,2929643.6052380158,0.881728242896874
GD,230,3701850,630.3997999930289,0.00017029317773357345,0.13784142864241392,630.3997999930289,2903846.335327396,0.8812318544935185,0.4358000005595386,2927567.861040036,0.8818120421389227
GD,231,3717945,632.4061000050278,0.00017009560389005967,0.1378307369290445,632.4061000050278,2901693.6584600066,0.88131989959298,0.4582999972626567,2925527.2873804104,0.8818944215217905
GD,232,3734040,637.2254000016255,0.0001706530728116532,0.13782009721077565,637.2254000016255,2899574.964983925,0.8814065547620189,0.7438000029651448,2923521.109861283,0.8819754123084595
GD,233,3750135,641.219800003455,0.00017098579117910556,0.1378094278896086,641.219800003455,2897489.520871588,0.8814918500225726,0.4743000026792288,2921548.5744363796,0.8820550449403041
GD,234,3766230,643.4579000051599,0.00017084933740243159,0.13779864968034963,643.4579000051599,2895436.611359588,0.8815758146086689,0.4335999983595684,2919608.9468195937,0.8821333490609666
GD,235,3782325,645.3919000050519,0.00017063364465112117,0.13778797305590382,645.3919000050519,2893415.540386892,0.8816584769894029,0.4935000033583492,2917701.5119115873,0.8822103535395068
GD,236,3798420,647.4733000068227,0.00017045858541362533,0.13777721848817678,647.4733000068227,2891425.6300502573,0.8817398648912113,0.4327999922679737,2915825.5732438867,0.8822860864928428
GD,237,3814515,649.4787999981781,0.00017026510578623446,0.13776635911730262,649.4787999981781,2889466.2200763104,0.8818200053194638,0.46999999904073775,2913980.452439891,0.8823605753075116
GD,238,3830610,654.1640999930678,0.0001707728273024578,0.13775547051718515,654.1640999930678,2887536.667309765,0.8818989245793956,1.0117000056197867,2912165.4886922985,0.8824338466607651
GD,239,3846705,658.4803000005195,0.00017118034785628726,0.13774454102735764,658.4803000005195,2885636.3452172875,0.881976648296399,0.48660000902600586,2910380.0382564263,0.8825059265410254
GD,240,3862800,661.0087000008207,0.000171121647509791,0.13773353932224713,661.0087000008207,2883764.6434065155,0.8820532014356963,0.45610000961460173,2908623.4739589314,0.8825768402677183
GD,241,3878895,663.0194000026677,0.0001709299684581995,0.13772247338569202,663.0194000026677,2881920.9671597537,0.8821286083214115,0.4440000047907233,2906895.1847214596,0.8826466125105034
GD,242,3894990,665.0759000040125,0.00017075163222601662,0.13771144793668363,665.0759000040125,2880104.736981902,0.8822028926550596,0.44839999463874847,2905194.575098757,0.8827152673079209
GD,243,3911085,667.0105999946827,0.00017054362152565917,0.13770031606962505,667.0105999946827,2878315.3881621556,0.8822760775334741,1.3885000080335885,2903521.0648307935,0.8827828280854737
GD,244,3927180,672.2975000011502,0.0001711909054337082,0.1376891211629392,672.2975000011502,2876552.37034907,0.8823481854661867,0.5049000028520823,2901874.0884084627,0.8828493176731588
GD,245,3943275,675.33509999339,0.00017126249120170164,0.13767784842132175,675.33509999339,2874815.147138554,0.8824192383922776,0.4498000052990392,2900253.0946524446,0.88291475832247
GD,246,3959370,677.3746999970172,0.00017108143467193447,0.1376665883816813,677.3746999970172,2873103.1956743994,0.8824892576967158,0.43230000301264226,2898657.546304817,0.8829791717228849
GD,247,3975465,679.392399993958,0.000170896335395723,0.13765533236682195,679.392399993958,2871416.006260955,0.8825582642261988,0.4523999959928915,2897086.919633013,0.8830425790178524
GD,248,3991560,681.4573000010569,0.0001707245538088008,0.1376440324276155,681.4573000010569,2869753.081987566,0.8826262783045147,0.4329999937908724,2895540.704045758,0.883105000820299
GD,249,4007655,683.4209999942686,0.0001705289003155882,0.13763275749005277,683.4209999942686,2868113.9383644164,0.8826933197474354,1.6707000031601638,2894018.4017206035,0.8831664572276642
GD,250,4023750,688.7506000057328,0.0001711713202872278,0.13762148465198853,688.7506000057328,2866498.1029694085,0.8827594078771597,0.5570000066654757,2892519.527242699,0.8832269678364841
GD,251,4039845,692.1653000026708,0.00017133461803674915,0.13761022223098998,692.1653000026708,2864905.1151057538,0.8828245615363182,0.4611000040313229,2891043.6072544553,0.8832865517565355
GD,252,4055940,694.146499998169,0.00017114318752204643,0.13759889572074155,694.146499998169,2863334.5254699225,0.8828887991015537,0.44129999878350645,2889590.1801157664,0.8833452276245513
GD,253,4072035,696.0521000000881,0.0001709347046378747,0.1375874132284431,696.0521000000881,2861785.8958296436,0.8829521384966913,0.5031999899074435,2888158.795574451,0.8834030136175263
GD,254,4088130,698.096499996609,0.0001707618153034784,0.13757587934519375,698.096499996609,2860258.7987116408,0.8830145972055103,0.4450999986147508,2886749.01444661,0.8834599274656211
GD,255,4104225,700.1349000056507,0.0001705888200587567,0.13756433152367384,700.1349000056507,2858752.8170987912,0.8830761922841304,2.327900001546368,2885360.4083065866,0.8835159864646785
GD,256,4120320,705.9654000040609,0.0001713375174753565,0.13755274424632835,705.9654000040609,2857267.544136429,0.8831369403730236,0.530999997863546,2883992.5591862267,0.8835712074883647
GD,257,4136415,709.0405000053579,0.00017141425606602767,0.13754118705125426,709.0405000053579,2855802.582847499,0.8831968577086651,0.44249999336898327,2882645.0592831634,0.8836256069999459
GD,258,4152510,711.0956999968039,0.0001712447892953428,0.13752959793315483,711.0956999968039,2854357.5458562854,0.8832559601348323,0.43899999582208693,2881317.5106778387,0.8836792010637121
GD,259,4168605,713.0845000065165,0.00017106070256273177,0.1375180945304349,713.0845000065165,2852932.055120459,0.8833142631135648,0.42779999785125256,2880009.525058988,0.8837320053560603
GD,260,4184700,714.9759000021731,0.0001708547566138966,0.13750674834384471,714.9759000021731,2851525.7416711734,0.8833717817357936,0.4209999897284433,2878720.723457342,0.8837840351762444
GD,261,4200795,716.8921999982558,0.00017065631624448607,0.1374954390755327,716.8921999982558,2850138.2453609626,0.8834285307316534,3.3841999975265935,2877450.735987268,0.8838353054568056
GD,262,4216890,723.0457999976352,0.00017146423074769206,0.13748409291161062,723.0457999976352,2848769.2146192063,0.8834845244804829,0.47959999938029796,2876199.2015961283,0.8838858307736907
GD,263,4232985,725.5547999957344,0.00017140500143414974,0.13747268432376228,725.5547999957344,2847418.306214916,0.8835397770205277,0.44750000233761966,2874965.7678211043,0.8839356253560697
GD,264,4249080,727.5886999996146,0.0001712344083894901,0.13746116443779133,727.5886999996146,2846085.185026623,0.8835943020583518,0.4284000024199486,2873750.090553254,0.883984703095861
GD,265,4265175,729.5849999936763,0.000171056287255195,0.13744956541780415,729.5849999936763,2844769.52381914,0.8836481129779677,0.4743000026792288,2872551.8338085907,0.8840330775569725
GD,266,4281270,731.652500006021,0.00017089613596106318,0.1374378950930967,731.652500006021,2843471.003027003,0.8837012228496945,0.43559999903663993,2871370.6695059584,0.8840807619842693
GD,267,4297365,733.6032000021078,0.00017071000485230082,0.13742619273376108,733.6032000021078,2842189.3105443493,0.8837536444387513,0.786300006438978,2870206.277251488,0.8841277693122758
GD,268,4313460,738.3968000067398,0.0001711843392558966,0.13741440688387144,738.3968000067398,2840924.141521079,0.8838053902135942,0.96750000375323,2869058.3441294525,0.8841741121736182
GD,269,4329555,741.6196999984095,0.00017129236145479375,0.137402574057355,741.6196999984095,2839675.1981650633,0.8838564723540063,0.4506000113906339,2867926.5644992953,0.8842198029072189
GD,270,4345650,743.6521000054199,0.00017112563137975214,0.13739065744011872,743.6521000054199,2838442.18955024,0.883906902758947,0.4239999980200082,2866810.6397986673,0.8842648535662486
GD,271,4361745,745.5326000053901,0.00017092530627200585,0.137378727054559,745.5326000053901,2837224.8314303993,0.8839566930541675,0.44419999176170677,2865710.2783522718,0.8843092759258425
GD,272,4377840,747.638700006064,0.00017077798640563932,0.137366850584254,747.638700006064,2836022.846058496,0.8840058545996012,0.43400000140536577,2864625.195186348,0.8843530814905901
GD,273,4393935,749.5839000039268,0.00017059512714774497,0.1373550170915493,749.5839000039268,2834835.9620113038,0.8840543984965359,1.3310000067576766,2863555.1118486044,0.8843962815018049
GD,274,4410030,754.6524000063073,0.0001711218291046336,0.13734321679265965,754.6524000063073,2833663.9140192536,0.8841023355945727,0.6863000016892329,2862499.7562334603,0.8844388869445792
GD,275,4426125,757.6465000020107,0.00017117602869372436,0.13733138311680052,757.6465000020107,2832506.4428012995,0.8841496764983805,0.4611000040313229,2861458.8624124043,0.8844809085546324
GD,276,4442220,759.7633999976097,0.00017103236669899503,0.13731953879043818,759.7633999976097,2831363.294904654,0.884196431574251,0.4563000111375004,2860432.1704693343,0.8845223568249589
GD,277,4458315,762.0235999929719,0.00017092188416318091,0.1373076570503986,762.0235999929719,2830234.22254923,0.8842426109564603,0.4515000036917627,2859419.42634071,0.8845632420122814
GD,278,4474410,764.0482999995584,0.00017075956383066335,0.13729583613107954,764.0482999995584,2829118.983476675,0.8842882245534446,0.4430000117281452,2858420.3816603846,0.8846035741433145
GD,279,4490505,766.0127999988617,0.0001705850010185629,0.1372840562959564,766.0127999988617,2828017.340803818,0.884333282053793,0.48579998838249594,2857434.79360896,0.8846433630208467
GD,280,4506600,771.2573000026168,0.00017113950650215614,0.13727225531943052,771.2573000026168,2826929.062880424,0.8843777929320666,0.7350999949267134,2856462.4247675356,0.8846826182296448
GD,281,4522695,774.7954999940703,0.00017131279027086068,0.13726043684987033,774.7954999940703,2825853.9231511084,0.8844217664544455,0.5799999926239252,2855503.0429757074,0.8847213491421863
GD,282,4538790,777.494599999045,0.00017129997201876382,0.13724859595628447,777.494599999045,2824791.700021283,0.8844652116842115,0.49590000708121806,2854556.4211937003,0.8847595649242254
GD,283,4554885,779.8129000002518,0.00017120364180440382,0.13723678847084775,779.8129000002518,2823742.17672702,0.8845081374870714,0.48829999286681414,2853622.3373684934,0.8847972745401975
GD,284,4570980,782.16610000527,0.00017111562509686544,0.1372249102814259,782.16610000527,2822705.141208702,0.884550552536324,0.4526000120677054,2852700.5743038245,0.8848344867584674
GD,285,4587075,784.8850000009406,0.00017110795005552355,0.13721303549140484,784.8850000009406,2821680.3859883444,0.8845924653178783,0.7097999914549291,2851790.9195339535,0.8848712101564253
GD,286,4603170,790.7921000005445,0.00017179293834478077,0.137201157736965,790.7921000005445,2820667.70805049,0.8846338841351247,0.50889998965431,2850893.1652010707,0.8849074531254361
GD,287,4619265,793.1083000003127,0.00017169577844101014,0.13718928136639022,793.1083000003127,2819666.9087265437,0.8846748171136652,0.4321000014897436,2850007.1079362314,0.8849432238756457
GD,288,4635360,795.0447000039276,0.0001715173578759638,0.1371774011170195,795.0447000039276,2818677.7935824613,0.8847152722059082,0.4439999902388081,2849132.5487437276,0.8849785304406502
GD,289,4651455,797.0624000008684,0.0001713576504557968,0.13716552099455093,797.0624000008684,2817700.172309685,0.8847552571955279,0.46320000546984375,2848269.2928887713,0.8850133806820286
GD,290,4667550,799.196199994185,0.00017122391832849888,0.13715362435827508,799.196199994185,2816733.8586192145,0.8847947797017978,0.46350000775419176,2847417.149788398,0.8850477822937483
GD,291,4683645,803.6392000067281,0.0001715841401316129,0.13714171480813103,803.6392000067281,2815778.6701387395,0.8848338471837974,0.677400006679818,2846575.9329054966,0.8850817428064426
GD,292,4699740,807.313700002851,0.00017177837497454136,0.13712981180076247,807.313700002851,2814834.428312717,0.8848724669444996,0.46999999904073775,2845745.4596458664,0.8851152695915669
GD,293,4715835,809.5762000011746,0.0001716718672305487,0.1371179185578895,809.5762000011746,2813900.9583053244,0.8849106461347396,0.47729999641887844,2844925.551258205,0.885148369865436
GD,294,4731930,811.6148999979487,0.00017151878831638437,0.13710603780903793,811.6148999979487,2812978.0889061815,0.8849483917570706,0.42379999649710953,2844116.0327369436,0.8851810506931469
GD,295,4748025,813.5209000029135,0.0001713387987643101,0.13709412844023622,813.5209000029135,2812065.6524387756,0.8849857106695104,0.42219999886583537,2843316.7327278485,0.8852133189923896
GD,296,4764120,815.414900003816,0.00017115750652876418,0.1370822005640077,815.414900003816,2811163.484671491,0.8850226095891786,0.42830000165849924,2842527.483436292,0.8852451815371503
GD,297,4780215,817.3551999934716,0.00017098712087081262,0.13707028816056513,817.3551999934716,2810271.424731176,0.8850590950958332,0.6979000027058646,2841748.120538122,0.8852766449613098
GD,298,4796310,822.9139000031864,0.00017157229203349793,0.1370583651339919,822.9139000031864,2809389.315019163,0.885095173635305,0.4807999939657748,2840978.4830930494,0.8853077157621397
GD,299,4812405,825.5529000016395,0.00017154684611990045,0.1370464205785472,825.5529000016395,2808517.001129669,0.8851308515228345,0.4487999976845458,2840218.4134604773,0.885338400303701
GD,300,4828500,827.6672999927541,0.00017141292326659503,0.1370344521895573,827.6672999927541,2807654.331770507,0.8851661349463155,0.43670000741258264,2839467.7572176945,0.8853687048201466
GD,301,4844595,829.6528000064427,0.00017125328329952095,0.13702248418468713,829.6528000064427,2806801.1586860376,0.8852010299694459,0.4378000012366101,2838726.3630803702,0.8853986354189302
GD,302,4860690,831.6939000069397,0.00017110613925326232,0.1370105881580512,831.6939000069397,2805957.3365822863,0.885235542534791,0.42699999175965786,2837994.0828252733,0.8854281980839271
GD,303,4876785,833.612100002938,0.00017093476542495476,0.13699868706225274,833.612100002938,2805122.723054172,0.8852696784667591,2.6070000021718442,2837270.771215153,0.8854573986784667
GD,304,4892880,839.3670999939786,0.0001715486788954519,0.13698683791383345,839.3670999939786,2804297.178514775,0.8853034434744953,0.5667000077664852,2836556.2859257148,0.88548624294828
GD,305,4908975,842.2684999968624,0.00017157726409217043,0.13697502601385067,842.2684999968624,2803480.566126584,0.885336843154693,0.4454000008990988,2835850.487474629,0.885514736524366
GD,306,4925070,844.263899998623,0.00017142170568106097,0.13696318867931723,844.263899998623,2802672.751734669,0.8853698829943271,0.4493000014917925,2835153.239152514,0.8855428849257778
GD,307,4941165,846.1716000019806,0.00017124941182939258,0.13695137210021557,846.1716000019806,2801873.60380171,0.8854025683733115,0.43629998981487006,2834464.406955827,0.885570693562332
GD,308,4957260,848.1467999954475,0.00017109185315990032,0.13693963855791794,848.1467999954475,2801082.9933448387,0.8854349045670826,0.450999999884516,2833783.859521616,0.8855981677372426
GD,309,4973355,850.1159000006737,0.0001709340877537746,0.1369278781640444,850.1159000006737,2800300.793874231,0.8854668967491103,1.6357999993488193,2833111.4680640674,0.8856253126496829
GD,310,4989450,855.6050000042887,0.00017148282876956153,0.13691618608010633,855.6050000042887,2799526.881333397,0.8854985499933405,0.5626000056508929,2832447.1063128086,0.8856521333972759
GD,311,5005545,858.7421999982325,0.0001715581819758353,0.13690449640804367,858.7421999982325,2798761.1340411236,0.8855298692765696,0.436800008174032,2831790.650452893,0.8856786349785174
GD,312,5021640,860.8345999964513,0.0001714249926311825,0.13689280607971632,860.8345999964513,2798003.4326350163,0.8855608594807537,0.4397000011522323,2831141.9790664394,0.885704822295132
GD,313,5037735,862.854699997115,0.0001712783026493285,0.13688109116478014,862.854699997115,2797253.6600165935,0.8855915253952542,0.4749999934574589,2830500.973075864,0.885730700154365
GD,314,5053830,864.85110000649,0.00017112785748758664,0.13686941837229358,864.85110000649,2796511.7012978806,0.8856218717190221,0.4211000050418079,2829867.5156886573,0.8857562732712112
GD,315,5069925,866.8108999991091,0.00017097114848821414,0.13685778879624316,866.8108999991091,2795777.443749478,0.8856519030627219,3.556699986802414,2829241.492343671,0.8857815462705845
GD,316,5086020,872.7314999996452,0.00017159419349504037,0.13684621275902975,872.7314999996452,2795050.776750031,0.885681623950799,0.4870999982813373,2828622.790658854,0.8858065236894266
GD,317,5102115,875.3045000048587,0.00017155718755944519,0.13683468323960754,875.3045000048587,2794331.5917370883,0.8857110388234883,0.44240000715944916,2828011.30038041,0.8858312099787601
GD,318,5118210,877.2787000052631,0.00017140342033743498,0.13682315374603174,877.2787000052631,2793619.7821592847,0.8857401520387714,0.43310000910423696,2827406.9133333215,0.8858556095056861
GD,319,5134305,879.2695000011008,0.00017125385032659742,0.13681161356831753,879.2695000011008,2792915.243429824,0.8857689678742782,0.43729999742936343,2826809.5233732187,0.8858797265553268
GD,320,5150400,881.2834999989718,0.0001711097196332269,0.1368000623827406,881.2834999989718,2792217.872881222,0.8857974905291379,0.4405999934533611,2826219.0263395235,0.8859035653327175
GD,321,5166495,883.3431999955792,0.0001709753324053501,0.1367885010436871,883.3431999955792,2791527.5697212573,0.8858257241257814,0.7163999980548397,2825635.3200098667,0.8859271299646465
GD,322,5182590,888.1258000037633,0.00017136717355680525,0.13677692928906576,888.1258000037633,2790844.2349901195,0.8858536727116931,0.796199994510971,2825058.3040557154,0.8859504245014469
GD,323,5198685,891.2341999966884,0.0001714345454661493,0.13676536923828977,891.2341999966884,2790167.7715186942,0.8858813402611176,0.44920000073034316,2824487.87999918,0.8859734529187395
GD,324,5214780,893.4413999959361,0.00017132868500606662,0.13675379259195433,893.4413999959361,2789498.0838879705,0.8859087306767199,0.6041000015102327,2823923.951170981,0.885996219119131
GD,325,5230875,895.8534999983385,0.00017126264726232963,0.13674224761864162,895.8534999983385,2788835.078389526,0.8859358477912012,0.454099994385615,2823366.4226695173,0.8860187269338649
GD,326,5246970,898.3729000028688,0.00017121746455628082,0.13673070536334506,898.3729000028688,2788178.662987065,0.8859626953688721,0.6546000076923519,2822815.2013210263,0.8860409801244312
GD,327,5263065,903.9236999960849,0.0001717485343608876,0.13671917665070404,903.9236999960849,2787528.747278974,0.8859892771071847,1.2830000050598755,2822270.1956407917,0.8860629823841318
GD,328,5279160,908.8997999933781,0.000172167503919824,0.13670767615018678,908.8997999933781,2786885.24246187,0.8860155966382225,0.7393999985652044,2821731.3157953713,0.8860847373396054
GD,329,5295255,911.8306000018492,0.00017219767508870663,0.1366962311414511,911.8306000018492,2786248.0612951024,0.8860416575301533,0.45310000132303685,2821198.4735658164,0.8861062485523125
GD,330,5311350,913.917500001844,0.0001720687772415382,0.13668482392088332,913.917500001844,2785617.1180661977,0.8860674632886417,0.43000000005122274,2820671.5823118514,0.8861275195199814
GD,331,5327445,915.8166999986861,0.00017190542558368714,0.13667345450448667,915.8166999986861,2784992.3285572035,0.8860930173582261,0.42499999108258635,2820150.556936992,0.8861485536780168
GD,332,5343540,919.4424000015715,0.00017206615838967642,0.1366620864931786,919.4424000015715,2784373.61001191,0.8861183231236589,0.9637000039219856,2819635.3138545635,0.886169354400871
GD,333,5359635,924.7349999932339,0.0001725369358161953,0.13665071603931306,924.7349999932339,2783760.8811039333,0.8861433839112128,0.47139999514911324,2819125.7709546085,0.8861899250033802
GD,334,5375730,926.8167999980506,0.0001724076171976737,0.13663934501666,926.8167999980506,2783154.0619056174,0.8861682029899516,0.44720000005327165,2818621.847571643,0.8862102687420664
GD,335,5391825,928.876299993135,0.00017227493473789208,0.13662796969013652,928.876299993135,2782553.0738577507,0.8861927835729694,0.43169999844394624,2818123.4644532497,0.886230388816405
GD,336,5407920,930.9055000048829,0.00017213743916420416,0.1366165928983683,930.9055000048829,2781957.8397400593,0.8862171288185977,0.4377000004751608,2817630.5437294743,0.8862502883700604
GD,337,5424015,932.8611999953864,0.0001719872087365884,0.13660524934583398,932.8611999953864,2781368.28364246,0.8862412418315806,0.4189000028418377,2817143.0088830073,0.8862699704920897
GD,338,5440110,937.0292999956291,0.00017224455020130642,0.13659394422332186,937.0292999956291,2780784.3309370517,0.8862651256642204,1.094599996577017,2816660.78472013,0.8862894382181158
GD,339,5456205,941.378799994709,0.00017253361997848486,0.13658267048214615,941.378799994709,2780205.9082508236,0.8862887833174944,0.4631999909179285,2816183.7973423963,0.8863086945314707
GD,340,5472300,943.5098999965703,0.00017241560221416412,0.13657142871384623,943.5098999965703,2779632.9434390585,0.8863122177421422,0.43559999903663993,2815711.974119037,0.8863277423643091
GD,341,5488395,945.4511999938404,0.00017226369457625415,0.1365601853111848,945.4511999938404,2779065.365559412,0.8863354318397257,0.4861000052187592,2815245.243660064,0.8863465845986948
GD,342,5504490,947.4715999967884,0.00017212704537510076,0.1365489402319905,947.4715999967884,2778503.104846651,0.8863584284636632,0.44940000225324184,2814783.535790048,0.8863652240676587
GD,343,5520585,949.4902000005823,0.00017199086691004346,0.13653771281744306,949.4902000005823,2777946.0926880217,0.8863812104202359,0.4862000059802085,2814326.7815225595,0.8863836635562311
GD,344,5536680,953.8088999979664,0.0001722709096422344,0.13652654252291754,953.8088999979664,2777394.2615992506,0.8864037804695697,0.6537000008393079,2813874.9130352526,0.8864019058024476
GD,345,5552775,957.0548000046983,0.00017235612824303135,0.13651538610384092,957.0548000046983,2776847.5452011377,0.8864261413265929,0.4689999914262444,2813427.8636455676,0.8864199534983296
GD,346,5568870,959.3568999989657,0.00017227137641908784,0.13650430627821802,959.3568999989657,2776305.878196736,0.8864482956619696,0.5654999986290932,2812985.5677870405,0.886437809290841
GD,347,5584965,961.5269000059925,0.00017216346029133442,0.13649325944853302,961.5269000059925,2775769.196349104,0.8864702461030086,0.42409999878145754,2812547.960986205,0.8864554757828207
GD,348,5601060,963.4460999950534,0.00017201138712941003,0.13648223841361745,963.4460999950534,2775237.4364596116,0.8864919952345524,0.42860000394284725,2812114.979840058,0.8864729555338919
GD,349,5617155,965.3608999942662,0.00017185940213404583,0.13647124148193274,965.3608999942662,2774710.536346773,0.8865135455998412,0.4248000041116029,2811686.5619940897,0.8864902510613502
GD,350,5633250,967.2761999972863,0.00017170837438375473,0.1364602581693873,967.2761999972863,2774188.4348256127,0.8865348997013582,1.138500010711141,2811262.6461208505,0.886507364841027
GD,351,5649345,974.1508000006434,0.00017243606117180724,0.13644927502102994,974.1508000006434,2773671.071687535,0.8865560600016521,0.480200003948994,2810843.171899043,0.8865242993081356
GD,352,5665440,976.3364999962505,0.00017233198127528497,0.13643832219344407,976.3364999962505,2773158.387680687,0.8865770289241407,0.4467999970074743,2810428.0799931227,0.8865410568580931
GD,353,5681535,978.3725000015693,0.00017220214255506114,0.1364273857495381,978.3725000015693,2772650.324490799,0.8865978088538942,0.4309999931138009,2810017.312033404,0.8865576398473245
GD,354,5697630,980.4046000062954,0.00017207235289169276,0.13641649312630297,980.4046000062954,2772146.8247224945,0.8866184021383999,0.4554000042844564,2809610.810596637,0.8865740505940466
GD,355,5713725,982.514799994533,0.00017195696327606473,0.13640565357367784,982.514799994533,2771647.831881049,0.8866388110883083,0.4304000030970201,2809208.5191870644,0.8865902913790323
GD,356,5729820,985.3951999975834,0.00017197664149966026,0.13639485820729627,985.3951999975834,2771153.2903545965,0.8866590379781607,0.9470999939367175,2808810.3822179297,0.886606364446358
GD,357,5745915,990.8394999947632,0.0001724424221372511,0.13638408817130976,990.8394999947632,2770663.1453967565,0.8866790850470995,0.47990000166464597,2808416.3449934316,0.8866222720041314
GD,358,5762010,992.9893999942578,0.00017233385571948986,0.13637336059479918,992.9893999942578,2770177.343109681,0.8866989544995623,0.4454000008990988,2808026.3536911095,0.8866380162252024
GD,359,5778105,994.9296999984654,0.0001721896192607205,0.13636263486671918,994.9296999984654,2769695.83042751,0.8867186485059576,0.4199000104563311,2807640.355344647,0.8866535992478587
GD,360,5794200,996.8214999971678,0.0001720378136752559,0.1363519038049068,996.8214999971678,2769218.5551002175,0.8867381692033268,0.4591000033542514,2807258.297827093,0.8866690231765013
GD,361,5810295,998.8811999937752,0.00017191574610132105,0.13634117324427383,998.8811999937752,2768745.465677838,0.8867575186959881,0.4309999931138009,2806880.1298344666,0.8866842900823079
GD,362,5826390,1001.2696000048891,0.00017185076865861864,0.1363304550477583,1001.2696000048891,2768276.511495073,0.8867766990561665,0.9939000010490417,2806505.800869763,0.8866994020038778
GD,363,5842485,1007.4017000006279,0.00017242692107906617,0.13631979316024076,1007.4017000006279,2767811.642656255,0.8867957123246093,0.46790001215413213,2806135.261227324,0.886714360947863
GD,364,5858580,1009.6775999991223,0.00017234169372085426,0.13630918357644917,1009.6775999991223,2767350.810020665,0.8868145605111859,0.4709999921033159,2805768.461977585,0.8867291688895844
GD,365,5874675,1011.7353999958141,0.0001722198079035545,0.1362986039892737,1011.7353999958141,2766893.9651881964,0.8868332455954744,0.42409999878145754,2805405.3549521696,0.8867438277736329
GD,366,5890770,1013.6602999991737,0.00017207602741223536,0.13628803709202322,1013.6602999991737,2766441.060485346,0.8868517695273348,0.4229000041959807,2805045.8927293336,0.8867583395144573
GD,367,5906865,1015.557999999146,0.0001719284256537344,0.13627748791507655,1015.557999999146,2765992.0489515397,0.886870134227468,0.43330001062713563,2804690.028619754,0.8867727059969381
GD,368,5922960,1018.2255999970948,0.00017191161176119624,0.1362669664095725,1018.2255999970948,2765546.884325766,0.8868883415879626,0.7800000021234155,2804337.7166526327,0.8867869290769488
GD,369,5939055,1023.7836000014795,0.00017238156575439688,0.13625647136835697,1023.7836000014795,2765105.5210335213,0.8869063934728288,0.4560999950626865,2803988.9115621326,0.8868010105819025
GD,370,5955150,1025.903300003847,0.0001722716136459782,0.13624599206834903,1025.903300003847,2764667.914174053,0.8869242917185203,0.43509999522939324,2803643.568774118,0.8868149523112885
GD,371,5971245,1027.9990999988513,0.00017215825175467616,0.1362355526612358,1027.9990999988513,2764234.019507896,0.8869420381344437,0.47559999802615494,2803301.6443931987,0.886828756037194
GD,372,5987340,1030.1508999982616,0.00017205485240495138,0.13622512381023688,1030.1508999982616,2763803.793444694,0.8869596345034574,0.49980000767391175,2802963.0951900706,0.8868424235048165
GD,373,6003435,1032.2535000013886,0.0001719438121677654,0.13621470827827603,1032.2535000013886,2763377.1930312887,0.8869770825823574,0.4209999897284433,2802627.878589142,0.8868559564329621
GD,374,6019530,1034.1982999962056,0.00017180715105601362,0.13620429050370653,1034.1982999962056,2762954.175940092,0.8869943841023544,1.1314999865135178,2802295.9526564446,0.8868693565145345
GD,375,6035625,1040.5824000044959,0.00017240673501161784,0.13619388302942464,1040.5824000044959,2762534.7004577066,0.8870115407695383,0.4955000040354207,2801967.2760878047,0.8868826254170119
GD,376,6051720,1042.9040000017267,0.00017233183293373234,0.13618351151435582,1042.9040000017267,2762118.72547381,0.887028554265333,0.4324999899836257,2801641.808197296,0.8868957647829138
GD,377,6067815,1044.847099998151,0.00017219494991164874,0.13617316394119036,1044.847099998151,2761706.2104702825,0.8870454262469412,0.42899999243672937,2801319.5089059365,0.8869087762302563
GD,378,6083910,1047.3014000017429,0.0001721428160511485,0.13616284856569494,1047.3014000017429,2761297.1155105806,0.8870621583477788,0.5282999918563291,2801000.3387306416,0.8869216613529994
GD,379,6100005,1049.9309000006178,0.00017211967859052867,0.13615257959322868,1049.9309000006178,2760891.4012293387,0.8870787521779008,1.5951999957906082,2800684.2587734284,0.8869344217214817
GD,380,6116100,1054.6069999982137,0.00017243128791193959,0.1361423160051934,1054.6069999982137,2760489.0288222143,0.8870952093244157,0.665400002617389,2800371.230710848,0.8869470588828476
GD,381,6132195,1057.5392000027932,0.00017245687718717248,0.13613207282328402,1057.5392000027932,2760089.9600359355,0.8871115313518931,0.4765999910887331,2800061.2167836567,0.8869595743614642
GD,382,6148290,1059.6992000064347,0.00017235673658959398,0.13612186611136193,1059.6992000064347,2759694.1571585885,0.8871277198027615,0.4526999982772395,2799754.179786716,0.8869719696593287
GD,383,6164385,1061.748499996611,0.00017223916092142379,0.1361116631317905,1061.748499996611,2759301.5830101003,0.8871437761976962,0.44550000166054815,2799450.083059105,0.8869842462564682
GD,384,6180480,1063.6966000020038,0.0001721058234962339,0.13610150233550505,1063.6966000020038,2758912.2009329344,0.887159702036001,0.4321000014897436,2799148.890474454,0.8869964056113295
GD,385,6196575,1065.5628999957116,0.00017195997789032033,0.13609138608386412,1065.5628999957116,2758525.9747829926,0.8871754987959799,0.43319999531377107,2798850.566431489,0.8870084491611607
GD,386,6212670,1067.8527999989456,0.00017188307120753968,0.13608129567531663,1067.8527999989456,2758142.8689207006,0.8871911679353016,0.6893999961903319,2798555.075844771,0.8870203783223857
GD,387,6228765,1073.4189000068,0.0001723325410425341,0.1360712417170948,1073.4189000068,2757762.8482022975,0.887206710891356,0.4571000026771799,2798262.384135651,0.8870321944909686
GD,388,6244860,1075.5922999960603,0.00017223641522725255,0.13606121236919724,1075.5922999960603,2757385.8779713036,0.8872221290816031,0.4562999965855852,2797972.4572233986,0.8870438990427721
GD,389,6260955,1077.6961999945343,0.00017212968309060427,0.13605119323921475,1077.6961999945343,2757011.92405017,0.8872374239039144,0.5501999985426664,2797685.261516539,0.8870554933339078
GD,390,6277050,1080.09669999592,0.00017207074979423774,0.1360411987921706,1080.09669999592,2756640.952732112,0.8872525967369068,0.4596999933710322,2797400.7639043573,0.8870669787010781
GD,391,6293145,1082.3244000057457,0.00017198465949946263,0.13603125340623712,1082.3244000057457,2756272.930773105,0.8872676489402708,0.4541000089375302,2797118.9317485965,0.8870783564619124
GD,392,6309240,1084.6478000021307,0.00017191417666820896,0.13602133073226982,1084.6478000021307,2755907.825384057,0.8872825818550893,1.0845999931916595,2796839.7328753243,0.8870896279152947
GD,393,6325335,1090.9185000055004,0.00017246809852845745,0.13601144400278808,1090.9185000055004,2755545.604223142,0.8872973968041524,0.4676999960793182,2796563.135566969,0.8871007943416854
GD,394,6341430,1093.1167999951867,0.0001723770190627645,0.1360015933434869,1093.1167999951867,2755186.2353882873,0.887312095092264,0.4474000015761703,2796289.1085545253,0.8871118570034363
GD,395,6357525,1095.0486999936402,0.00017224449766121882,0.13599175212664416,1095.0486999936402,2754829.687409832,0.8873266780065423,0.4211000050418079,2796017.6210099244,0.887122817145098
GD,396,6373620,1096.9748000061372,0.00017211173556097435,0.13598195469358712,1096.9748000061372,2754475.929243319,0.8873411468167143,0.4974000039510429,2795748.642538555,0.8871336759937221
GD,397,6389715,1099.0999000059674,0.00017201078608450728,0.1359721905330587,1099.0999000059674,2754124.930262448,0.8873555027754045,0.43429998913779855,2795482.1431719493,0.8871444347591565
GD,398,6405810,1102.5957999954699,0.00017212433712449632,0.13596246863522032,1102.5957999954699,2753776.660252168,0.8873697471184172,0.873700002557598,2795218.0933606112,0.8871550946343352
GD,399,6421905,1107.686500006821,0.00017248565651575677,0.1359527769642333,1107.686500006821,2753431.089401915,0.8873838810650129,0.45390000741463155,2794956.4639669955,0.887165656795561
GD,400,6438000,1109.7958000027575,0.0001723820751790552,0.1359431129502565,1109.7958000027575,2753088.1882989816,0.8873979058181798,0.44550000166054815,2794697.2262586285,0.8871761224027841
GD,401,6454095,1111.9092000008095,0.00017227964571342837,0.13593346584906796,1111.9092000008095,2752747.9279220225,0.8874118225648991,0.4236999957356602,2794440.3519013757,0.8871864925998731
GD,402,6470190,1113.8071000023047,0.00017214441925234107,0.13592383852442247,1113.8071000023047,2752410.2796346964,0.8874256324764056,0.42209999810438603,2794185.8129528337,0.8871967685148825
GD,403,6486285,1115.691600003629,0.00017200779799278463,0.1359142269164188,1115.691600003629,2752075.215179427,0.8874393367084421,0.4206999874440953,2793933.5818558657,0.8872069512603131
GD,404,6502380,1119.2233000037959,0.0001721251757054795,0.13590464005497116,1119.2233000037959,2751742.706671298,0.8874529364015096,0.7233999931486323,2793683.631432265,0.887217041933368
GD,405,6518475,1123.9277999993647,0.00017242189315742787,0.13589508287214752,1123.9277999993647,2751412.72659206,0.8874664326811124,0.4600999964168295,2793435.9348765416,0.8872270416162037
GD,406,6534570,1126.0596999927657,0.00017232345816063882,0.1358855518464798,1126.0596999927657,2751085.2477842653,0.8874798266579979,0.4371999966679141,2793190.4657498393,0.8872369513761751
GD,407,6550665,1128.055499997572,0.00017220473035906616,0.13587603695795514,1128.055499997572,2750760.2434455133,0.8874931194283919,0.42409999878145754,2792947.197973966,0.8872467722660771
GD,408,6566760,1129.9778999964474,0.0001720754070495111,0.13586655509403106,1129.9778999964474,2750437.6871228116,0.8875063120742295,0.45259999751579016,2792706.105825551,0.88725650532438
GD,409,6582855,1132.1091999998316,0.00017197845007976503,0.13585710206043045,1132.1091999998316,2750117.5527070435,0.887519405663381,0.4295000107958913,2792467.163930308,0.8872661515754617
GD,410,6598950,1134.0712999954121,0.00017185632562686671,0.13584766767731263,1134.0712999954121,2749799.8144275504,0.8875324012498734,0.7694000087212771,2792230.34725742,0.8872757120298336
GD,411,6615045,1139.7146999952383,0.0001722912996049518,0.13583824472443143,1139.7146999952383,2749484.4468468153,0.8875452998741089,0.49259999650530517,2791995.631114029,0.8872851876843636
GD,412,6631140,1142.320800005109,0.00017226612618721803,0.13582884367030088,1142.320800005109,2749171.4248552457,0.8875581025630767,0.4292999947210774,2791762.991139832,0.8872945795224942
GD,413,6647235,1144.255199993495,0.00017214002513729317,0.13581948055765025,1144.255199993495,2748860.7236660677,0.887570810330563,0.4293000092729926,2791532.4033017885,0.887303888514456
GD,414,6663330,1146.1815999937244,0.00017201333267206104,0.13581012539444867,1146.1815999937244,2748552.318810305,0.8875834241773559,0.4241999995429069,2791303.8438889226,0.8873131156174776
GD,415,6679425,1148.1407999963267,0.00017189216137561642,0.13580079489342928,1148.1407999963267,2748246.186131866,0.8875959450914466,0.43169999844394624,2791077.28950723,0.8873222617759913
GD,416,6695520,1150.131300004432,0.00017177624740190935,0.13579147713300754,1150.131300004432,2747942.3017827147,0.8876083740482265,2.3724000056972727,2790852.7170746806,0.8873313279218348
GD,417,6711615,1155.2268999948865,0.00017212353509474045,0.1357821800494886,1155.2268999948865,2747640.64221814,0.8876207120106809,0.5579999997280538,2790630.1038163225,0.8873403149744488
GD,418,6727710,1158.3543000015197,0.00017217660987193557,0.1357729185334299,1158.3543000015197,2747341.184192111,0.8876329599295794,0.45140000293031335,2790409.427259467,0.8873492238410714
GD,419,6743805,1160.4948000021977,0.0001720830895914395,0.13576368465871347,1160.4948000021977,2747043.9047527188,0.8876451187436613,0.4602999979397282,2790190.6652289773,0.8873580554169282
GD,420,6759900,1162.534000002779,0.00017197502921681963,0.13575447292164494,1162.534000002779,2746748.7812377117,0.8876571893798194,0.4413999995449558,2789973.795842643,0.8873668105854197
GD,421,6775995,1164.469299998018,0.0001718521486509388,0.13574529965157747,1164.469299998018,2746455.791270098,0.887669172753279,0.4276999970898032,2789758.7975066327,0.8873754902183036
GD,422,6792090,1166.4007999934256,0.00017172929098310322,0.13573614806597764,1166.4007999934256,2746164.9127538498,0.887681069767774,0.6536000000778586,2789545.6489110505,0.8873840951758755
GD,423,6808185,1171.7074000043795,0.00017210275572775703,0.13572702340520967,1171.7074000043795,2745876.123869668,0.8876928813157198,0.557100007426925,2789334.3290255526,0.8873926263071448
GD,424,6824280,1175.1539999968372,0.00017220190261783472,0.13571793063787707,1175.1539999968372,2745589.40307084,0.8877046082783833,0.4512000014074147,2789124.8170950674,0.8874010844500084
GD,425,6840375,1177.1911999967415,0.00017209454159994758,0.13570886929213977,1177.1911999967415,2745304.729079164,0.8877162515260489,0.45029999455437064,2788917.0926355775,0.8874094704314203
GD,426,6856470,1179.198500001803,0.00017198332378057558,0.1356998266022936,1179.198500001803,2745022.0808809535,0.8877278119181826,0.4524999967543408,2788711.135429992,0.8874177850675586
GD,427,6872565,1181.181199994171,0.00017186904743631687,0.13569081027656477,1181.181199994171,2744741.4377231095,0.8877392903035919,0.5100999987917021,2788506.9255240876,0.8874260291639894
GD,428,6888660,1183.337099995697,0.00017178044786586897,0.13568185217797465,1183.337099995697,2744462.779109272,0.8877506875205838,0.8960999984992668,2788304.443222526,0.887434203515827
GD,429,6904755,1187.9265000025043,0.00017204469963126923,0.13567292510297851,1187.9265000025043,2744186.0847960287,0.8877620043971197,0.6511999963549897,2788103.669084945,0.8874423089078924
GD,430,6920850,1190.8691999997245,0.00017206978911545902,0.13566402937759262,1190.8691999997245,2743911.3347892067,0.887773241750967,0.44829999387729913,2787904.5839221207,0.8874503461148682
GD,431,6936945,1192.947000003187,0.00017197008193133823,0.13565515610364898,1192.947000003187,2743638.509340215,0.8877844003898486,0.4330000083427876,2787707.1687921984,0.8874583159014501
GD,432,6953040,1194.8693000013009,0.00017184847203544074,0.135646300997654,1194.8693000013009,2743367.588942468,0.8877954811115896,0.4391999973449856,2787511.404996989,0.887466219022497
GD,433,6969135,1196.8252999940887,0.00017173225945459354,0.13563747887278851,1196.8252999940887,2743098.554327861,0.8878064847042608,0.46830000064801425,2787317.27407834,0.8874740562231775
GD,434,6985230,1198.8572999980533,0.00017162746251706148,0.13562866468138335,1198.8572999980533,2742831.386463312,0.8878174119463209,0.43119999463669956,2787124.757814561,0.8874818282391139
GD,435,7001325,1201.1356000002706,0.00017155832645967308,0.13561986766125997,1201.1356000002706,2742566.0665473677,0.8878282636067546,0.8488999883411452,2786933.8382169227,0.8874895357965239
GD,436,7017420,1207.128099995316,0.00017201879038098277,0.1356110784922471,1207.128099995316,2742302.576006862,0.8878390404452098,0.47309999354183674,2786744.497526213,0.8874971796123592
GD,437,7033515,1209.419799997704,0.00017195098041273874,0.1356023155719998,1209.419799997704,2742040.896493641,0.8878497432121311,0.4667000030167401,2786556.7182093514,0.8875047603944424
GD,438,7049610,1211.525699996855,0.0001718571240106694,0.13559358187358048,1211.525699996855,2741781.00988134,0.8878603726488921,0.42189999658148736,2786370.482956072,0.8875122788416011
GD,439,7065705,1213.440299994545,0.00017173662076106278,0.13558487241242337,1213.440299994545,2741522.898262216,0.8878709294879245,0.4383999912533909,2786185.774675656,0.8875197356437996
GD,440,7081800,1215.364799994859,0.00017161806320354413,0.13557618405779137,1215.364799994859,2741266.543944039,0.8878814144528457,0.42400001257192343,2786002.5764937275,0.8875271314822681
GD,441,7097895,1217.3556000052486,0.000171509384120961,0.13556752545840992,1217.3556000052486,2741011.929447036,0.8878918282585834,0.9654000023147091,2785820.8717491003,0.8875344670296306
GD,442,7113990,1223.6536999989767,0.0001720066657387734,0.1355588991687054,1223.6536999989767,2740759.037500883,0.8879021716114986,0.46969999675638974,2785640.643990685,0.8875417429500286
GD,443,7130085,1225.8116000011796,0.00017192103600464505,0.13555028064775196,1225.8116000011796,2740507.8510417547,0.887912445209507,0.5281000048853457,2785461.8769744462,0.8875489598992455
GD,444,7146180,1228.0764000024647,0.00017185075103096545,0.1355416948475621,1228.0764000024647,2740258.3532094196,0.8879226497421965,0.43739999819081277,2785284.5546604097,0.8875561185248262
GD,445,7162275,1230.0724999950035,0.0001717432659308674,0.13553313749767393,1230.0724999950035,2740010.527344387,0.8879327858909453,0.44269999489188194,2785108.6612097304,0.8875632194661959
GD,446,7178370,1232.1217999997316,0.0001716436739816604,0.1355246212945974,1232.1217999997316,2739764.356985103,0.8879428543290355,0.4273000085959211,2784934.180981799,0.8875702633547768
GD,447,7194465,1234.1031999967527,0.00017153508982207193,0.13551614169839762,1234.1031999967527,2739519.825865191,0.8879528557217667,0.7784000044921413,2784761.098531408,0.8875772508141029
GD,448,7210560,1240.2389000053518,0.00017200313151895995,0.13550769782408362,1240.2389000053518,2739276.9179107393,0.8879627907265664,0.47679999261163175,2784589.3986059576,0.8875841824599322
GD,449,7226655,1242.8628000052413,0.00017198313742737702,0.13549929072867503,1242.8628000052413,2739035.6172376364,0.8879726599930993,0.4343999898992479,2784419.0661427183,0.8875910589003575
GD,450,7242750,1244.824699999299,0.00017187183045104399,0.1354908960729382,1244.824699999299,2738795.9081489504,0.8879824641633743,0.4253999941283837,2784250.086266128,0.8875978807359158
GD,451,7258845,1246.7720999993617,0.00017175901951334705,0.13548251537240646,1246.7720999993617,2738557.775132347,0.8879922038718506,0.4524999967543408,2784082.4442851483,0.8876046485596946
GD,452,7274940,1248.7958999990951,0.00017165720954387186,0.13547416809631235,1248.7958999990951,2738321.202857556,0.8880018797455403,0.4140999953961,2783916.125690653,0.8876113629574373
GD,453,7291035,1250.7902999932412,0.00017155181671645264,0.13546585801364724,1250.7902999932412,2738086.176173879,0.8880114924041116,0.7260999991558492,2783751.116152867,0.8876180245076469
GD,454,7307130,1256.9272999971872,0.00017201381390466396,0.13545758030036417,1256.9272999971872,2737852.6801077323,0.8880210424599881,0.4642999992938712,2783587.401518848,0.8876246337816878
GD,455,7323225,1259.281100006774,0.0001719571773374127,0.13544932425096975,1259.281100006774,2737620.69986024,0.8880305305184484,0.4668000037781894,2783424.9678100045,0.8876311913438851
GD,456,7339320,1261.3438999978825,0.00017186113972382763,0.13544109522823178,1261.3438999978825,2737390.2208048534,0.888039957177722,0.4305000038584694,2783263.8012196645,0.8876376977516243
GD,457,7355415,1263.3886999974493,0.0001717630752306225,0.1354328794399856,1263.3886999974493,2737161.2284850245,0.8880493230290862,0.42609999945852906,2783103.8881106717,0.8876441535554465
GD,458,7371510,1265.283000000636,0.00017164502252600024,0.13542469052748796,1265.283000000636,2736933.708611902,0.8880586286569592,0.42640000174287707,2782945.2150130346,0.8876505592991447
GD,459,7387605,1267.1688999980688,0.00017152634717179232,0.1354165388142574,1267.1688999980688,2736707.647062076,0.8880678746389922,2.7314999897498637,2782787.768621604,0.8876569155198574
GD,460,7403700,1273.0560000054538,0.000171948620285189,0.13540842442555454,1273.0560000054538,2736483.0298753516,0.8880770615461614,0.5060999974375591,2782631.535793793,0.8876632227481596
GD,461,7419795,1275.5666000011843,0.00017191399492859092,0.13540037175549016,1275.5666000011843,2736259.8432525625,0.8880861899428565,0.4589000018313527,2782476.503547334,0.8876694815081546
GD,462,7435890,1278.042899997672,0.00017187490670217984,0.1353923434409863,1278.042899997672,2736038.0735534183,0.8880952603869693,0.44860001071356237,2782322.6590580703,0.8876756923175627
GD,463,7451985,1280.0856999965617,0.0001717778149038896,0.13538432433997122,1280.0856999965617,2735817.707294386,0.8881042734299802,0.4278999986127019,2782169.989657785,0.8876818556878087
GD,464,7468080,1282.0792999991681,0.00017167455356653492,0.1353763274404209,1282.0792999991681,2735598.7311466024,0.8881132296170436,0.42830000165849924,2782018.482832064,0.887687972124108
GD,465,7484175,1284.0761999977985,0.0001715721772937964,0.1353683581028997,1284.0761999977985,2735381.1319338246,0.8881221294870715,0.6484000041382387,2781868.1262181946,0.887694042125552
GD,466,7500270,1289.8516999994172,0.0001719740356013073,0.1353604167382036,1289.8516999994172,2735164.8966304106,0.8881309735728163,0.4769999941345304,2781718.907603098,0.8877000661851914
GD,467,7516365,1292.2067000035895,0.0001719190991927068,0.13535249097422924,1292.2067000035895,2734950.012359328,0.8881397624009525,0.43390000064391643,2781570.8149212897,0.887706044790118
GD,468,7532460,1294.1605999949388,0.00017181114801737265,0.13534457600948308,1294.1605999949388,2734736.466390201,0.888148496492156,0.41969999438151717,2781423.8362528794,0.8877119784215463
GD,469,7548555,1296.0201999958372,0.00017169116473230136,0.13533667943698255,1296.0201999958372,2734524.246137382,0.8881571763611833,0.42209999810438603,2781277.9598216005,0.8877178675548922
GD,470,7564650,1298.0090000055498,0.00017158877145744347,0.13532880923925678,1298.0090000055498,2734313.3391580535,0.8881658025169493,0.43849999201484025,2781133.1739928676,0.8877237126598522
GD,471,7580745,1300.006499994197,0.00017148796061524255,0.13532096398866766,1300.006499994197,2734103.7331503644,0.8881743754626034,0.7398000016110018,2780989.4672718663,0.8877295142004799
GD,472,7596840,1304.6770999935688,0.00017173944692708664,0.13531314871466057,1304.6770999935688,2733895.41595159,0.8881828956956042,0.8999999990919605,2780846.828301678,0.8877352726352619
GD,473,7612935,1308.993400001782,0.00017194333066048535,0.13530536576327884,1308.993400001782,2733688.375536322,0.8881913637077944,0.5136000108905137,2780705.2458614246,0.8877409884171932
GD,474,7629030,1311.4519999944605,0.0001719028500339441,0.1352975989848584,1311.4519999944605,2733482.600014685,0.8881997799854735,0.48499999684281647,2780564.708864449,0.8877466619938496
GD,475,7645125,1313.6108000035165,0.0001718233253221519,0.13528986506281349,1313.6108000035165,2733278.077630584,0.888208145009469,0.4312000091886148,2780425.2063565236,0.887752293807461
GD,476,7661220,1315.6038000015542,0.00017172249328456228,0.13528215769722562,1315.6038000015542,2733074.7967599756,0.8882164592552076,0.44830000842921436,2780286.727514085,0.8877578842949823
GD,477,7677315,1320.795999999973,0.0001720387922079494,0.13527446559691578,1320.795999999973,2732872.745909165,0.8882247231927848,1.022600001306273,2780149.2616424914,0.8877634338881635
GD,478,7693410,1325.3911000065273,0.00017227615582771842,0.13526678935663228,1325.3911000065273,2732671.91371313,0.8882329372870331,0.48659999447409064,2780012.79817432,0.887768943013619
GD,479,7709505,1327.588600004674,0.00017220153563745973,0.13525912937526235,1327.588600004674,2732472.2889338704,0.8882411019975901,0.454399996669963,2779877.3266676744,0.8877744120928952
GD,480,7725600,1329.5931000029668,0.0001721022444862492,0.13525149815516882,1329.5931000029668,2732273.860458784,0.8882492177789643,0.4665000014938414,2779742.8368045297,0.8877798415425383
GD,481,7741695,1331.65760000702,0.00017201111642954416,0.1352438920910755,1331.65760000702,2732076.6172990594,0.8882572850806011,0.4470999992918223,2779609.3183891005,0.887785231774159
GD,482,7757790,1333.6137000005692,0.00017190639344459818,0.13523630648175655,1333.6137000005692,2731880.5485881064,0.8882653043469474,1.4213000104064122,2779476.7613462275,0.8877905831944987
GD,483,7773885,1338.802600002964,0.00017221795794547566,0.13522876432137965,1338.802600002964,2731685.6435799943,0.8882732760175148,0.6010999932186678,2779345.1557197957,0.8877958962054925
GD,484,7789980,1342.2938000003342,0.00017231030118181742,0.13522125205214056,1342.2938000003342,2731491.8916479256,0.8882812005269421,0.4405999934533611,2779214.491671177,0.8878011712043329
GD,485,7806075,1344.3836999940686,0.00017222274958850236,0.135213765695006,1344.3836999940686,2731299.282282725,0.888289078305058,0.44380000326782465,2779084.75947769,0.8878064085835312
GD,486,7822170,1346.3833999994677,0.0001721240269643165,0.13520632549584147,1346.3833999994677,2731107.805091357,0.8882969097769403,0.4368999943835661,2778955.9495310844,0.8878116087309792
GD,487,7838265,1348.3700000069803,0.00017202403848389666,0.1351989097663569,1348.3700000069803,2730917.449795456,0.8883046953629772,0.43259999074507505,2778828.0523360586,0.887816772030009
GD,488,7854360,1350.34760000417,0.00017192331393062836,0.1351915287305626,1350.34760000417,2730728.2062298893,0.8883124354789254,0.9539000020595267,2778701.058508782,0.8878218988594521
GD,489,7870455,1354.7298000048613,0.00017212852370096282,0.1351841800728488,1354.7298000048613,2730540.0643413323,0.8883201305359689,0.6823000003350899,2778574.958775455,0.8878269895936984
GD,490,7886550,1357.562200006214,0.00017213638409776315,0.13517685699283657,1357.562200006214,2730353.0141868694,0.8883277809407758,0.4437999887159094,2778449.7439708794,0.8878320446027534
GD,491,7902645,1359.659299996565,0.00017205116767823495,0.13516955092588342,1359.659299996565,2730167.045932613,0.8883353870955549,0.48609999066684395,2778325.4050370594,0.8878370642522948
GD,492,7918740,1361.7942999990191,0.00017197108378340736,0.13516226436443254,1361.7942999990191,2729982.149852341,0.8883429493981114,0.4194000066490844,2778201.9330218146,0.8878420489037281
GD,493,7934835,1363.6796999926446,0.00017185986854076292,0.1351550055640137,1363.6796999926446,2729798.316326163,0.8883504682419016,0.42910000775009394,2778079.3190774187,0.8878469989142423
GD,494,7950930,1365.5853999953251,0.00017175165672384554,0.13514776330421185,1365.5853999953251,2729615.53583919,0.8883579440160871,0.48719999904278666,2777957.5544592584,0.8878519146368637
GD,495,7967025,1368.1068000005325,0.00017172116316950588,0.135140537387691,1368.1068000005325,2729433.798980238,0.8883653771055883,0.6476999988080934,2777836.630524508,0.8878567964205091
GD,496,7983120,1373.4121000015875,0.0001720395158787025,0.1351333336135275,1373.4121000015875,2729253.096440545,0.8883727678911358,0.45760000648442656,2777716.5387308295,0.8878616446100386
GD,497,7999215,1375.551599994651,0.00017196082365515255,0.13512618095341575,1375.551599994651,2729073.4190125014,0.8883801167493239,0.5024999991292134,2777597.2706350824,0.8878664595463077
GD,498,8015310,1377.6565000007395,0.00017187813072741285,0.13511905635124905,1377.6565000007395,2728894.7575884075,0.8883874240526598,0.44380000326782465,2777478.817892066,0.887871241566218
GD,499,8031405,1379.638200000045,0.00017178042945163952,0.13511194787951117,1379.638200000045,2728717.1031592404,0.8883946901696153,0.43280000681988895,2777361.1722532646,0.8878759910027677
GD,500,8047500,1381.672500006971,0.00017168965517328,0.13510485410477124,1381.672500006971,2728540.446813446,0.8884019154646754,0.43509999522939324,2777244.3255656236,0.8878807081851016
GD,501,8063595,1383.6465000058524,0.00017159176521214822,0.1350977923326839,1383.6465000058524,2728364.779735739,0.8884091002983878,1.1955999943893403,2777128.269770334,0.8878853934385591
GD,502,8079690,1388.7468000029912,0.00017188119841268554,0.13509076808145012,1388.7468000029912,2728190.093205931,0.8884162450274108,0.6679999933112413,2777012.996901644,0.8878900470847234
GD,503,8095785,1392.0996999950148,0.0001719536400725828,0.13508377823043285,1392.0996999950148,2728016.378597766,0.8884233500045606,0.4337999998824671,2776898.499085675,0.8878946694414684
GD,504,8111880,1394.0747000015108,0.00017185593228715302,0.13507681063890548,1394.0747000015108,2727843.6273777746,0.8884304155788587,0.42579999717418104,2776784.7685392676,0.8878992608230057
GD,505,8127975,1395.982300004107,0.00017175031911442973,0.13506986028739484,1395.982300004107,2727671.8311041477,0.8884374420955774,0.43259999074507505,2776671.797568834,0.8879038215399307
GD,506,8144070,1397.9827000002842,0.0001716565181782922,0.13506291954708233,1397.9827000002842,2727500.9814256206,0.8884444298962857,0.4282000008970499,2776559.578569235,0.8879083518992684
GD,507,8160165,1399.955200002296,0.00017155966821777452,0.1350559947888554,1399.955200002296,2727331.0700803795,0.8884513793188944,1.1667999933706596,2776448.104022667,0.8879128522045175
GD,508,8176260,1405.0669999996899,0.00017184715261007967,0.13504908774790314,1405.0669999996899,2727162.088894973,0.8884582906976999,0.5497999954968691,2776337.3664975646,0.8879173227556958
GD,509,8192355,1408.2894000021042,0.00017190287774420228,0.1350421987727464,1408.2894000021042,2726994.0297832508,0.8884651643634279,0.44580000394489616,2776227.358647525,0.8879217638493825
GD,510,8208450,1410.384000002523,0.00017182098934665169,0.13503532283028577,1410.384000002523,2726826.8847453077,0.888472000643277,0.47110000741668046,2776118.0732102413,0.8879261757787619
GD,511,8224545,1412.4538000032771,0.00017173640608730053,0.1350284575745107,1412.4538000032771,2726660.6458664467,0.8884787998609606,0.42460000258870423,2776009.5030064546,0.8879305588336659
GD,512,8240640,1414.3385000061244,0.00017162969138393672,0.135021619148988,1414.3385000061244,2726495.305316154,0.8884855623367487,0.42559999565128237,2775901.6409389153,0.8879349133006154
GD,513,8256735,1416.24839999713,0.00017152644477473603,0.13501479149953208,1416.24839999713,2726330.8553470913,0.8884922883875099,0.4444999940460548,2775794.4799913676,0.8879392394628614
GD,514,8272830,1421.0583999956725,0.00017177415708961413,0.13500798574846176,1421.0583999956725,2726167.288294097,0.8884989783267515,0.6706999993184581,2775688.0132275424,0.887943537600426
GD,515,8288925,1424.368099993444,0.00017183990686288561,0.13500118941295092,1424.368099993444,2726004.596573208,0.8885056324646596,0.4602999979397282,2775582.2337901643,0.8879478079901423
GD,516,8305020,1426.4760999940336,0.00017176070617458278,0.13499441939588913,1426.4760999940336,2725842.7726806863,0.8885122511081394,0.46099998871795833,2775477.1348999725,0.8879520509056936
GD,517,8321115,1428.5199000005377,0.00017167409656044144,0.13498768644357714,1428.5199000005377,2725681.809192067,0.8885188345608533,0.4284000024199486,2775372.70985476,0.8879562666176528
GD,518,8337210,1430.4925000033109,0.00017157928131872783,0.1349809711148351,1430.4925000033109,2725521.6987612126,0.8885253831232609,0.4397000011522323,2775268.95202842,0.8879604553935205
GD,519,8353305,1432.5263999926392,0.00017149216986481867,0.1349742734575021,1432.5263999926392,2725362.4341193847,0.8885318970926555,0.420899988966994,2775165.854870007,0.8879646174977628
GD,520,8369400,1434.6833000017796,0.00017142008985133696,0.13496759306189152,1434.6833000017796,2725204.008074326,0.8885383767632022,0.7293000089703128,2775063.4119028156,0.8879687531918489
GD,521,8385495,1440.5442999996012,0.00017179001358889382,0.1349609395436448,1440.5442999996012,2725046.4135093554,0.8885448224259758,0.4957000055583194,2774961.616723463,0.8879728627342878
GD,522,8401590,1442.8519000066444,0.00017173557624290694,0.13495430004999562,1442.8519000066444,2724889.6433824752,0.8885512343689955,0.4496000037761405,2774860.4630009946,0.8879769463806646
GD,523,8417685,1444.8072999948636,0.00017163950658582064,0.13494767797575602,1444.8072999948636,2724733.690725488,0.888557612877263,0.43110000842716545,2774759.944475993,0.8879810043836763
GD,524,8433780,1446.700200001942,0.00017153639293435944,0.13494106962770455,1446.700200001942,2724578.5486431317,0.8885639582327961,0.48630000674165785,2774660.054959703,0.8879850369931674
GD,525,8449875,1448.7804999953369,0.0001714558499380567,0.13493447906090242,1448.7804999953369,2724424.2103122175,0.8885702707146655,0.47039998753461987,2774560.788333171,0.8879890444561641
GD,526,8465970,1450.9525000030408,0.00017138644479050135,0.1349279072093925,1450.9525000030408,2724270.6689807866,0.8885765505990282,0.5939999973634258,2774462.13854639,0.8879930270169096
GD,527,8482065,1456.540600003791,0.00017172004694656208,0.1349213445563138,1456.540600003791,2724117.9179672734,0.8885827981591619,0.4996000061510131,2774364.0996174603,0.8879969849168973
GD,528,8498160,1458.8337000022875,0.0001716646544666478,0.13491479860009306,1458.8337000022875,2723965.9506596825,0.8885890136654994,0.45170000521466136,2774266.665631765,0.8880009183949044
GD,529,8514255,1460.936200004653,0.00017158708542375735,0.13490826104134987,1460.936200004653,2723814.760514776,0.8885951973856607,0.450699997600168,2774169.8307411456,0.888004827687025
GD,530,8530350,1462.97290000075,0.0001715020954592426,0.13490173310342604,1462.97290000075,2723664.341057271,0.8886013495844871,0.4400000034365803,2774073.5891631003,0.888008713026703
GD,531,8546445,1464.8962000064785,0.00017140415693384542,0.1348952257585223,1464.8962000064785,2723514.6858790466,0.8886074705240723,0.4138999938732013,2773977.93517999,0.8880125746447634
GD,532,8562540,1466.8264999927487,0.00017130740411055,0.1348887329026057,1466.8264999927487,2723365.7886383645,0.8886135604637952,2.6707999932114035,2773882.863138247,0.8880164127694445
GD,533,8578635,1471.9878000032622,0.00017158764768558893,0.13488224578450297,1471.9878000032622,2723217.6430590954,0.8886196196603514,0.5005999992135912,2773788.3674476063,0.8880202276264295
GD,534,8594730,1474.8205999931088,0.0001715959198244865,0.13487576566649512,1474.8205999931088,2723070.242929962,0.8886256483677839,0.4309000069042668,2773694.4425803414,0.8880240194388763
GD,535,8610825,1476.7950999957975,0.00017150448418076057,0.13486929874025397,1476.7950999957975,2722923.5821037847,0.888631646837514,0.44999999227002263,2773601.0830705063,0.8880277884274491
GD,536,8626920,1478.8301999942632,0.00017142041423755678,0.13486285699781778,1478.8301999942632,2722777.654496739,0.888637615318372,0.45759999193251133,2773508.2835131967,0.8880315348103476
GD,537,8643015,1481.1415000003763,0.00017136861384602206,0.1348564320396715,1481.1415000003763,2722632.454087629,0.8886435540566265,0.4515000036917627,2773416.0385638135,0.888035258803337
GD,538,8659110,1483.2771999936085,0.0001712967267991293,0.1348500160373452,1483.2771999936085,2722487.974917161,0.8886494632960144,1.7144000012194738,2773324.3429373386,0.8880389606197773
GD,539,8675205,1488.6618000018643,0.00017159961061460384,0.13484362027265948,1488.6618000018643,2722344.2110872306,0.8886553432777696,0.5883999983780086,2773233.191407623,0.8880426404706515
GD,540,8691300,1491.6675999993458,0.00017162767365058688,0.1348372470073361,1491.6675999993458,2722201.156760222,0.8886611942406525,0.4335999983595684,2773142.578806678,0.8880462985645952
GD,541,8707395,1493.6413999967044,0.00017153711299380635,0.13483089571897286,1493.6413999967044,2722058.8061583107,0.8886670164209776,0.43119999463669956,2773052.5000239825,0.8880499351079236
GD,542,8723490,1495.6013000046369,0.00017144529311143096,0.1348245546015172,1495.6013000046369,2721917.15356278,0.8886728100526421,0.4334999975981191,2772962.9500057953,0.8880535503046597
GD,543,8739585,1497.5945000041975,0.00017135762167244754,0.13481822410776517,1497.5945000041975,2721776.1933133425,0.8886785753671534,0.44469999556895345,2772873.923754478,0.8880571443565617
GD,544,8755680,1499.590299994452,0.00017127056950396222,0.13481192142879714,1499.590299994452,2721635.919807473,0.8886843125936565,0.5013000045437366,2772785.416327825,0.8880607174631499
GD,545,8771775,1503.9518999983557,0.00017145354275484217,0.1348056441988135,1503.9518999983557,2721496.327499749,0.8886900219589606,0.7271000067703426,2772697.4228384057,0.8880642698217333
GD,546,8787870,1507.1778999990784,0.0001715066221961725,0.13479938166892536,1507.1778999990784,2721357.4109011963,0.8886957036875663,0.4670999915106222,2772609.938452912,0.8880678016274358
GD,547,8803965,1509.4068000034895,0.00017144625177445497,0.1347931257748266,1509.4068000034895,2721219.1645786534,0.8887013580016917,0.461499992525205,2772522.958391516,0.8880713130732225
GD,548,8820060,1511.4716999960365,0.00017136750770357985,0.1347868764008561,1511.4716999960365,2721081.583154128,0.8887069851212979,0.42910000775009394,2772436.4779272345,0.888074804349925
GD,549,8836155,1513.411799998721,0.00017127492670722969,0.13478063525234785,1513.411799998721,2720944.6613041773,0.8887125852641155,0.43230000301264226,2772350.4923853045,0.8880782756462668
GD,550,8852250,1515.3311000030953,0.00017118033268413062,0.1347744095119759,1515.3311000030953,2720808.393759286,0.8887181586456689,0.42019999818876386,2772264.997142565,0.888081727148888
GD,551,8868345,1517.221400004928,0.0001710828119570143,0.1347681929282372,1517.221400004928,2720672.7753032553,0.8887237054793024,0.7767999923089519,2772179.9876268446,0.8880851590423705
GD,552,8884440,1524.1391000017757,0.00017155151028109544,0.13476198575222906,1524.1391000017757,2720537.8007726013,0.8887292259762039,0.49449999642092735,2772095.4593163626,0.8880885715092617
GD,553,8900535,1526.7501000053016,0.00017153464370459772,0.13475578761641188,1526.7501000053016,2720403.4650559584,0.8887347203454294,0.4862000059802085,2772011.4077391336,0.8880919647300985
GD,554,8916630,1529.2538999929093,0.00017150581553713784,0.13474960138419168,1529.2538999929093,2720269.763093491,0.8887401887939281,0.5264000064926222,2771927.828472379,0.8880953388834321
GD,555,8932725,1531.5728999994462,0.00017145640328113159,0.13474343237625322,1531.5728999994462,2720136.6898763133,0.8887456315265647,0.4406000080052763,2771844.7171419514,0.8880986941458494
GD,556,8948820,1533.5631000052672,0.000171370426492573,0.1347372786195436,1533.5631000052672,2720004.2404459156,0.8887510487461436,1.2388000031933188,2771762.06942176,0.8881020306919979
GD,557,8964915,1538.4749999939231,0.00017161066223092168,0.134731161270494,1538.4749999939231,2719872.4098935984,0.888756440653432,0.672800000756979,2771679.8810332045,0.8881053486946077
GD,558,8981010,1541.767600007006,0.0001716697342511595,0.13472506657277838,1541.767600007006,2719741.1933599124,0.8887618074471828,0.4489999992074445,2771598.1477446253,0.8881086483245137
GD,559,8997105,1543.8061000022572,0.00017158920563917584,0.13471898809230373,1543.8061000022572,2719610.5860341075,0.888767149324157,0.43989998812321573,2771516.8653707444,0.8881119297506788
GD,560,9013200,1545.7216999930097,0.0001714953290721397,0.13471293822208616,1545.7216999930097,2719480.583153587,0.8887724664791462,0.535300001502037,2771436.029772129,0.8881151931402146
GD,561,9029295,1548.1601000064984,0.00017145968760645192,0.13470690456901832,1548.1601000064984,2719351.1800033655,0.8887777591049948,0.4230999911669642,2771355.6368546514,0.8881184386584038
GD,562,9045390,1550.077699997928,0.00017136659668603874,0.13470088160636967,1550.077699997928,2719222.371915545,0.8887830273926209,2.7270999999018386,2771275.682568963,0.8881216664687215
GD,563,9061485,1555.3810999990674,0.0001716474838284307,0.1346948733101732,1555.3810999990674,2719094.154268782,0.888788271531039,0.5940999981248751,2771196.1629099683,0.8881248767328562
GD,564,9077580,1558.5195000021486,0.00017168887522909723,0.1346888810868117,1558.5195000021486,2718966.5224877708,0.8887934917073803,0.43790000199805945,2771117.073916311,0.8881280696107308
GD,565,9093675,1560.6693000008818,0.00017162140718696037,0.13468290033024768,1560.6693000008818,2718839.472042734,0.888798688106914,0.43920001189690083,2771038.4116698643,0.8881312452605226
GD,566,9109770,1562.6845999940997,0.00017153941317882886,0.13467693276022952,1562.6845999940997,2718712.9984489107,0.8888038609130681,0.4364000051282346,2770960.1722952286,0.8881344038386841
GD,567,9125865,1564.5925999997417,0.00017144595060301042,0.13467098816111292,1564.5925999997417,2718587.097266062,0.8888090103074496,0.4160999960731715,2770882.3519592322,0.8881375454999634
GD,568,9141960,1566.4755000034347,0.00017135007153864541,0.13466504938264345,1566.4755000034347,2718461.764097976,0.888814136469865,2.533099992433563,2770804.9468704434,0.8881406703974231
GD,569,9158055,1571.9343999953708,0.00017164500540730218,0.13465912038168174,1571.9343999953708,2718336.994591976,0.8888192395783397,0.7214000070234761,2770727.953278686,0.8881437786824604
GD,570,9174150,1574.8181999952067,0.000171658213566947,0.13465319696515032,1574.8181999952067,2718212.784438445,0.8888243198091387,0.44210000487510115,2770651.3674745597,0.8881468705048264
GD,571,9190245,1576.8233999988297,0.00017157577409512257,0.13464728540493293,1576.8233999988297,2718089.129370344,0.8888293773367847,0.450999999884516,2770575.1857889686,0.8881499460126452
GD,572,9206340,1578.885299997637,0.0001714997816719388,0.13464138651643212,1578.885299997637,2717966.0251627457,0.8888344123340787,0.4234999942127615,2770499.404592654,0.8881530053524322
GD,573,9222435,1580.86380000168,0.00017141501132853523,0.13463550546807523,1580.86380000168,2717843.4676323687,0.888839424972118,0.48499999684281647,2770424.0202957387,0.8881560486691136
GD,574,9238530,1582.9530000046361,0.00017134251877783978,0.13462963877667974,1582.9530000046361,2717721.4526371197,0.8888444154203153,0.45649999810848385,2770349.0293472647,0.8881590761060438
GD,575,9254625,1586.57860000676,0.00017143629266520903,0.13462377738871117,1586.57860000676,2717599.9760756376,0.8888493838464178,0.654699993901886,2770274.4282347485,0.8881620878050243
GD,576,9270720,1590.4562000068836,0.00017155692330335547,0.13461792284363533,1590.4562000068836,2717479.0338868494,0.8888543304165242,0.4591000033542514,2770200.2134837387,0.8881650839063211
GD,577,9286815,1592.6767000055406,0.0001714987000393074,0.13461207736787786,1592.6767000055406,2717358.6220495272,0.8888592552951039,0.43479999294504523,2770126.3816573746,0.8881680645486827
GD,578,9302910,1594.6234000002733,0.00017141124658846246,0.13460623930752297,1594.6234000002733,2717238.736581848,0.8888641586450148,0.4208000027574599,2770052.929355957,0.8881710298693574
GD,579,9319005,1596.5099000022747,0.00017131763530573002,0.1346004081763779,1596.5099000022747,2717119.3735409654,0.8888690406275203,0.43929999810643494,2769979.853216517,0.8881739800041104
GD,580,9335100,1598.591200003284,0.0001712452142990738,0.13459458731379353,1598.591200003284,2717000.529022583,0.8888739014023072,0.43590000132098794,2769907.1499123983,0.8881769150872414
GD,581,9351195,1600.696399997105,0.00017117559841251358,0.13458878333647142,1600.696399997105,2716882.1991605307,0.888878741127503,0.5412000027718022,2769834.8161528376,0.8881798352516005
GD,582,9367290,1606.2713999999687,0.00017147663838740646,0.1345829910737571,1606.2713999999687,2716764.380126351,0.8888835599596928,0.490699996589683,2769762.848682555,0.8881827406286059
GD,583,9383385,1608.6886999983108,0.00017144012528509816,0.13457721675869105,1608.6886999983108,2716647.0681288866,0.888888358053936,0.42490000487305224,2769691.244281345,0.8881856313482595
GD,584,9399480,1610.6788000033703,0.00017135828790564695,0.13457145444846202,1610.6788000033703,2716530.259413874,0.8888931355637829,0.4371999966679141,2769619.9997636783,0.8881885075391631
GD,585,9415575,1612.703999999212,0.00017128045817692622,0.13456571864602568,1612.703999999212,2716413.9502635403,0.8888978926412916,0.4284000024199486,2769549.1119783013,0.8881913693285353
GD,586,9431670,1614.6138000040082,0.0001711906587066774,0.1345599984604889,1614.6138000040082,2716298.1369962106,0.8889026294370437,0.4195000074105337,2769478.5778078483,0.8881942168422261
GD,587,9447765,1616.531899999245,0.00017110204371078715,0.1345542878564592,1616.531899999245,2716182.8159659123,0.8889073461001604,0.6545999931404367,2769408.39416845,0.8881970502047336
GD,588,9463860,1621.9489999930374,0.00017138345241719948,0.13454858603408168,1621.9489999930374,2716067.983561989,0.8889120427783186,0.5101999995531514,2769338.558009357,0.8881998695392187
GD,589,9479955,1624.8576999932993,0.00017139930516477128,0.13454289431269512,1624.8576999932993,2715953.6362087186,0.8889167196177664,0.43310000910423696,2769269.066312557,0.8882026749675206
GD,590,9496050,1626.8314000044484,0.00017131664218327078,0.13453721400389487,1626.8314000044484,2715839.7703649336,0.8889213767633386,0.48609999066684395,2769199.916092405,0.888205466610172
GD,591,9512145,1628.913199994713,0.00017124562335779292,0.1345315495655152,1628.913199994713,2715726.3825236466,0.888926014358472,0.4301000008126721,2769131.104395254,0.8882082445864133
GD,592,9528240,1630.9083999949507,0.0001711657556899229,0.1345258971826043,1630.9083999949507,2715613.4692116855,0.8889306325452202,0.43369999912101775,2769062.628299088,0.8882110090142088
GD,593,9544335,1632.9060999996727,0.0001710864193261943,0.1345202539812337,1632.9060999996727,2715501.026989322,0.8889352314642691,0.42460000258870423,2768994.484913171,0.8882137600102593
GD,594,9560430,1635.988099995302,0.00017112076548809018,0.13451462667116296,1635.988099995302,2715389.0524499184,0.8889398112549513,0.7757999992463738,2768926.6713776817,0.8882164976900179
GD,595,9576525,1640.6370000040624,0.00017131861505129077,0.13450901744868188,1640.6370000040624,2715277.542219563,0.8889443720552606,0.5834999901708215,2768859.1848633676,0.8882192221677032
GD,596,9592620,1642.9810999979964,0.00017127553264884842,0.13450342652219588,1642.9810999979964,2715166.492956726,0.8889489140018665,0.4271000070730224,2768792.0225711996,0.8882219335563144
GD,597,9608715,1644.895200006431,0.00017118784353645946,0.1344978423377701,1644.895200006431,2715055.901351904,0.8889534372301288,0.4692999937105924,2768725.181732027,0.8882246319676437
GD,598,9624810,1646.8901000043843,0.00017110884266851857,0.13449226342053683,1646.8901000043843,2714945.764127283,0.8889579418741109,0.4487999976845458,2768658.65960624,0.8882273175122911
GD,599,9640905,1648.8830000016605,0.00017102989812695598,0.13448669386079312,1648.8830000016605,2714836.078036392,0.8889624280665945,0.47169999743346125,2768592.4534834367,0.8882299902996776
GD,600,9657000,1651.1045999941416,0.00017097489903636137,0.1344811326851554,1651.1045999941416,2714726.839863771,0.8889668959390927,0.9974999993573874,2768526.560682089,0.8882326504380582
GD,601,9673095,1655.8905999991111,0.00017118518943514058,0.13447558741565008,1655.8905999991111,2714618.0464246403,0.8889713456218641,0.7231000054161996,2768460.9785492225,0.8882352980345354
GD,602,9689190,1658.835199996247,0.00017120473434789152,0.13447005438445003,1658.835199996247,2714509.6945645674,0.8889757772439256,0.4496999899856746,2768395.704460088,0.8882379331950722
GD,603,9705285,1661.0256999992998,0.00017114651450207796,0.13446452693459912,1661.0256999992998,2714401.7811591453,0.8889801909330666,0.4507999983616173,2768330.735817848,0.8882405560245046
GD,604,9721380,1663.1081999948947,0.00017107737790261204,0.13445901113124645,1663.1081999948947,2714294.303113674,0.8889845868158611,0.4343000036897138,2768266.0700532575,0.8882431666265549
GD,605,9737475,1665.0235999986762,0.00017099130934854017,0.1344535175975145,1665.0235999986762,2714187.2573628384,0.8889889650176813,0.4444999940460548,2768201.704624357,0.8882457651038438
GD,606,9753570,1666.9182000041474,0.00017090339229678439,0.13444803068732492,1666.9182000041474,2714080.6408704016,0.8889933256627103,1.1955000081798062,2768137.6370161646,0.8882483515579028
GD,607,9769665,1670.8460999943782,0.00017102388874074784,0.13444255142169287,1670.8460999943782,2713974.4506288897,0.8889976688739546,0.4655999946407974,2768073.8647403694,0.8882509260891869
GD,608,9785760,1673.3489000034751,0.00017099835884013865,0.13443708621902337,1673.3489000034751,2713868.6836592904,0.8890019947732566,0.4496999899856746,2768010.385335036,0.888253488797086
GD,609,9801855,1675.3193000040483,0.00017091859653137577,0.13443162799065211,1675.3193000040483,2713763.337010745,0.8890063034813074,0.6289000011747703,2767947.1963643036,0.8882560397799375
GD,610,9817950,1677.5886999967042,0.0001708695501603394,0.134426194423364,1677.5886999967042,2713658.4077602564,0.8890105951176581,0.4430999979376793,2767884.2954180986,0.8882585791350378
GD,611,9834045,1679.6547999983886,0.00017079999125470634,0.13442077020794183,1679.6547999983886,2713553.8930123886,0.8890148698007333,0.44489999709185213,2767821.68011184,0.8882611069586541
GD,612,9850140,1681.8096000060905,0.0001707396646145223,0.13441535599142992,1681.8096000060905,2713449.7898989744,0.8890191276478415,0.45030000910628587,2767759.348086157,0.8882636233460359
GD,613,9866235,1683.8706999988062,0.00017067003775997697,0.13440995024964697,1683.8706999988062,2713346.0955788326,0.8890233687751881,2.1379999961936846,2767697.297006605,0.8882661283914263
GD,614,9882330,1689.4063999934588,0.00017095223494797876,0.13440454965113124,1689.4063999934588,2713242.807237474,0.8890275932978862,0.5657000001519918,2767635.5245633866,0.8882686221880735
GD,615,9898425,1692.1759999968344,0.00017095406592430962,0.13439915989421491,1692.1759999968344,2713139.9220868256,0.8890318013299691,0.46320000546984375,2767574.0284710764,0.8882711048282415
GD,616,9914520,1694.132599994191,0.00017087389001123514,0.13439378201166138,1694.132599994191,2713037.437364951,0.8890359929844005,0.4321000014897436,2767512.8064683466,0.8882735764032219
GD,617,9930615,1696.0052999929758,0.0001707855253670569,0.13438841288315737,1696.0052999929758,2712935.3503357703,0.8890401683730871,0.42810000013560057,2767451.8563176994,0.888276037003344
GD,618,9946710,1698.0501000070944,0.00017071474889758469,0.13438305154062696,1698.0501000070944,2712833.658288795,0.8890443276068885,0.4405999934533611,2767391.175805202,0.8882784867179858
GD,619,9962805,1700.0138000003062,0.0001706360608282814,0.1343777015029976,1700.0138000003062,2712732.3585388507,0.8890484707956292,2.095899995765649,2767330.7627402195,0.8882809256355848
GD,620,9978900,1704.5198999985587,0.0001708124041726602,0.1343723620960157,1704.5198999985587,2712631.448425816,0.8890525980481088,0.5015000060666353,2767270.614955159,0.8882833538436481
GD,621,9994995,1707.0619000005536,0.00017079167123150674,0.13436703728618535,1707.0619000005536,2712530.9253143575,0.8890567094721133,0.4579999949783087,2767210.7303052093,0.8882857714287634
GD,622,10011090,1709.13859999564,0.00017072452649967586,0.13436172830501644,1709.13859999564,2712430.7865936705,0.8890608051744253,0.4563000111375004,2767151.1066680886,0.8882881784766086
GD,623,10027185,1711.1192000011215,0.00017064801337575018,0.13435643014786755,1711.1192000011215,2712331.0296772183,0.8890648852608349,0.44550000166054815,2767091.7419437952,0.8882905750719622
GD,624,10043280,1713.050899998052,0.0001705668765580619,0.1343511463876183,1713.050899998052,2712231.652002483,0.8890689498361499,0.41760000749491155,2767032.634054356,0.8882929612987135
GD,625,10059375,1714.9209000053816,0.0001704798657973663,0.13434587920026297,1714.9209000053816,2712132.6510307095,0.8890729990042061,0.4498999915085733,2766973.7809435846,0.8882953372398722
GD,626,10075470,1716.8572999944445,0.00017039972328779148,0.13434062561623394,1716.8572999944445,2712034.024246658,0.8890770328678773,1.668299999437295,2766915.180576836,0.8882977029775783
GD,627,10091565,1720.989199995529,0.00017053739434820357,0.13433537835180706,1720.989199995529,2711935.769158361,0.889081051529086,0.4920999926980585,2766856.830940771,0.8883000585931116
GD,628,10107660,1723.4180999948876,0.00017050614088670252,0.13433015535296466,1723.4180999948876,2711837.8832968753,0.8890850550888124,0.5398000066634268,2766798.7300431156,0.8883024041669018
GD,629,10123755,1725.523200002499,0.00017044300262130987,0.13432494151112234,1725.523200002499,2711740.364216046,0.8890890436471052,0.4386999935377389,2766740.8759124293,0.8883047397785372
GD,630,10139850,1727.6011999929324,0.0001703773921697986,0.13431974196027405,1727.6011999929324,2711643.2094922657,0.8890930173030904,0.4337999998824671,2766683.2665978745,0.8883070655067744
GD,631,10155945,1729.5927999948617,0.00017030348234407154,0.13431455359964178,1729.5927999948617,2711546.4167242413,0.8890969761549817,0.43929999810643494,2766625.9001689856,0.8883093814295479
GD,632,10172040,1731.6106000071159,0.00017023238209907903,0.134309375309347,1731.6106000071159,2711449.983532762,0.8891009203000895,0.4397000011522323,2766568.7747154473,0.8883116876239783
GD,633,10188135,1733.6166000022786,0.0001701603482877169,0.13430420516764124,1733.6166000022786,2711353.9075604687,0.8891048498348304,1.0369999945396557,2766511.888346866,0.888313984166382
GD,634,10204230,1737.3542999994243,0.000170258245845049,0.13429904375295804,1737.3542999994243,2711258.186471626,0.8891087648547368,0.48460000834893435,2766455.2391925543,0.8883162711322801
GD,635,10220325,1740.0820000038948,0.00017025701237523218,0.13429389975224354,1740.0820000038948,2711162.8179519014,0.8891126654544653,0.4420000041136518,2766398.82540131,0.8883185485964069
GD,636,10236420,1742.2369999985676,0.00017019983548922061,0.13428876512330556,1742.2369999985676,2711067.7997081354,0.889116551727807,0.43229998846072704,2766342.6451412006,0.8883208166327189
GD,637,10252515,1744.1759999928763,0.0001701217701210753,0.13428363868311938,1744.1759999928763,2710973.1294681327,0.8891204237676953,0.4270999925211072,2766286.696599352,0.8883230753144028
GD,638,10268610,1746.083699996234,0.0001700409013485013,0.13427852114499483,1746.083699996234,2710878.8049804373,0.8891242816662154,0.41640001290943474,2766230.977981737,0.888325324713885
GD,639,10284705,1748.0222000012873,0.0001699632804247946,0.13427341815433158,1748.0222000012873,2710784.8240141184,0.8891281255146128,0.43169999844394624,2766175.487512967,0.8883275649028392
GD,640,10300800,1749.9954999948386,0.00016988928044373627,0.13426833063421642,1749.9954999948386,2710691.1843585623,0.8891319554033025,0.859200008562766,2766120.223436086,0.8883297959521947
GD,641,10316895,1753.557699994417,0.0001699695208678984,0.134263254141303,1753.557699994417,2710597.883823259,0.8891357714218768,0.47890000860206783,2766065.1840123674,0.8883320179321452
GD,642,10332990,1755.984300005366,0.00016993961089726845,0.13425818619259974,1755.984300005366,2710504.9202375947,0.8891395736591147,0.4309000069042668,2766010.3675211165,0.8883342309121565
GD,643,10349085,1758.0021000030683,0.00016987029288126132,0.1342531308880389,1758.0021000030683,2710412.291450649,0.8891433622029892,0.43729999742936343,2765955.7722594626,0.8883364349609745
GD,644,10365180,1759.992199993576,0.00016979851772893243,0.1342480897176258,1759.992199993576,2710319.9953309894,0.8891471371406765,0.440200004959479,2765901.396542174,0.8883386301466333
GD,645,10381275,1762.0096000027843,0.00016972959487180373,0.1342430601103663,1762.0096000027843,2710228.029766471,0.889150898558564,0.4566000134218484,2765847.2387014553,0.8883408165364628
GD,646,10397370,1763.9889999991283,0.00016965723062650732,0.13423804101130954,1763.9889999991283,2710136.392664039,0.8891546465422582,0.4271000070730224,2765793.2970867613,0.8883429941970968
GD,647,10413465,1765.9126999933505,0.00016957974122862568,0.13423303422748153,1765.9126999933505,2710045.0819495334,0.889158381176593,0.4457000031834468,2765739.5700646,0.8883451631944805
GD,648,10429560,1769.105800005491,0.00016962420274733457,0.13422803569066105,1769.105800005491,2709954.095567491,0.8891621025456372,0.661700003547594,2765686.056018354,0.8883473235938779
GD,649,10445655,1772.192599994014,0.00016965835076823943,0.13422305036537585,1772.192599994014,2709863.431480957,0.889165810732703,0.44180000259075314,2765632.753348089,0.8883494754598793
GD,650,10461750,1774.1834000044037,0.00016958763113287964,0.13421807620167153,1774.1834000044037,2709773.087671294,0.8891695058203531,0.4309999931138009,2765579.660470371,0.8883516188564092
GD,651,10477845,1776.1032999987947,0.0001695103621020157,0.13421311144932208,1776.1032999987947,2709683.0621379935,0.8891731878904091,0.4228000034345314,2765526.775818088,0.888353753846733
GD,652,10493940,1778.090499996324,0.0001694397433181745,0.13420815213790982,1778.090499996324,2709593.352898492,0.8891768570239582,0.4361000028438866,2765474.0978402686,0.8883558804934645
GD,653,10510035,1780.044099999941,0.00016936614388058088,0.1342032038564711,1780.044099999941,2709503.957987986,0.8891805133013615,0.43119999463669956,2765421.6250019055,0.8883579988585729
GD,654,10526130,1782.1204000065336,0.00016930442622374353,0.13419826923169767,1782.1204000065336,2709414.87545925,0.889184156802261,0.4312999953981489,2765369.3557837782,0.8883601090033902
GD,655,10542225,1784.0282999968622,0.0001692269231587129,0.13419334788405013,1784.0282999968622,2709326.1033824594,0.8891877876055874,0.5798999918624759,2765317.2886822848,0.888362210988618
GD,656,10558320,1787.9585000046063,0.00016934119253864311,0.13418843658569002,1787.9585000046063,2709237.6398450076,0.8891914057895663,0.46720000682398677,2765265.4222092675,0.8883643048743342
GD,657,10574415,1790.2019000030123,0.0001692955969671147,0.13418353745183748,1790.2019000030123,2709149.4829513375,0.8891950114317271,0.4755000118166208,2765213.754891844,0.8883663907200001
GD,658,10590510,1792.5233999994816,0.00016925751451058368,0.13417864829023396,1792.5233999994816,2709061.6308227624,0.8891986046089082,0.4346999921835959,2765162.285272239,0.888368468584467
GD,659,10606605,1794.4742999970913,0.00016918460713839076,0.13417376788569024,1794.4742999970913,2708974.0815972947,0.8892021853972656,0.42810000013560057,2765111.0119076213,0.8883705385259831
GD,660,10622700,1796.4275999984238,0.00016911214662923964,0.13416889776120017,1796.4275999984238,2708886.8334294795,0.889205753872279,0.45929999032523483,2765059.9333699397,0.8883726006021999
GD,661,10638795,1798.4826000028988,0.00016904946471878619,0.13416403749881914,1798.4826000028988,2708799.8844902217,0.8892093101087588,0.4212000058032572,2765009.04824576,0.8883746548701785
GD,662,10654890,1800.4480999952648,0.00016897857227951343,0.13415919825821757,1800.4480999952648,2708713.232966623,0.889212854180853,1.3414999993983656,2764958.355136107,0.8883767013863967
GD,663,10670985,1805.9805999946548,0.00016924216461691724,0.13415436693423344,1805.9805999946548,2708626.877061816,0.8892163861620542,0.5455000064102933,2764907.852656305,0.8883787402067548
GD,664,10687080,1808.787600006326,0.00016924993543665119,0.1341495478717159,1808.787600006326,2708540.814994803,0.8892199061252056,0.5278000026009977,2764857.5394358207,0.8883807713865821
GD,665,10703175,1811.0605999972904,0.000169207791145832,0.13414473497157153,1811.0605999972904,2708455.0450002933,0.889223414142508,0.44750000233761966,2764807.414118114,0.8883827949806432
GD,666,10719270,1813.1397999968613,0.0001691476938258726,0.1341399338289853,1813.1397999968613,2708369.5653285445,0.8892269102855266,0.4552000027615577,2764757.4753604787,0.8883848110431439
GD,667,10735365,1815.2858999965247,0.00016909400844745612,0.13413513857408987,1815.2858999965247,2708284.3742452064,0.8892303946251966,0.45569999201688915,2764707.7218338954,0.8883868196277378
GD,668,10751460,1818.509200005792,0.00016914067484841985,0.13413034811823746,1818.509200005792,2708199.470031163,0.8892338672318304,0.7182999979704618,2764658.15222288,0.8883888207875319
GD,669,10767555,1821.847200000775,0.00016919785410901314,0.1341255624658342,1821.847200000775,2708114.850982382,0.8892373281751234,0.47400000039488077,2764608.7652253406,0.8883908145750924
GD,670,10783650,1823.9431999973021,0.00016913968832420396,0.13412078162114552,1823.9431999973021,2708030.515409759,0.8892407775241605,0.43960000039078295,2764559.559552426,0.8883928010424513
GD,671,10799745,1825.8645000023535,0.0001690655196027641,0.13411601009707874,1825.8645000023535,2707946.461638966,0.8892442153474222,0.48850000894162804,2764510.533928384,0.8883947802411116
GD,672,10815840,1827.8982000047108,0.0001690019637868821,0.13411125119018827,1827.8982000047108,2707862.68801031,0.8892476417127904,0.4386999935377389,2764461.6870904197,0.8883967522220532
GD,673,10831935,1829.872600006638,0.0001689331222913208,0.13410650600070856,1829.872600006638,2707779.1928785755,0.8892510566875548,0.45140000293031335,2764413.0177885513,0.8883987170357386
GD,674,10848030,1831.8999000039184,0.00016886936153420653,0.13410178050314805,1831.8999000039184,2707695.9746128847,0.8892544603384188,0.43739999819081277,2764364.524785475,0.8884006747321187
GD,675,10864125,1833.7774999963585,0.00016879201040087061,0.13409706385419853,1833.7774999963585,2707613.031596551,0.8892578527315055,1.2255000037839636,2764316.2068564245,0.8884026253606382
GD,676,10880220,1837.974199996097,0.00016892803638125857,0.13409235636312303,1837.974199996097,2707530.36222694,0.8892612339323629,0.49819999549072236,2764268.062789033,0.8884045689702411
GD,677,10896315,1840.794999996433,0.00016893738846540624,0.1340876582107898,1840.794999996433,2707447.9649153217,0.8892646040059706,0.44460000935941935,2764220.091383202,0.8884065056093764
GD,678,10912410,1842.8606999950716,0.0001688775165151485,0.1340829676483689,1842.8606999950716,2707365.838086737,0.889267963016745,0.42969999776687473,2764172.291450968,0.888408435326003
GD,679,10928505,1844.7784000018146,0.0001688042783529691,0.1340782836639445,1844.7784000018146,2707283.980179856,0.8892713110285447,0.42609999945852906,2764124.661816365,0.8884103581675952
GD,680,10944600,1846.7475000070408,0.0001687359519769604,0.13407361339193105,1846.7475000070408,2707202.389646844,0.8892746481046768,0.4487999976845458,2764077.2013153015,0.8884122741811484
GD,681,10960695,1848.7545999960275,0.00016867129319774225,0.13406895337388985,1848.7545999960275,2707121.0649532233,0.8892779743079017,0.4228999896440655,2764029.908795426,0.8884141834131839
GD,682,10976790,1851.2039000052027,0.0001686471090369045,0.13406430450596973,1851.2039000052027,2707040.004577742,0.8892812897004391,0.5423999973572791,2763982.7831160035,0.8884160859097537
GD,683,10992885,1854.492600003141,0.00016869935417346228,0.13405967717008163,1854.492600003141,2706959.207012241,0.8892845943439732,0.46490000386256725,2763935.823147788,0.8884179817164466
GD,684,11008980,1856.6489999939222,0.00016864859414713462,0.13405506225895386,1856.6489999939222,2706878.6707615214,0.889287888299658,0.4748999926960096,2763889.027772896,0.888419870878392
GD,685,11025075,1858.7444000004325,0.00016859244948450985,0.13405045231727172,1858.7444000004325,2706798.3943432183,0.8892911716281227,0.4318999999668449,2763842.3958846866,0.8884217534402661
GD,686,11041170,1860.7893000007607,0.00016853189471774827,0.13404585341775144,1860.7893000007607,2706718.3762876713,0.8892944443894767,0.42270000267308205,2763795.926387637,0.8884236294462955
GD,687,11057265,1862.7228999976069,0.00016846145045792127,0.1340412650938668,1862.7228999976069,2706638.6151377955,0.8892977066433153,0.42490000487305224,2763749.618197224,0.8884254989402636
GD,688,11073360,1864.628499999526,0.0001683886823872362,0.13403668428931342,1864.628499999526,2706559.109448959,0.8893009584487244,0.45779999345541,2763703.4702398027,0.8884273619655139
GD,689,11089455,1866.8705000018235,0.0001683464606693317,0.1340321114179104,1866.8705000018235,2706479.857788859,0.8893041998642854,0.6387000030372292,2763657.4814524907,0.8884292185649557
GD,690,11105550,1871.422199998051,0.0001685123384252064,0.13402754590712632,1871.422199998051,2706400.858737398,0.8893074309480811,0.44940000225324184,2763611.6507830517,0.8884310687810687
GD,691,11121645,1873.5435999988113,0.00016845921623993674,0.13402298813999367,1873.5435999988113,2706322.1108865603,0.8893106517576992,0.43420000292826444,2763565.9771897765,0.8884329126559074
GD,692,11137740,1875.510400001076,0.00016839236685369527,0.1340184415740941,1875.510400001076,2706243.612840297,0.8893138623502389,0.48499999684281647,2763520.4596413746,0.8884347502311055
GD,693,11153835,1877.5208000006387,0.00016832961936415937,0.13401390443426223,1877.5208000006387,2706165.363214404,0.8893170627823144,0.44069999421481043,2763475.0971168578,0.8884365815478813
GD,694,11169930,1879.599899999448,0.00016827320314446447,0.13400937553320783,1879.599899999448,2706087.3606364033,0.8893202531100605,0.46779999684076756,2763429.8886054293,0.8884384066470412
GD,695,11186025,1881.5941000066232,0.00016820935944686545,0.1340048543008682,1881.5941000066232,2706009.60374543,0.8893234333891369,0.4352999967522919,2763384.833106375,0.8884402255689847
GD,696,11202120,1883.5125000041444,0.00016813893263097917,0.13400033993605742,1883.5125000041444,2705932.091192114,0.8893266036747332,0.9061000018846244,2763339.9296289524,0.8884420383537088
GD,697,11218215,1886.4560999936657,0.00016816009498780917,0.13399583401284088,1886.4560999936657,2705854.82163847,0.8893297640215734,0.6118000019341707,2763295.1771922847,0.8884438450408123
GD,698,11234310,1889.5614000066416,0.00016819559011694012,0.13399133962538398,1889.5614000066416,2705777.7937577814,0.8893329144839206,0.4456000024219975,2763250.574825253,0.8884456456694999
GD,699,11250405,1891.7719000019133,0.00016815144877023656,0.1339868538988836,1891.7719000019133,2705701.0062344884,0.8893360551155817,0.43319999531377107,2763206.1215663934,0.8884474402785865
GD,700,11266500,1893.8452000002144,0.00016809525584699902,0.13398237528099344,1893.8452000002144,2705624.4577640835,0.8893391859699112,0.43650000588968396,2763161.816463786,0.8884492289065017
GD,701,11282595,1895.8579000027385,0.00016803385214152758,0.1339779087706573,1895.8579000027385,2705548.147052993,0.8893423070998169,0.552199999219738,2763117.6585749625,0.8884510115912937
GD,702,11298690,1898.412800001097,0.00016802061123909914,0.13397345198844862,1898.412800001097,2705472.07281848,0.8893454185577628,0.4853999998886138,2763073.6469667945,0.8884527883706336
GD,703,11314785,1905.0492999958806,0.00016836813956216406,0.13396900182521615,1905.0492999958806,2705396.23378853,0.8893485203957749,0.9461999870836735,2763029.780715396,0.8884545592818192
GD,704,11330880,1908.9625000051456,0.00016847433738642942,0.1339645609746598,1908.9625000051456,2705320.628701744,0.8893516126654447,0.5155999970156699,2762986.058906028,0.8884563243617792
GD,705,11346975,1911.2463000055868,0.00016843663619648292,0.1339601284590408,1911.2463000055868,2705245.2563072448,0.8893546954179334,0.4886999959126115,2762942.4806329934,0.8884580836470773
GD,706,11363070,1913.6380999989342,0.0001684085462818529,0.13395570255443745,1913.6380999989342,2705170.1153645595,0.8893577687039768,0.45560000580735505,2762899.0449995426,0.8884598371739159
GD,707,11379165,1915.7375000067987,0.00016835483974498997,0.13395128263255485,1915.7375000067987,2705095.204643526,0.8893608325738886,0.4346999921835959,2762855.751117776,0.88846158497814
GD,708,11395260,1918.8273000036133,0.00016838819825116877,0.1339468719568791,1918.8273000036133,2705020.5229241913,0.8893638870775656,1.0643999994499609,2762812.5981085505,0.8884633270952412
GD,709,11411355,1924.36039999302,0.00016863557395182431,0.13394246755284778,1924.36039999302,2704946.068996707,0.8893669322644908,0.4675999953178689,2762769.5851013847,0.8884650635603617
GD,710,11427450,1926.5277999948012,0.0001685877251700774,0.13393807219718326,1926.5277999948012,2704871.8416612335,0.8893699681837379,0.4470999992918223,2762726.711234363,0.8884667944082973
GD,711,11443545,1928.5359000059543,0.00016852609047335893,0.13393368690947297,1928.5359000059543,2704797.8397278422,0.8893729948839754,0.4346999921835959,2762683.9756540465,0.8884685196735023
GD,712,11459640,1930.503099996713,0.0001684610598584871,0.13392931308494846,1930.503099996713,2704724.0620164173,0.8893760124134704,0.4495000030146912,2762641.3775153803,0.8884702393900918
GD,713,11475735,1932.528799996362,0.00016840130937115244,0.13392494644151529,1932.528799996362,2704650.5073565585,0.8893790208200925,0.41449999844189733,2762598.915981603,0.8884719535918466
GD,714,11491830,1935.1007999939611,0.0001683892643725117,0.13392058548684024,1935.1007999939611,2704577.1745874877,0.889382020151318,1.3109999999869615,2762556.590224158,0.8884736623122161
GD,715,11507925,1941.2309000035748,0.00016868643999709546,0.133916230056238,1941.2309000035748,2704504.0625579557,0.889385010454233,0.4515999899012968,2762514.3994226065,0.888475365584322
GD,716,11524020,1943.3038999995915,0.00016863072955440822,0.1339118814527938,1943.3038999995915,2704431.1701261476,0.8893879917755385,0.4655999946407974,2762472.342764537,0.888477063440962
GD,717,11540115,1945.3478999930667,0.00016857266153700085,0.13390754102149,1945.3478999930667,2704358.4961595912,0.8893909641615527,0.47620000259485096,2762430.419445481,0.8884787559146129
GD,718,11556210,1947.310000003199,0.00016850766817176212,0.13390321537874847,1947.310000003199,2704286.0395350656,0.8893939276582157,0.4327000060584396,2762388.6286688293,0.8884804430374345
GD,719,11572305,1949.3126000015764,0.00016844635532865546,0.13389889675781666,1949.3126000015764,2704213.799138511,0.8893968823110928,0.45199999294709414,2762346.969645743,0.8884821248412725
GD,720,11588400,1952.608000006876,0.00016849677263529702,0.13389458379890457,1952.608000006876,2704141.7738649407,0.8893998281653784,1.066600001649931,2762305.4415950747,0.8884838013576627
GD,721,11604495,1957.4349000031361,0.00016867902480919127,0.13389027611623547,1957.4349000031361,2704069.9626183524,0.8894027652658992,0.4852999991271645,2762264.0437432835,0.8884854726178334
GD,722,11620590,1959.7019999928307,0.0001686404907145705,0.13388597463692767,1959.7019999928307,2703998.3643116383,0.8894056936571183,0.501799993799068,2762222.7753243516,0.8884871386527091
GD,723,11636685,1961.8784000049345,0.0001685942689008884,0.13388168253757507,1961.8784000049345,2703926.9778665025,0.8894086133831381,0.4278999986127019,2762181.6355797076,0.8884887994929141
GD,724,11652780,1963.7841999938246,0.00016852495284334077,0.1338773966457441,1963.7841999938246,2703855.802213375,0.8894115244877047,0.42529999336693436,2762140.6237581433,0.8884904551687751
GD,725,11668875,1965.6806999992114,0.00016845503101191943,0.13387311863183993,1965.6806999992114,2703784.8362913216,0.8894144270142103,0.4386999935377389,2762099.739115738,0.8884921057103247
GD,726,11684970,1968.2456000009552,0.00016844250348960717,0.1338688477332564,1968.2456000009552,2703714.0790479677,0.8894173210056974,0.68450000253506,2762058.980915773,0.8884937511473046
GD,727,11701065,1973.6857999960193,0.00016867574019937667,0.1338645891389857,1973.6857999960193,2703643.5294394107,0.8894202065048619,0.4790999955730513,2762018.3484286647,0.8884953915091688
GD,728,11717160,1975.8122000057483,0.00016862552017773492,0.13386033881365264,1975.8122000057483,2703573.1864301413,0.8894230835540565,0.5636999994749203,2761977.840931879,0.8884970268250865
GD,729,11733255,1978.111300006276,0.00016859015678141113,0.13385609891847933,1978.111300006276,2703503.048992957,0.889425952195294,0.44809999235440046,2761937.4577098624,0.8884986571239449
GD,730,11749350,1980.1504000060959,0.00016853276138731896,0.1338518674804094,1980.1504000060959,2703433.1161088874,0.8894288124702506,0.4347000067355111,2761897.19805396,0.8885002824343532
GD,731,11765445,1982.1489000023575,0.00016847207224226178,0.13384764271390626,1982.1489000023575,2703363.3867671117,0.8894316644202692,0.44589999015443027,2761857.0612623496,0.8885019027846441
GD,732,11781540,1984.085000003688,0.00016840625249362037,0.13384342449474831,1984.085000003688,2703293.8599648806,0.8894345080863626,1.3183999981265515,2761817.0466399626,0.8885035182028783
GD,733,11797635,1989.3783000006806,0.000168625177842905,0.13383921704871019,1989.3783000006806,2703224.5347074377,0.8894373435092164,0.5031999899074435,2761777.153498412,0.8885051287168464
GD,734,11813730,1992.2217999992426,0.00016863613778199117,0.13383501569494446,1992.2217999992426,2703155.4100079453,0.8894401707291928,0.43309999455232173,2761737.381155925,0.8885067343540719
GD,735,11829825,1994.1696000023512,0.00016857135249273352,0.13383081869206798,1994.1696000023512,2703086.484887404,0.889442989786333,0.42749999556690454,2761697.728937268,0.8885083351418145
GD,736,11845920,1996.0853999946266,0.00016850404189751634,0.13382662648111243,1996.0853999946266,2703017.7583745797,0.8894458007203606,0.4349000082584098,2761658.196173677,0.8885099311070728
GD,737,11862015,1998.1338999932632,0.00016844810093337963,0.13382244846188981,1998.1338999932632,2702949.229505932,0.889448603570685,0.43559999903663993,2761618.7822027905,0.8885115222765867
GD,738,11878110,2000.0934999989113,0.00016838482721568594,0.13381827523154047,2000.0934999989113,2702880.89732553,0.8894513983764039,2.21800000872463,2761579.4863685784,0.8885131086768405
GD,739,11894205,2005.8419999986654,0.00016864027482279526,0.13381410690488366,2005.8419999986654,2702812.7608849923,0.8894541851763064,0.5544000014197081,2761540.3080212753,0.8885146903340659
GD,740,11910300,2008.757699994021,0.000168657187475884,0.1338099439876157,2008.757699994021,2702744.8192434055,0.8894569640088761,0.4442999925231561,2761501.246517316,0.8885162672742439
GD,741,11926395,2010.8038000034867,0.00016860114057965436,0.13380578643516375,2010.8038000034867,2702677.0714672543,0.8894597349122939,0.4293999954825267,2761462.301219262,0.8885178395231084
GD,742,11942490,2012.7687000058359,0.0001685384455005477,0.13380163467142508,2012.7687000058359,2702609.516630355,0.8894624979244413,0.4282000008970499,2761423.471495745,0.8885194071061482
GD,743,11958585,2014.686399998027,0.00016847197222731843,0.13379748840494574,2014.686399998027,2702542.1538137784,0.8894652530829026,0.42010001197922975,2761384.756721394,0.8885209700486099
GD,744,11974680,2016.5697000047658,0.00016840280491877576,0.1337933464473299,2016.5697000047658,2702474.982105786,0.889468000424968,1.308399994741194,2761346.156276777,0.8885225283755005
GD,745,11990775,2021.6050000017276,0.00016859669204048343,0.13378921282962908,2021.6050000017276,2702408.0006017582,0.8894707399876369,0.6307000003289431,2761307.669548334,0.8885240821115897
GD,746,12006870,2024.4528000039281,0.000168607871993611,0.13378508533381672,2024.4528000039281,2702341.2084041275,0.8894734718076202,0.44160000106785446,2761269.2959283143,0.8885256312814129
GD,747,12022965,2026.4569999999367,0.0001685488562929308,0.1337809671079526,2026.4569999999367,2702274.6046223124,0.8894761959213426,0.4609000025084242,2761231.0348147172,0.8885271759092734
GD,748,12039060,2028.498400002718,0.0001684930883310423,0.133776857746392,2028.498400002718,2702208.1883726455,0.8894789123649465,0.42150000808760524,2761192.8856112263,0.8885287160192448
GD,749,12055155,2030.4410999960965,0.00016842928191268354,0.13377275265398353,2030.4410999960965,2702141.9587783148,0.8894816211742939,0.43200000072829425,2761154.847727152,0.8885302516351736
GD,750,12071250,2032.449499994982,0.00016837108832929332,0.13376865435284732,2032.449499994982,2702075.914969293,0.8894843223849689,0.42079998820554465,2761116.920577372,0.8885317827806817
GD,751,12087345,2034.4783000036841,0.00016831473743850978,0.13376456554962998,2034.4783000036841,2702010.0560822766,0.8894870160322811,1.075799998943694,2761079.1035822676,0.8885333094791686
GD,752,12103440,2040.7260000065435,0.00016860710674044266,0.13376048580622593,2040.7260000065435,2701944.381260618,0.8894897021512674,0.4752999957418069,2761041.396167668,0.8885348317538141
GD,753,12119535,2043.1180000014137,0.00016858056022788116,0.13375641597603946,2043.1180000014137,2701878.8896542653,0.8894923807766955,0.44049999269191176,2761003.7977647916,0.8885363496275802
GD,754,12135630,2045.107400001143,0.0001685209090917524,0.13375235628555301,2045.107400001143,2701813.580419699,0.8894950519430651,0.44519999937620014,2760966.3078101887,0.8885378631232138
GD,755,12151725,2047.5078000017675,0.00016849523833050594,0.13374830448285557,2047.5078000017675,2701748.452719869,0.8894977156846123,0.4803999909199774,2760928.9257456837,0.8885393722632489
GD,756,12167820,2049.82800000289,0.0001684630443253508,0.13374425793113423,2049.82800000289,2701683.5057241344,0.8895003720353103,0.7713999948464334,2760891.651018319,0.8885408770700087
GD,757,12183915,2054.517099997611,0.0001686253638504217,0.13374021686006665,2054.517099997611,2701618.738608203,0.8895030210288728,0.6502000032924116,2760854.483080301,0.888542377565608
GD,758,12200010,2057.274699996924,0.0001686289355498007,0.13373618144880065,2057.274699996924,2701554.150554069,0.8895056626987567,0.4493000014917925,2760817.4213889404,0.8885438737719557
GD,759,12216105,2059.4125000061467,0.00016858176153578794,0.1337321573518302,2059.4125000061467,2701489.740749955,0.8895082970781637,0.502099996083416,2760780.4654066027,0.8885453657107563
GD,760,12232200,2061.492399996496,0.00016852997825382972,0.13372814200644723,2061.492399996496,2701425.5083902543,0.8895109242000435,0.42799999937415123,2760743.614600652,0.8885468534035127
GD,761,12248295,2063.4634000016376,0.0001684694400323994,0.13372413774473654,2063.4634000016376,2701361.452675471,0.8895135440970957,0.4250000056345016,2760706.8684433973,0.8885483368715282
GD,762,12264390,2065.341299996362,0.00016840146962028785,0.13372013842798897,2065.341299996362,2701297.572812163,0.8895161568017723,0.46910000673960894,2760670.2264120416,0.8885498161359086
GD,763,12280485,2067.2721000009915,0.00016833798502265923,0.13371614445731944,2067.2721000009915,2701233.8680128814,0.8895187623462801,0.8513000066159293,2760633.687988627,0.8885512912175639
GD,764,12296580,2072.856700004195,0.00016857180614481384,0.13371215527827265,2072.856700004195,2701170.3374961223,0.8895213607625829,0.4761000018334016,2760597.2526599835,0.8885527621372116
GD,765,12312675,2075.412799997139,0.00016855904992190072,0.13370817308808217,2075.412799997139,2701106.980486261,0.889523952082404,0.4374999989522621,2760560.9199176813,0.8885542289153769
GD,766,12328770,2077.418300003046,0.00016850166723874694,0.1337041996256509,2077.418300003046,2701043.7962135053,0.889526536337228,0.44440000783652067,2760524.6892579743,0.8885556915723967
GD,767,12344865,2079.5000000071013,0.000168450606791334,0.1337002320405473,2079.5000000071013,2700980.783913833,0.8895291135583038,0.5406999989645556,2760488.560181759,0.88855715012842
GD,768,12360960,2081.7542000004323,0.0001684136345397471,0.13369626958810524,2081.7542000004323,2700917.9428289435,0.8895316837766459,0.4427999956533313,2760452.5321945143,0.8885586046034109
GD,769,12377055,2083.7251000048127,0.00016835386931744365,0.13369231283513577,2083.7251000048127,2700855.272206201,0.8895342470230376,0.8840999944368377,2760416.60480626,0.8885600550171504
GD,770,12393150,2088.1109000038123,0.0001684891169721832,0.13368836449393576,2088.1109000038123,2700792.7712985817,0.8895368033280322,0.647299995762296,2760380.7775315065,0.8885615013892381
GD,771,12409245,2091.1824999930104,0.00016851810887713237,0.133684424105687,2091.1824999930104,2700730.4393646233,0.8895393527219556,0.4697999975178391,2760345.0498892046,0.8885629437390941
GD,772,12425340,2093.4036999969976,0.00016847858489160036,0.13368049924756722,2093.4036999969976,2700668.275668369,0.8895418952349089,0.43870000808965415,2760309.4214027035,0.8885643820859612
GD,773,12441435,2095.368700000108,0.00016841857068739324,0.13367658209953123,2095.368700000108,2700606.2794793197,0.8895444308967697,0.48919999971985817,2760273.8915997,0.8885658164489066
GD,774,12457530,2097.4071999953594,0.00016836461160401456,0.13367267032064625,2097.4071999953594,2700544.450072382,0.8895469597371943,0.4476999893086031,2760238.4600121886,0.8885672468468242
GD,775,12473625,2099.466500003473,0.00016831245928937842,0.1336687639476657,2099.466500003473,2700482.7867278154,0.8895494817856205,0.4614000063156709,2760203.126176426,0.8885686732984354
GD,776,12489720,2103.7539999961155,0.00016843884410508125,0.13366486421083285,2103.7539999961155,2700421.2887311843,0.8895519970712689,0.7683000003453344,2760167.8896328756,0.888570095822292
GD,777,12505815,2107.621300005121,0.0001685313032381433,0.13366097749783612,2107.621300005121,2700359.955373308,0.889554505623145,0.45449999743141234,2760132.749926167,0.8885715144367777
GD,778,12521910,2109.7096000012243,0.0001684814537080385,0.13365709729819963,2109.7096000012243,2700298.785950215,0.8895570074700417,0.46359999396372586,2760097.706605053,0.8885729291601098
GD,779,12538005,2111.802400002489,0.00016843209107050833,0.13365322186356024,2111.802400002489,2700237.779763086,0.8895595026405407,0.44770000386051834,2760062.759222363,0.8885743400103406
GD,780,12554100,2113.7296999950195,0.0001683696720589305,0.1336493565101102,2113.7296999950195,2700176.9361182144,0.889561991163015,0.4302000015741214,2760027.90733496,0.8885757470053601
GD,781,12570195,2115.5911999958334,0.00016830217828727665,0.13364549617815644,2115.5911999958334,2700116.254326956,0.8895644730656302,0.424899990321137,2759993.1505036987,0.888577150162897
GD,782,12586290,2117.907499996363,0.0001682709916898755,0.13364164190835676,2117.907499996363,2700055.7337056794,0.8895669483763471,0.7368000078713521,2759958.4882933833,0.8885785495005201
GD,783,12602385,2123.564499997883,0.00016850496949568538,0.13363779272076934,2123.564499997883,2699995.3735757223,0.889569417122923,0.45370000589173287,2759923.9202727233,0.888579945035641
GD,784,12618480,2125.7826999935787,0.00016846582948133046,0.1336339487979744,2125.7826999935787,2699935.173263346,0.8895718793329143,0.4358000005595386,2759889.4460142935,0.8885813367855153
GD,785,12634575,2127.8612000023713,0.00016841573222703347,0.13363011132543468,2127.8612000023713,2699875.1320996857,0.8895743350336776,0.4329999937908724,2759855.065094492,0.888582724767244
GD,786,12650670,2129.8045000003185,0.00016835507526481353,0.13362627785652556,2129.8045000003185,2699815.24942071,0.8895767842523719,0.4619999963324517,2759820.7770935018,0.8885841089977754
GD,787,12666765,2131.8972000008216,0.00016830636709537294,0.13362245121763716,2131.8972000008216,2699755.524567173,0.8895792270159606,0.4326999915065244,2759786.581595247,0.8885854894939069
GD,788,12682860,2133.874499995727,0.0001682486836561885,0.13361863191005907,2133.874499995727,2699695.9568845704,0.8895816633512131,2.529100005631335,2759752.4781873566,0.8885868662722861
GD,789,12698955,2139.576899993699,0.00016848448553394348,0.13361481842484205,2139.576899993699,2699636.545723099,0.8895840932847068,0.5493999924510717,2759718.466461122,0.8885882393494129
GD,790,12715050,2142.1077999984846,0.00016847026161898574,0.1336110135061927,2142.1077999984846,2699577.290437608,0.8895865168428281,0.46880000445526093,2759684.546011459,0.8885896087416407
GD,791,12731145,2144.177199996193,0.0001684198239825399,0.1336072149956869,2144.177199996193,2699518.19038756,0.8895889340517754,0.4351999959908426,2759650.716436871,0.8885909744651783
GD,792,12747240,2146.0923999984516,0.00016835741697798515,0.1336034204546937,2146.0923999984516,2699459.2449369854,0.8895913449375602,0.4287999909138307,2759616.9773394065,0.8885923365360914
GD,793,12763335,2148.095900003682,0.00016830208562289417,0.13359962988101698,2148.095900003682,2699400.453454444,0.8895937495260082,0.42230001417919993,2759583.328324628,0.8885936949703035
GD,794,12779430,2150.036999999429,0.00016824201079386396,0.13359584327242546,2150.036999999429,2699341.815312981,0.8895961478427624,2.359599995543249,2759549.769001568,0.8885950497835983
GD,795,12795525,2155.444499992882,0.0001684529943080008,0.1335920621470798,2155.444499992882,2699283.329890084,0.8895985399132835,0.6984000065131113,2759516.298982696,0.8885964009916207
GD,796,12811620,2158.7849000061397,0.00016850210199850915,0.13358828685494817,2158.7849000061397,2699224.996567647,0.8896009257628524,0.4983000108040869,2759482.9178838814,0.8885977486098784
GD,797,12827715,2160.9336999972584,0.0001684581938402325,0.13358451808708405,2160.9336999972584,2699166.814731925,0.8896033054165713,0.45170000521466136,2759449.6253243564,0.8885990926537432
GD,798,12843810,2163.188100006664,0.00016842261758829072,0.13358075795450142,2163.188100006664,2699108.7837734967,0.8896056788993657,0.4369999951450154,2759416.42092668,0.8886004331384525
GD,799,12859905,2165.1432999933604,0.00016836386427375322,0.13357701403451896,2165.1432999933604,2699050.9030872243,0.8896080462359859,0.44010000419802964,2759383.3043167037,0.8886017700791111
GD,800,12876000,2167.053900004248,0.00016830179403574464,0.13357327835520075,2167.053900004248,2698993.172072214,0.8896104074510087,2.641099999891594,2759350.275123538,0.8886031034906922
GD,801,12892095,2172.4831000028644,0.00016851280571566254,0.13356954927522846,2172.4831000028644,2698935.5901317783,0.8896127625688388,0.5002999969292432,2759317.332979513,0.8886044333880385
GD,802,12908190,2175.2407000021776,0.0001685163218082611,0.13356582408559478,2175.2407000021776,2698878.156673394,0.8896151116137105,0.44210000487510115,2759284.4775201483,0.8886057597858648
GD,803,12924285,2177.2205000015674,0.0001684596478645873,0.13356210288306652,2177.2205000015674,2698820.8711086703,0.8896174546096893,0.43960000039078295,2759251.7083841185,0.8886070826987577
GD,804,12940380,2179.254200003925,0.0001684072801574548,0.13355838563104985,2179.254200003925,2698763.7328533037,0.8896197915806732,0.4487999976845458,2759219.0252132188,0.8886084021411783
GD,805,12956475,2181.2984999996843,0.0001683558606796744,0.1335546773982709,2181.2984999996843,2698706.741327047,0.8896221225503946,0.447300000814721,2759186.4276523315,0.8886097181274629
GD,806,12972570,2183.3110000006855,0.00016830211746791002,0.13355097727665857,2183.3110000006855,2698649.895953669,0.8896244475424214,1.9595999910961837,2759153.9153493945,0.8886110306718247
GD,807,12988665,2188.8452999992296,0.0001685196515576643,0.13354728537804078,2188.8452999992296,2698593.1961609176,0.8896267665801589,0.603299995418638,2759121.4879553677,0.8886123397883543
GD,808,13004760,2192.0135999971535,0.00016855471381226208,0.13354360163251783,2192.0135999971535,2698536.641380487,0.8896290796868511,0.4700999998021871,2759089.1451242017,0.8886136454910224
GD,809,13020855,2194.0119999926537,0.00016849984121570003,0.1335399239722732,2194.0119999926537,2698480.2310479763,0.8896313868855821,0.444200006313622,2759056.8865128052,0.8886149477936796
GD,810,13036950,2195.9339000022737,0.00016843923617121135,0.1335362517710075,2195.9339000022737,2698423.96460286,0.8896336881992774,0.4337999998824671,2759024.7117810147,0.8886162467100585
GD,811,13053045,2197.897699996247,0.00016838199056206786,0.13353258385869357,2197.897699996247,2698367.8414884494,0.889635983650706,0.4528999998001382,2758992.6205915622,0.8886175422537748
GD,812,13069140,2199.909899994964,0.00016832858933296023,0.1335289206204291,2199.909899994964,2698311.861151857,0.8896382732624808,0.7598000083817169,2758960.6126100463,0.8886188344383288
GD,813,13085235,2204.8244000034174,0.000168497119081424,0.13352526729174263,2204.8244000034174,2698256.0230439636,0.8896405570570612,0.5917999951634556,2758928.6875048983,0.8886201232771058
GD,814,13101330,2208.2934000063688,0.00016855490244168864,0.13352163019656652,2208.2934000063688,2698200.326619386,0.8896428350567536,0.45020000834483653,2758896.8449473567,0.8886214087833785
GD,815,13117425,2210.385900005349,0.00016850760724801926,0.1335180038405301,2210.385900005349,2698144.7713364395,0.8896451072837128,0.44970000453758985,2758865.0846114336,0.888622690970307
GD,816,13133520,2212.380500001018,0.0001684529737649174,0.13351439557342468,2212.380500001018,2698089.356657107,0.8896473737599441,0.4292999947210774,2758833.4061738863,0.8886239698509409
GD,817,13149615,2214.274400001159,0.00016839081600496738,0.13351079484887537,2214.274400001159,2698034.082047004,0.8896496345073037,0.4275999963283539,2758801.8093141913,0.88862524543822
GD,818,13165710,2216.144699996221,0.00016832701768428903,0.13350720947037512,2216.144699996221,2697978.946975348,0.8896518895475011,0.42380001104902476,2758770.293714509,0.8886265177449756
GD,819,13181805,2220.5998999997973,0.00016845947121807653,0.13350362999121487,2220.5998999997973,2697923.9509149245,0.8896541389020992,0.9852000075625256,2758738.8590596616,0.8886277867839317
GD,820,13197900,2224.610000004759,0.000168557876632249,0.13350005855822578,2224.610000004759,2697869.093342055,0.8896563825925168,0.45819999650120735,2758707.505037102,0.8886290525677062
GD,821,13213995,2226.709700000356,0.00016851146833341134,0.13349649736554148,2226.709700000356,2697814.373736567,0.889658620640029,0.46130000555422157,2758676.2313368847,0.8886303151088116
GD,822,13230090,2228.7460999941686,0.00016846038840205688,0.1334929435541794,2228.7460999941686,2697759.791581758,0.8896608530657691,0.4250000056345016,2758645.037651641,0.8886315744196567
GD,823,13246185,2230.7148999971105,0.00016840432924627812,0.13348939344756816,2230.7148999971105,2697705.3463643696,0.8896630798907297,0.44410000555217266,2758613.923676549,0.8886328305125473
GD,824,13262280,2232.741800005897,0.00016835278700237796,0.13348584843439737,2232.741800005897,2697651.0375745543,0.8896653011357634,0.4393999988678843,2758582.8891093098,0.8886340833996875
GD,825,13278375,2237.459800002398,0.00016850403758008025,0.13348231511856484,2237.459800002398,2697596.864705844,0.8896675168215851,0.7315999973798171,2758551.9336501164,0.8886353330931807
GD,826,13294470,2240.955400004168,0.0001685629739285709,0.1334787873086855,2240.955400004168,2697542.82725512,0.8896697269687723,0.46130000555422157,2758521.057001632,0.8886365796050305
GD,827,13310565,2243.1195999961346,0.00016852174193928918,0.13347526988475467,2243.1195999961346,2697488.9247225863,0.889671931597767,0.4378000012366101,2758490.25886896,0.8886378229471421
GD,828,13326660,2245.0703000067733,0.00016846458902731616,0.13347176004798753,2245.0703000067733,2697435.1566117336,0.8896741307288766,0.42409999878145754,2758459.5389596205,0.8886390631313233
GD,829,13342755,2247.0126999978675,0.00016840695193742728,0.13346825732275314,2247.0126999978675,2697381.5224293163,0.8896763243822748,0.44759998854715377,2758428.896983524,0.8886403001692851
GD,830,13358850,2249.0594999981113,0.00016835726877673687,0.13346475910650696,2249.0594999981113,2697328.02168532,0.8896785125780036,0.4411999980220571,2758398.332652944,0.8886415340726431
GD,831,13374945,2252.4784999986878,0.00016841030000487388,0.13346126459647228,2252.4784999986878,2697274.653892933,0.8896806953359734,1.0454000002937391,2758367.8456824967,0.8886427648529186
GD,832,13391040,2257.9875999945216,0.00016861928573094558,0.1334577737183942,2257.9875999945216,2697221.4185685166,0.8896828726759654,0.47369999811053276,2758337.435789112,0.8886439925215392
GD,833,13407135,2260.171000001719,0.00016857971520401035,0.13345428646955662,2260.171000001719,2697168.315231582,0.8896850446176315,0.4727000050479546,2758307.102692009,0.8886452170898405
GD,834,13423230,2262.216000002809,0.0001685299290858317,0.1334508028472207,2262.216000002809,2697115.3434047555,0.8896872111804967,0.4295000107958913,2758276.846112676,0.8886464385690659
GD,835,13439325,2264.1276999929687,0.00016847034356211852,0.13344732477846724,2264.1276999929687,2697062.5026137554,0.8896893723839591,0.4178000090178102,2758246.665774841,0.8886476569703688
GD,836,13455420,2266.1748999962583,0.00016842097087985794,0.13344385541713924,2266.1748999962583,2697009.792387362,0.8896915282472917,1.5333999908762053,2758216.5614044517,0.8886488723048129
GD,837,13471515,2271.799699999974,0.00016863728392834616,0.1334403944524183,2271.799699999974,2696957.212257393,0.8896936787896433,0.585400004638359,2758186.5327296513,0.8886500845833732
GD,838,13487610,2274.7252999979537,0.00016865295630567265,0.13343693984375266,2274.7252999979537,2696904.761758675,0.8896958240300399,0.44809999235440046,2758156.5794807533,0.8886512938169373
GD,839,13503705,2276.818500002264,0.0001686069489819471,0.13343349180506606,2276.818500002264,2696852.4404290156,0.8896979639873849,0.6209000130183995,2758126.7013902217,0.8886525000163056
GD,840,13519800,2279.277199995704,0.00016858808562225062,0.13343004758493052,2279.277199995704,2696800.2478091796,0.8897000986804613,0.5395000043790787,2758096.898192646,0.8886537031921931
GD,841,13535895,2281.5562000032514,0.000168555991310752,0.13342660770586637,2281.5562000032514,2696748.183442862,0.8897022281279321,0.4361000028438866,2758067.169624718,0.8886549033552296
GD,842,13551990,2283.5465999960434,0.0001685026774662646,0.13342317281187724,2283.5465999960434,2696696.2468766603,0.8897043523483417,2.9697999998461455,2758037.515425212,0.8886561005159609
GD,843,13568085,2289.4731999986107,0.00016873959737122892,0.1334197429237523,2289.4731999986107,2696644.4376600543,0.8897064713601164,0.5307000101311132,2758007.935334963,0.8886572946848498
GD,844,13584180,2292.210800005705,0.00016874119748160765,0.1334163207964711,2292.210800005705,2696592.755345372,0.8897085851815661,0.44469999556895345,2757978.4290968394,0.8886584858722769
GD,845,13600275,2294.1783999995096,0.00016868617730152587,0.1334129073266835,2294.1783999995096,2696541.199487773,0.889710693830885,0.42910000775009394,2757948.9964557295,0.8886596740885412
GD,846,13616370,2296.0694000066724,0.00016862566161221179,0.13340950810817362,2296.0694000066724,2696489.7696452183,0.8897127973261525,0.4259999986970797,2757919.6371585154,0.8886608593438612
GD,847,13632465,2298.120599996764,0.0001685770401755489,0.13340611700158636,2298.120599996764,2696438.4653784493,0.8897148956853345,0.43729999742936343,2757890.35095405,0.8886620416483759
GD,848,13648560,2300.138699996751,0.00016852610824854422,0.13340273143412568,2300.138699996751,2696387.2862509587,0.8897169889262841,2.792199986288324,2757861.1375931427,0.8886632210121453
GD,849,13664655,2305.20630000683,0.00016869846329869507,0.13339935614895987,2305.20630000683,2696336.2318289736,0.8897190770667429,0.5596999981207773,2757831.9968285332,0.8886643974451516
GD,850,13680750,2308.2796999951825,0.00016872464594376642,0.13339598998086602,2308.2796999951825,2696285.3016814226,0.8897211601243419,0.4358000005595386,2757802.9284148724,0.8886655709572995
GD,851,13696845,2310.2881999948295,0.00016867301922412274,0.1333926349856255,2310.2881999948295,2696234.49537992,0.889723238116602,0.45419999514706433,2757773.9321087026,0.8886667415584176
GD,852,13712940,2312.400599999819,0.00016862909047949009,0.1333892879523812,2312.400599999819,2696183.812498738,0.8897253110609358,0.4589999880408868,2757745.007668438,0.8886679092582591
GD,853,13729035,2314.412000006996,0.00016857790806178264,0.1333859491197546,2314.412000006996,2696133.252614785,0.8897273789746477,0.44550000166054815,2757716.154854344,0.8886690740665021
GD,854,13745130,2316.3402000063797,0.00016852079245568283,0.1333826175031359,2316.3402000063797,2696082.815307582,0.8897294418749355,0.5490000039571896,2757687.3734285193,0.8886702359927507
GD,855,13761225,2321.4063000050373,0.00016869183521125752,0.13337929183723699,2321.4063000050373,2696032.50015924,0.889731499778891,0.782900009653531,2757658.663154873,0.8886713950465364
GD,856,13777320,2324.5156000048155,0.0001687204478087767,0.1333759713573391,2324.5156000048155,2695982.3067544377,0.8897335527035009,0.46460000157821923,2757630.0237991093,0.8886725512373175
GD,857,13793415,2326.6412999946624,0.0001686776842424202,0.13337265752681846,2326.6412999946624,2695932.2346803998,0.8897356006656477,0.461799994809553,2757601.455128708,0.8886737045744812
GD,858,13809510,2328.73280000058,0.0001686325438049996,0.13336935031022462,2328.73280000058,2695882.283526874,0.8897376436821111,0.4428999964147806,2757572.9569129026,0.8886748550673438
GD,859,13825605,2330.742799997097,0.0001685816136072958,0.1333660507801875,2330.742799997097,2695832.4528861083,0.8897396817695681,0.4383999912533909,2757544.528922665,0.8886760027251511
GD,860,13841700,2332.707900000969,0.0001685275580312367,0.1333627567207279,2332.707900000969,2695782.742352831,0.8897417149445945,0.43539999751374125,2757516.170930686,0.8886771475570799
GD,861,13857795,2336.9922999991104,0.00016864099230787512,0.13335947042807508,2336.9922999991104,2695733.151524229,0.8897437432236655,0.6984000065131113,2757487.8827113574,0.8886782895722382
GD,862,13873890,2341.290800002753,0.0001687551796938532,0.13335619091248316,2341.290800002753,2695683.679999925,0.8897457666231565,0.5001999961677939,2757459.6640407536,0.8886794287796658
GD,863,13889985,2343.7306999985594,0.00016873529381050876,0.13335291480338443,2343.7306999985594,2695634.3273819583,0.8897477851593444,0.46100000326987356,2757431.5146966153,0.8886805651883356
GD,864,13906080,2345.840199996019,0.00016869169456784505,0.13334964209773853,2345.840199996019,2695585.0932747633,0.8897497988484078,0.458399998024106,2757403.434458329,0.888681698807154
GD,865,13922175,2347.907400006079,0.00016864515781521774,0.13334637330568322,2347.907400006079,2695535.9772851486,0.8897518077064284,0.4445999948075041,2757375.4231069116,0.8886828296449614
GD,866,13938270,2349.9945999938063,0.00016860016343447259,0.1333431152318183,2349.9945999938063,2695486.9790222766,0.8897538117493915,1.1206000053789467,2757347.4804249955,0.888683957710533
GD,867,13954365,2355.2732999960426,0.00016878398264600665,0.1333398644960606,2355.2732999960426,2695438.0980976433,0.889755810993187,0.570699994568713,2757319.6061968063,0.88868508301258
GD,868,13970460,2358.5319999983767,0.00016882278751010178,0.13333661724093526,2358.5319999983767,2695389.334125059,0.8897578054536104,0.45680000039283186,2757291.8002081495,0.8886862055597494
GD,869,13986555,2360.5838999937987,0.00016877522020210115,0.13333337670111,2360.5838999937987,2695340.6867206274,0.889759795146363,0.43030000233557075,2757264.062246395,0.8886873253606253
GD,870,14002650,2362.542899994878,0.00016872112778616033,0.1333301432581991,2362.542899994878,2695292.155502725,0.8897617800870533,0.4354999982751906,2757236.392100456,0.8886884424237294
GD,871,14018745,2364.5344999968074,0.00016866948503570096,0.1333269156916905,2364.5344999968074,2695243.740091985,0.8897637602911976,0.4337999998824671,2757208.789560777,0.8886895567575215
GD,872,14034840,2366.483200006769,0.00016861490405353883,0.13332369277675712,2366.483200006769,2695195.4401112758,0.8897657357742206,0.7970000006025657,2757181.254419317,0.8886906683704006
GD,873,14050935,2371.7010999971535,0.00016879311590276046,0.13332047376017514,2371.7010999971535,2695147.25518568,0.8897677065514565,0.6373999931383878,2757153.7864695312,0.8886917772707048
GD,874,14067030,2375.540599998203,0.00016887293195494736,0.13331725930523988,2375.540599998203,2695099.18494248,0.8897696726381498,0.4625000001396984,2757126.385506357,0.8886928834667128
GD,875,14083125,2377.942399994936,0.00016885047885287788,0.13331406238619092,2377.942399994936,2695051.229011135,0.8897716340494554,0.45039999531582,2757099.051326199,0.8886939869666438
GD,876,14099220,2379.9915999989025,0.00016880306853846543,0.13331088101066596,2379.9915999989025,2695003.3870232655,0.8897735908004403,0.4444999940460548,2757071.783726913,0.8886950877786586
GD,877,14115315,2382.158599997638,0.00016876411188823187,0.13330770355082408,2382.158599997638,2694955.6586126336,0.8897755429060836,0.43739999819081277,2757044.5825077887,0.8886961859108599
GD,878,14131410,2384.1747999977088,0.00016871457271409637,0.13330453036488485,2384.1747999977088,2694908.0434151236,0.889777490381278,1.0245000012218952,2757017.4474695376,0.888697281371293
GD,879,14147505,2389.670599994133,0.0001689110977514504,0.13330136307694915,2389.670599994133,2694860.541068726,0.8897794332408295,0.4898000042885542,2756990.378414279,0.8886983741679468
GD,880,14163600,2392.2215000056894,0.0001688992558393127,0.13329820184135097,2392.2215000056894,2694813.1512135207,0.8897813714994591,0.4284000024199486,2756963.3751455178,0.8886994643087538
GD,881,14179695,2394.1529000003356,0.0001688437515757804,0.13329504449311902,2394.1529000003356,2694765.873491655,0.8897833051718032,0.4270000063115731,2756936.43746814,0.8887005518015908
GD,882,14195790,2396.061000006739,0.00016878673184139375,0.1332918904128391,2396.061000006739,2694718.70754733,0.8897852342724137,0.49029999354388565,2756909.5651883916,0.8887016366542799
GD,883,14211885,2398.174400004791,0.00016874428691231256,0.13328873959737814,2398.174400004791,2694671.6530267806,0.88978715881576,0.4256000102031976,2756882.7581138657,0.8887027188745886
GD,884,14227980,2400.125100000878,0.00016869050279806958,0.13328559204359125,2400.125100000878,2694624.7095782617,0.8897890788162285,1.1998999980278313,2756856.01605349,0.8887037984702308
GD,885,14244075,2405.447600001935,0.00016887355619806376,0.13328245204571518,2405.447600001935,2694577.876852027,0.8897909942881239,0.5429000011645257,2756829.3388175094,0.8887048754488669
GD,886,14260170,2408.672799996566,0.00016890912240152578,0.1332793194472883,2408.672799996566,2694531.1545003173,0.8897929052456697,0.440200004959479,2756802.7262174757,0.8887059498181046
GD,887,14276265,2410.7371999998577,0.0001688632986288681,0.1332761942499445,2410.7371999998577,2694484.5421773368,0.889794811703009,0.4335999983595684,2756776.1780662327,0.8887070215854997
GD,888,14292360,2412.7605999965454,0.00016881470939694672,0.13327307682088285,2412.7605999965454,2694438.039539244,0.889796713674205,0.42559999565128237,2756749.6941779023,0.8887080907585562
GD,889,14308455,2414.6749999927124,0.00016875861160360866,0.13326996492367502,2414.6749999927124,2694391.6462441296,0.8897986111732419,0.4251000063959509,2756723.2743678708,0.888709157344727
GD,890,14324550,2416.5885999973398,0.00016870258402514144,0.13326685886911274,2416.5885999973398,2694345.3619520036,0.8898005042140255,1.333899999735877,2756696.918452775,0.8887102213514146
GD,891,14340645,2421.9837999989977,0.00016888946069015709,0.13326375936782833,2421.9837999989977,2694299.1863247803,0.8898023928103834,0.4988000000594184,2756670.626250494,0.8887112827859716
GD,892,14356740,2425.1269999949727,0.00016891905822596025,0.13326066746754656,2425.1269999949727,2694253.119026256,0.8898042769760666,0.454699998954311,2756644.3975801263,0.8887123416557007
GD,893,14372835,2427.31339999591,0.00016888201944820975,0.13325758189407477,2427.31339999591,2694207.159722101,0.8898061567247492,0.609799986705184,2756618.2322619883,0.8887133979678561
GD,894,14388930,2429.7939999960363,0.00016886550980483165,0.13325450031511293,2429.7939999960363,2694161.30807984,0.8898080320700295,0.44519999937620014,2756592.1301175947,0.8887144517296435
GD,895,14405025,2431.8784000060987,0.0001688215327641638,0.13325142251269337,2431.8784000060987,2694115.563768836,0.8898099030254307,0.4292999947210774,2756566.090969645,0.8887155029482203
GD,896,14421120,2433.7785999960033,0.0001687648809521038,0.13324834905755578,2433.7785999960033,2694069.9264602787,0.8898117696044012,0.8421000093221664,2756540.114642017,0.888716551630697
GD,897,14437215,2438.8890999980504,0.00016893071828590558,0.1332452832855172,2438.8890999980504,2694024.3958271644,0.8898136318203157,0.6534999993164092,2756514.200959751,0.8887175977841366
GD,898,14453310,2441.8900000018766,0.00016895022662641822,0.1332422305432695,2441.8900000018766,2693978.971544286,0.8898154896864751,0.4532999882940203,2756488.3497490333,0.8887186414155562
GD,899,14469405,2443.9127999939956,0.00016890209376225183,0.13323918323049405,2443.9127999939956,2693933.653288212,0.8898173432161078,0.4259999986970797,2756462.5608371943,0.8887196825319267
GD,900,14485500,2445.833000005223,0.000168846984916311,0.1332361438372079,2445.833000005223,2693888.44073728,0.8898191924223701,0.42830000165849924,2756436.8340526884,0.8887207211401733
GD,901,14501595,2447.883400003775,0.0001688009767204073,0.13323310782256395,2447.883400003775,2693843.3335715747,0.8898210373183464,0.43000000005122274,2756411.169225083,0.8887217572471767
GD,902,14517690,2449.83699999284,0.0001687484028101468,0.1332300764401995,2449.83699999284,2693798.3314729165,0.8898228779170504,0.6008999916957691,2756385.5661850525,0.8887227908597725
GD,903,14533785,2454.79720000003,0.0001689028150615982,0.13322704988275166,2454.79720000003,2693753.4341248483,0.8898247142314254,0.5341999931260943,2756360.0247643576,0.8887238219847527
GD,904,14549880,2458.19799999299,0.00016894970955038736,0.13322402807999298,2458.19799999299,2693708.6412126184,0.8898265462743447,0.4431000124895945,2756334.5447958447,0.8887248506288654
GD,905,14565975,2460.2409999934025,0.00016890328316459437,0.13322101195802766,2460.2409999934025,2693663.9524231697,0.8898283740586124,0.4766000056406483,2756309.1261134255,0.8887258767988158
GD,906,14582070,2462.358000004315,0.00016886203399135477,0.13321800240275236,2462.358000004315,2693619.367445123,0.8898301975969642,0.4301000008126721,2756283.76855207,0.8887269005012661
GD,907,14598165,2464.256599996588,0.00016880591498976674,0.13321499851689914,2464.256599996588,2693574.8859687657,0.8898320169020673,0.41619999683462083,2756258.471947796,0.8887279217428365
GD,908,14614260,2466.105500003323,0.00016874651881130642,0.1332119980891324,2466.105500003323,2693530.5076860352,0.8898338319865214,0.4234999942127615,2756233.236137655,0.8887289405301054
GD,909,14630355,2470.303199996124,0.0001688477962425467,0.1332090015955259,2470.303199996124,2693486.232290508,0.8898356428628595,0.9043000027304515,2756208.060959726,0.8887299568696096
GD,910,14646450,2474.503999997978,0.00016894906274202815,0.13320600840171543,2474.503999997978,2693442.059477387,0.889837449543548,0.44630000775214285,2756182.9462531004,0.888730970767845
GD,911,14662545,2476.534899993567,0.00016890211760602043,0.13320302597310618,2476.534899993567,2693397.9889434837,0.8898392520409872,0.4752000095322728,2756157.891857874,0.8887319822312671
GD,912,14678640,2478.565900004469,0.00016885528223353587,0.13320005521000702,2478.565900004469,2693354.02038721,0.8898410503675122,0.4202000127406791,2756132.897615135,0.8887329912662914
GD,913,14694735,2480.506799998693,0.00016880241800881017,0.13319708990426787,2480.506799998693,2693310.153508562,0.8898428445353932,0.45980000868439674,2756107.9633669574,0.8887339978792933
GD,914,14710830,2482.7332999993814,0.000168769083729428,0.1331941276765366,2482.7332999993814,2693266.3880091105,0.889844634556836,0.46860000293236226,2756083.088956383,0.8887350020766094
GD,915,14726925,2487.4305999983335,0.00016890359664344958,0.13319116852341276,2487.4305999983335,2693222.723591983,0.8898464204439829,0.6977999873925,2756058.27422742,0.8887360038645372
GD,916,14743020,2491.106100002071,0.00016896850848754672,0.13318821244148965,2491.106100002071,2693179.159961857,0.8898482022089127,0.4569000011542812,2756033.519025029,0.8887370032493358
GD,917,14759115,2493.2576999999583,0.00016893002730854515,0.13318525942735437,2493.2576999999583,2693135.6968249422,0.8898499798636413,0.43879999429918826,2756008.8231951115,0.888738000237226
GD,918,14775210,2495.1728000014555,0.00016887562342609381,0.13318230947758802,2495.1728000014555,2693092.333888973,0.8898517534201226,0.41790000977925956,2755984.186584502,0.8887389948343917
GD,919,14791305,2497.1190000069328,0.0001688234405285357,0.13317936397794278,2497.1190000069328,2693049.070863192,0.8898535228902487,0.4625000001396984,2755959.6090409597,0.8887399870469784
GD,920,14807400,2499.154899996938,0.00016877742885293423,0.13317642763376086,2499.154899996938,2693005.9074583394,0.8898552882858503,0.44099999649915844,2755935.090413157,0.8887409768810958
GD,921,14823495,2502.7678000042215,0.00016883790226287536,0.13317349683946583,2502.7678000042215,2692962.843386642,0.8898570496186974,0.6099000020185485,2755910.63055067,0.8887419643428163
GD,922,14839590,2507.1701999986544,0.0001689514467716867,0.13317057451361658,2507.1701999986544,2692919.878361801,0.8898588069004998,0.4626000009011477,2755886.2293039677,0.8887429494381767
GD,923,14855685,2509.457399995881,0.00016892236204495996,0.1331676571740316,2509.457399995881,2692877.0120989783,0.8898605601429074,0.46779999684076756,2755861.886524408,0.8887439321731776
GD,924,14871780,2511.563699998078,0.00016888117629484015,0.13316474402590864,2511.563699998078,2692834.2443147856,0.8898623093575109,0.43230000301264226,2755837.6020642235,0.8887449125537847
GD,925,14887875,2513.486900003045,0.00016882778099648504,0.13316183389131767,2513.486900003045,2692791.574727276,0.8898640545558419,0.4295999970054254,2755813.3757765135,0.8887458905859285
GD,926,14903970,2515.371600005892,0.00016877191781826533,0.13315892738515087,2515.371600005892,2692749.0030559255,0.8898657957493741,0.45939999108668417,2755789.207515237,0.8887468662755045
GD,927,14920065,2517.3879000067245,0.00016872499550147567,0.13315602462228837,2517.3879000067245,2692706.529021629,0.8898675329495228,0.7246000022860244,2755765.0971352006,0.8887478396283746
GD,928,14936160,2524.3214999936754,0.00016900739547471877,0.13315312603775722,2524.3214999936754,2692664.152346686,0.8898692661676461,0.523299997439608,2755741.0444920524,0.8887488106503662
GD,929,14952255,2527.0121000066865,0.00016900541757792966,0.13315023177858684,2527.0121000066865,2692621.872754788,0.8898709954150451,0.49649999709799886,2755717.0494422726,0.8887497793472732
GD,930,14968350,2529.301899994607,0.00016897666743459413,0.13314734730532385,2529.301899994607,2692579.689971008,0.8898727207029644,0.45840001257602125,2755693.111843164,0.8887507457248566
GD,931,14984445,2531.418099999428,0.00016893639370690257,0.13314446796074447,2531.418099999428,2692537.603721792,0.8898744420425925,0.4295999970054254,2755669.2315528453,0.8887517097888441
GD,932,15000540,2533.3460999972885,0.00016888366018805246,0.13314159187291938,2533.3460999972885,2692495.6137349457,0.889876159445062,2.3519999958807603,2755645.4084302415,0.8887526715449311
GD,933,15016635,2538.901599997189,0.00016907260514737084,0.13313871952963513,2538.901599997189,2692453.7197396248,0.8898778729214507,0.6105999927967787,2755621.6423350745,0.8887536309987807
GD,934,15032730,2542.2331000008853,0.00016911320166070203,0.13313585045694512,2542.2331000008853,2692411.9214663226,0.8898795824827815,0.4358000005595386,2755597.9331278563,0.888754588156024
GD,935,15048825,2544.193499998073,0.00016906260123285857,0.133132984346725,2544.193499998073,2692370.2186468625,0.8898812881400229,0.4222999996272847,2755574.2806698824,0.8887555430222608
GD,936,15064920,2546.071499993559,0.0001690066392648324,0.13313012119556086,2546.071499993559,2692328.611014386,0.8898829899040894,0.43569999979808927,2755550.6848232197,0.8887564956030594
GD,937,15081015,2548.1478000001516,0.0001689639457291271,0.13312726153838264,2548.1478000001516,2692287.0983033404,0.8898846877858423,0.4321000014897436,2755527.145450701,0.8887574459039573
GD,938,15097110,2550.0860000029206,0.00016891219577806088,0.13312440644293785,2550.0860000029206,2692245.6802494708,0.8898863817960896,3.073300002142787,2755503.6624159203,0.8887583939304616
GD,939,15113205,2555.8542999933707,0.00016911398343325394,0.1331215608931282,2555.8542999933707,2692204.356589811,0.8898880719455867,0.5342999938875437,2755480.235583217,0.8887593396880487
GD,940,15129300,2558.8151999982074,0.00016912978128520205,0.13311872335356065,2558.8151999982074,2692163.1270626704,0.8898897582450369,0.4960999940522015,2755456.8648176747,0.8887602831821654
GD,941,15145395,2560.937300004298,0.0001690901623895777,0.1331158902958863,2560.937300004298,2692121.991407626,0.8898914407050914,0.5991000070935115,2755433.5499851136,0.8887612244182286
GD,942,15161490,2563.1583999929717,0.00016905715731059228,0.13311306215155172,2563.1583999929717,2692080.949365511,0.8898931193363504,0.4332999960752204,2755410.2909520785,0.888762163401626
GD,943,15177585,2565.1186000031885,0.00016900703241017517,0.13311023832267926,2565.1186000031885,2692040.0006784084,0.8898947941493627,0.43509999522939324,2755387.087585836,0.8887631001377161
GD,944,15193680,2567.017499997746,0.00016895297913328082,0.1331074197350472,2567.017499997746,2691999.1450896366,0.8898964651546266,1.5536999999312684,2755363.9397543618,0.8887640346318288
GD,945,15209775,2573.61769999261,0.00016920813752949074,0.13310460511436958,2573.61769999261,2691958.382343743,0.8898981323625903,0.5018000083509833,2755340.847326341,0.8887649668892655
GD,946,15225870,2576.166800005012,0.00016919668958194258,0.1331017933864875,2576.166800005012,2691917.712186493,0.889899795783652,0.5702000053133816,2755317.810171155,0.8887658969152993
GD,947,15241965,2578.4587999951327,0.00016916839790638103,0.1330989902605627,2578.4587999951327,2691877.1343648625,0.8899014554281605,0.4597999941324815,2755294.828158873,0.8887668247151755
GD,948,15258060,2580.6656000058865,0.0001691345819852515,0.13309619780671086,2580.6656000058865,2691836.6486270255,0.8899031113064153,0.5004999984521419,2755271.9011602523,0.8887677502941118
GD,949,15274155,2583.1195000064326,0.00016911701498422877,0.13309340886463547,2583.1195000064326,2691796.2547223475,0.8899047634286679,1.4681000029668212,2755249.0290467236,0.8887686736572987
GD,950,15290250,2588.776599994162,0.0001693089779430789,0.13309062358949955,2588.776599994162,2691755.952401375,0.8899064118051205,1.0353999969083816,2755226.2116903896,0.8887695948098994
GD,951,15306345,2592.098099994473,0.00016934794688049128,0.13308784352004344,2592.098099994473,2691715.741415828,0.8899080564459283,0.45200000749900937,2755203.4489640146,0.8887705137570505
GD,952,15322440,2594.11540000292,0.00016930171695910836,0.1330850663698762,2594.11540000292,2691675.6215185868,0.8899096973611983,0.42660000326577574,2755180.7407410196,0.8887714305038621
GD,953,15338535,2596.011000001454,0.00016924764979194256,0.13308229483517658,2596.011000001454,2691635.5924636885,0.8899113345609904,0.43829999049194157,2755158.086895475,0.8887723450554181
GD,954,15354630,2598.0936999985715,0.00016920588122270425,0.13307953152730082,2598.0936999985715,2691595.6540063154,0.8899129680553178,0.4410999972606078,2755135.4873020956,0.8887732574167764
GD,955,15370725,2600.086599995848,0.0001691583578520758,0.13307677231624462,2600.086599995848,2691555.8059027856,0.8899145978541473,1.8815999937942252,2755112.941836229,0.8887741675929691
GD,956,15386820,2604.8808000050485,0.0001692929923145295,0.133074018144264,2604.8808000050485,2691516.047910545,0.8899162239673992,0.5095999949844554,2755090.4503738564,0.8887750755890031
GD,957,15402915,2607.9027999949176,0.00016931228926439688,0.1330712667897886,2607.9027999949176,2691476.379788162,0.8899178464049483,0.4577000072458759,2755068.012791581,0.88877598140986
GD,958,15419010,2609.9246999947354,0.00016926668443659714,0.13306851851591647,2609.9246999947354,2691436.8012953126,0.8899194651766238,0.43450000521261245,2755045.6289666225,0.8887768850604965
GD,959,15435105,2611.9695999950636,0.00016922266482768104,0.13306577638981235,2611.9695999950636,2691397.3121927744,0.8899210802922101,0.42699999175965786,2755023.2987768133,0.8887777865458446
GD,960,15451200,2613.874799993937,0.0001691696955572342,0.1330630375245855,2613.874799993937,2691357.9122424233,0.8899226917614463,0.4265000025043264,2755001.022100589,0.8887786858708119
GD,961,15467295,2615.7492000056664,0.0001691148452270204,0.1330603014582961,2615.7492000056664,2691318.601207218,0.8899242995940277,0.42079998820554465,2754978.798816984,0.8887795830402818
GD,962,15483390,2618.13329999859,0.00016909302807709356,0.1330575693700997,2618.13329999859,2691279.3788511963,0.8899259037996051,0.6992999988142401,2754956.628805628,0.888780478059114
GD,963,15499485,2623.9015000028303,0.0001692895925253536,0.13305484519167884,2623.9015000028303,2691240.244939463,0.8899275043877859,0.45020000834483653,2754934.511946733,0.8887813709321442
GD,964,15515580,2626.096099993447,0.0001692554258360594,0.13305212722777593,2626.096099993447,2691201.199238188,0.8899291013681336,0.46150000707712024,2754912.4481210946,0.8887822616641847
GD,965,15531675,2628.178200000548,0.00016921408669705925,0.13304941570065223,2628.178200000548,2691162.2415145924,0.8899306947501691,0.44720000005327165,2754890.437210082,0.888783150260025
GD,966,15547770,2630.1629999943543,0.00016916657501328837,0.13304670732637167,2630.1629999943543,2691123.371536943,0.8899322845433704,0.46329999167937785,2754868.479095635,0.888784036724431
GD,967,15563865,2632.1948999975575,0.0001691221878368617,0.13304400228698293,2632.1948999975575,2691084.589074545,0.8899338707571728,0.41480000072624534,2754846.573660254,0.8887849210621462
GD,968,15579960,2634.1450000036275,0.0001690726420352573,0.13304130120788374,2634.1450000036275,2691045.8938977327,0.8899354534009698,0.6113999988883734,2754824.720787001,0.8887858032778918
GD,969,15596055,2640.1814999990165,0.00016928521347219001,0.13303860412331397,2640.1814999990165,2691007.2857778645,0.8899370324841128,0.4673000075854361,2754802.9203594862,0.8887866833763663
GD,970,15612150,2642.684000005829,0.00016927098445799132,0.1330359182382093,2642.684000005829,2690968.764487311,0.8899386080159122,0.43000000005122274,2754781.172261868,0.8887875613622463
GD,971,15628245,2644.60390000022,0.0001692195060929887,0.13303323533290146,2644.60390000022,2690930.3297994505,0.8899401800056366,0.4248000041116029,2754759.476378847,0.8887884372401866
GD,972,15644340,2646.519799993257,0.0001691678779669361,0.13303055580040254,2646.519799993257,2690891.981488663,0.889941748462514,0.4638999962480739,2754737.8325956576,0.8887893110148204
GD,973,15660435,2648.5825999989174,0.00016912573629014247,0.1330278812975932,2648.5825999989174,2690853.7193303173,0.8899433133957317,0.4321999876992777,2754716.240798065,0.8887901826907594
GD,974,15676530,2650.582200003555,0.00016907964964207992,0.13302521083509616,2650.582200003555,2690815.543100771,0.8899448748144372,1.0443000064697117,2754694.70087236,0.8887910522725939
GD,975,15692625,2655.9237000037683,0.00016924661743996102,0.13302254347711157,2655.9237000037683,2690777.452577355,0.8899464327277374,0.5665000062435865,2754673.2127053514,0.8887919197648939
GD,976,15708720,2658.572999993339,0.00016924186057128393,0.13301988070784768,2658.572999993339,2690739.447538375,0.8899479871446997,0.4680999991251156,2754651.7761843656,0.8887927851722077
GD,977,15724815,2660.7445999979973,0.00016920673470549556,0.13301722218635342,2660.7445999979973,2690701.527763096,0.8899495380743523,0.4791999963345006,2754630.3911972367,0.888793648499064
GD,978,15740910,2662.86919999402,0.00016916869482094875,0.13301456719054697,2662.86919999402,2690663.693031742,0.8899510855256839,0.44210000487510115,2754609.0576323024,0.8887945097499702
GD,979,15757005,2664.8133999988204,0.0001691192837724441,0.1330119208492497,2664.8133999988204,2690625.943125483,0.889952629507645,0.4493999877013266,2754587.7753784005,0.8887953689294142
GD,980,15773100,2666.787399997702,0.00016907186285496838,0.13300927948521554,2666.787399997702,2690588.277826436,0.8899541700291469,1.7197999986819923,2754566.5443248632,0.8887962260418639
GD,981,15789195,2671.9313000066904,0.00016922530249367942,0.13300664361987077,2671.9313000066904,2690550.6969176484,0.889955707099063,0.6787000020267442,2754545.364361512,0.888797081091767
GD,982,15805290,2674.645999999484,0.00016922473425033544,0.13300401075782914,2674.645999999484,2690513.200183098,0.8899572407262288,0.4579999949783087,2754524.2353786547,0.8887979340835521
GD,983,15821385,2676.686000006157,0.0001691815223513085,0.13300139720055748,2676.686000006157,2690475.787407686,0.8899587709194419,0.5289999971864745,2754503.157267076,0.8887987850216281
GD,984,15837480,2679.0858000022126,0.00016916111654140763,0.13299878940825538,2679.0858000022126,2690438.458377225,0.8899602976874624,0.49730000318959355,2754482.129918038,0.888799633910385
GD,985,15853575,2681.2314999988303,0.00016912472423405005,0.13299618655430354,2681.2314999988303,2690401.2128784386,0.8899618210390136,0.4292000085115433,2754461.1532232724,0.8888004807541934
GD,986,15869670,2683.18680000084,0.00016907640801609863,0.13299358760974822,2683.18680000084,2690364.0506989527,0.8899633409827815,0.7199999963631853,2754440.227074976,0.8888013255574057
GD,987,15885765,2688.210299995262,0.00016922133117261033,0.1329909962034892,2688.210299995262,2690326.971627286,0.8899648575274159,0.8978999976534396,2754419.351365809,0.888802168324355
GD,988,15901860,2691.5340999985347,0.00016925907409564257,0.13298840834402278,2691.5340999985347,2690289.9754528473,0.8899663706815301,0.45479999971576035,2754398.5259888857,0.8888030090593566
GD,989,15917955,2693.6082000029273,0.000169218231864767,0.13298582541296225,2693.6082000029273,2690253.061965928,0.8899678804537009,0.42889999167528003,2754377.7508377736,0.8888038477667071
GD,990,15934050,2695.52599999588,0.00016916766296050782,0.13298324787629168,2695.52599999588,2690216.2309576953,0.8899693868524698,0.42130000656470656,2754357.0258064885,0.8888046844506852
GD,991,15950145,2697.5636999995913,0.00016912471328627994,0.13298067368142755,2697.5636999995913,2690179.482220186,0.8899708898863428,0.4332999960752204,2754336.3507894888,0.8888055191155517
GD,992,15966240,2699.544400005834,0.00016907828017152655,0.132978102308739,2699.544400005834,2690142.8155463007,0.88997238956379,0.49079999735113233,2754315.725681672,0.8888063517655497
GD,993,15982335,2704.020999997738,0.00016918810674396062,0.13297553767774464,2704.020999997738,2690106.230729798,0.8899738858932469,0.9838999976636842,2754295.15037837,0.8888071824049046
GD,994,15998430,2707.9437999927904,0.00016926309644088767,0.13297297830089658,2707.9437999927904,2690069.7275652853,0.889975378883114,0.46129999100230634,2754274.6247753478,0.8888080110378246
GD,995,16014525,2710.095000002184,0.0001692273108320218,0.1329704228931998,2710.095000002184,2690033.3058482185,0.8899768685417573,0.4413999995449558,2754254.1487687924,0.8888088376685006
GD,996,16030620,2712.144699995406,0.00016918526544796184,0.13296787186176676,2712.144699995406,2689996.9653748893,0.8899783548775084,0.4241999995429069,2754233.722255315,0.8888096623011064
GD,997,16046715,2714.026300003752,0.0001691328287443101,0.13296532341787343,2714.026300003752,2689960.7059424263,0.889979837898665,0.4197999951429665,2754213.3451319467,0.8888104849397991
GD,998,16062810,2715.899699993315,0.00016907998662707926,0.132962777558265,2715.899699993315,2689924.5273487824,0.8899813176134908,0.4293999954825267,2754193.0172961294,0.888811305588719
GD,999,16078905,2720.278099994175,0.00016918304449178444,0.13296023447793318,2720.278099994175,2689888.4293927327,0.8899827940302159,0.7090999861247838,2754172.738645716,0.8888121242519897
GD,1000,16095000,2723.9094999968074,0.00016923948431169975,0.13295769554219963,2723.9094999968074,2689852.4118738696,0.889984267157037,0.44519999937620014,2754152.5090789674,0.8888129409337188
Nesterov,1,16095,1.847699997597374,0.00011479962706414252,0.49533921991086544,1.847699997597374,23952183.699302703,0.02034883726861436,0.4884999943897128,24267975.560210824,0.020284888677213786
Nesterov,2,32190,4.8427000001538545,0.00015044113079073796,0.4823385389168565,4.8427000001538545,23030186.567224547,0.058058783627353394,0.4352999967522919,23333950.17249818,0.0579921454869472
Nesterov,3,48285,7.740200002444908,0.00016030237138748904,0.46411758305543904,7.740200002444908,21764522.539568033,0.10982480429114316,0.9589999972376972,22051630.021985497,0.10976030496502076
Nesterov,4,64380,15.362200007075444,0.00023861758321024298,0.44154378283814116,15.362200007075444,20238684.345570784,0.1722320227583628,0.4859999899053946,20505477.409832135,0.17217956506273813
Nesterov,5,80475,18.465800007106736,0.00022946008085873547,0.415428567261279,18.465800007106736,18534816.950990785,0.2419206864391189,0.4394999996293336,18778596.10608209,0.2418949685807238
Nesterov,6,96570,21.258599997963756,0.0002201366883914648,0.3865812170668383,21.258599997963756,16730575.690423813,0.31571466994191866,0.4450999986147508,16949563.09450704,0.3157343078409096
Nesterov,7,112665,24.367899997741915,0.00021628633557663795,0.3558324442402914,24.367899997741915,14896744.694056723,0.39071888210050265,1.0714000090956688,15090026.444445334,0.39080510027697113
Nesterov,8,128760,31.775499999639578,0.00024678083255389545,0.3240181444078446,31.775499999639578,13095502.986733513,0.4643901830178724,0.4760999872814864,13262955.295717506,0.46456523776472236
Nesterov,9,144855,34.85290000389796,0.0002406054330461355,0.2920228288518224,34.85290000389796,11379244.675641008,0.5345856387273293,0.44410000555217266,11521447.282330623,0.5348711317595336
Nesterov,10,160950,37.67370000423398,0.00023407082947644596,0.26079288155523367,37.67370000423398,9789878.455864511,0.5995911716155627,0.43369999912101775,9908017.831814483,0.6000064047781681
Nesterov,11,177045,40.450100001180544,0.00022847355192849583,0.23143025653547356,40.450100001180544,8358549.549209127,0.6581329332043739,1.0631999903125688,8454313.986217618,0.6586934436449126
Nesterov,12,193140,48.272100000758655,0.0002499332090750681,0.204998285612475,48.272100000758655,7105741.563936899,0.7093731380582986,0.49479999870527536,7181210.1374407,0.7100895345893485
Nesterov,13,209235,51.29190000297967,0.00024514015343025627,0.18258771497073165,51.29190000297967,6041723.500221463,0.7528917811336842,0.4430999979376793,6099251.247624604,0.753768970129939
Nesterov,14,225330,54.24670000502374,0.0002407433542139251,0.16519295762521335,54.24670000502374,5167316.213196421,0.7886552892208327,0.45649999810848385,5209418.788615843,0.789692127563217
Nesterov,15,241425,57.061800005612895,0.000236354147273948,0.15334077261011125,57.061800005612895,4474984.894445748,0.8169718381386333,2.109700013534166,4504227.630428199,0.8181611868110108
Nesterov,16,257520,64.06390000483952,0.0002487725225413153,0.14679920496757962,64.06390000483952,3950297.147288334,0.8384317170384697,0.4726999904960394,3969195.2361214925,0.8397608179977556
Nesterov,17,273615,67.15889999759383,0.00024545035907239674,0.1444198702176744,67.15889999759383,3573712.7224457813,0.8538341277036099,0.45779999345541,3584649.024750999,0.8552852169467682
Nesterov,18,289710,69.94060000579339,0.00024141589867727515,0.14508749975414467,69.94060000579339,3322517.6903300006,0.8641080763495421,0.45479999971576035,3327681.648574441,0.865659169274704
Nesterov,19,305805,72.89650000166148,0.0002383757623376383,0.1477239255732041,72.89650000166148,3172666.4553020685,0.8702370347140408,0.6059000006644055,3174013.8350832504,0.8718628461585761
Nesterov,20,321900,78.68479999888223,0.0002444386455386214,0.15158936040921883,78.68479999888223,3100370.785312794,0.8731939482904634,0.5948000034550205,3099601.6379457465,0.8748669184933889
Nesterov,21,337995,82.57579999917652,0.00024431071465310587,0.1558871309037313,82.57579999917652,3083371.0095588523,0.8738892439801005,0.5723000067519024,3081922.660564715,0.8755806311493934
Nesterov,22,354090,85.94770000490826,0.00024272840239743641,0.16014995829871545,85.94770000490826,3101876.4411639483,0.8731323665355899,0.46189999557100236,3100928.553927238,0.8748133499690883
Nesterov,23,370185,88.69269999559037,0.00023959020488563927,0.16394872178167602,88.69269999559037,3139181.181267642,0.8716065919975865,0.4756999987876043,3139670.247071763,0.8732493207768819
Nesterov,24,386280,94.51280000212137,0.0002446743295074075,0.16708315562480872,94.51280000212137,3181974.3580092215,0.8698563388316057,0.9692000021459535,3184615.1197782196,0.8714348648962196
Nesterov,25,402375,99.92100000090431,0.0002483280521923686,0.16936389357084325,99.92100000090431,3220378.8250607164,0.8682855851469564,0.5687000084435567,3225690.241433885,0.8697766335663901
Nesterov,26,418470,103.36900000402238,0.000247016512543366,0.17068908478684308,103.36900000402238,3247766.0856983014,0.8671654383551456,0.46019999717827886,3256099.6043891385,0.8685489863595168
Nesterov,27,434565,106.41819999727886,0.00024488442464827787,0.17105686620064903,106.41819999727886,3260403.484148609,0.866648565144704,1.7291999974986538,3271971.6706731194,0.8679082199656432
Nesterov,28,450660,114.46360000991262,0.0002539910353923415,0.17052552614292196,114.46360000991262,3256991.3202676848,0.8667881236231852,0.5101999995531514,3271895.263537156,0.8679113045750507
Nesterov,29,466755,117.78570000024047,0.00025235016229122444,0.16919574792319786,117.78570000024047,3238143.6930207317,0.8675589969673031,0.4343000036897138,3256398.0338992816,0.868536938551902
Nesterov,30,482850,120.60819999896921,0.00024978399088530437,0.16720194496331525,120.60819999896921,3205859.5098236003,0.8688794292921362,0.44750000233761966,3227414.361110441,0.8697070296516894
Nesterov,31,498945,123.50870000955183,0.0002475397088046815,0.16467307734509745,123.50870000955183,3163020.949410962,0.8706315386632415,2.296599996043369,3187780.3563948055,0.871307082084815
Nesterov,32,515040,130.03939999907743,0.00025248407890470143,0.16177899250662778,130.03939999907743,3112946.9810462147,0.8726795782886443,0.5028000014135614,3140783.8866077564,0.8732043623715435
Nesterov,33,531135,133.27299999946263,0.00025092114057530127,0.15868660880302551,133.27299999946263,3059020.119784759,0.874885202335306,0.5065000004833564,3089788.0361723453,0.8752631004464344
Nesterov,34,547230,136.32910000160336,0.0002491257789258691,0.15551734722240018,136.32910000160336,3004395.9266360737,0.8771193474555661,0.4298999992897734,3037937.6768225287,0.8773563356426087
Nesterov,35,563325,139.07540000218432,0.0002468830604041793,0.15241446715017376,139.07540000218432,2951797.165133086,0.8792706518423195,0.4312999953981489,2987951.146526593,0.879374326759009
Nesterov,36,579420,145.19819999986794,0.0002505923164541575,0.1494982468972992,145.19819999986794,2903388.242329608,0.8812505906281256,0.6709000008413568,2941992.6956952238,0.881229701496006
Nesterov,37,595515,149.7557999973651,0.00025147275886814793,0.14679077928570514,149.7557999973651,2860720.777445283,0.8829957021431958,0.4847000091103837,2901616.5279330304,0.8828597155693176
Nesterov,38,611610,152.70320000126958,0.00024967413875062473,0.14435755668126418,152.70320000126958,2824737.960651691,0.8844674096397953,0.47480000648647547,2867770.0502649955,0.8842261214960976
Nesterov,39,627705,155.57540000008885,0.00024784795405499217,0.1422415810699783,155.57540000008885,2795823.773423862,0.885650008165791,0.43110000842716545,2840842.3385925274,0.8853132120106485
Nesterov,40,643800,159.9324999988312,0.0002484195402280696,0.1404291048420132,159.9324999988312,2773882.9852876677,0.8865473926748073,1.203799998620525,2820743.660747291,0.8861246096632353
Nesterov,41,659895,165.64279999874998,0.00025101387341736184,0.1388992591560365,165.64279999874998,2758438.8413310354,0.8871790625790819,0.5842999962624162,2807002.900724837,0.8866793337357751
Nesterov,42,675990,168.86269999668002,0.00024980058876119475,0.13764215486837195,168.86269999668002,2748737.1600149754,0.8875758641192273,0.5086000019218773,2798871.540054818,0.8870076024413484
Nesterov,43,692085,172.1838000084972,0.00024878996078299225,0.13664460522499308,172.1838000084972,2743847.8123789174,0.8877758398357128,0.48240000614896417,2795425.1139836838,0.8871467370672906
Nesterov,44,708180,177.45319999812637,0.0002505764071254856,0.13587150278029875,177.45319999812637,2742756.937400214,0.8878204569342912,1.1320999910822138,2795655.4549628063,0.8871374380411958
Nesterov,45,724275,182.71850000019185,0.0002522777950366806,0.13529405243967083,182.71850000019185,2744445.525637698,0.887751393192505,0.5367000121623278,2798549.3241389017,0.8870206105227662
Nesterov,46,740370,185.96630000683945,0.00025118022070969845,0.13487818048821323,185.96630000683945,2747952.018668651,0.887607976624813,0.446999998530373,2803151.0566726504,0.886834835368576
Nesterov,47,756465,188.82640000083484,0.00024961683620634774,0.13458408033844163,188.82640000083484,2752418.242076203,0.887425306810271,0.44439999328460544,2808608.525241663,0.8866145135533771
Nesterov,48,772560,194.27940000605304,0.0002514748369137064,0.13438565116123316,194.27940000605304,2757119.2867664327,0.8872330327381175,1.0176000068895519,2814203.0297852787,0.8863886595002384
Nesterov,49,788655,199.17890000215266,0.00025255517305051344,0.13425728522130417,199.17890000215266,2761478.886577706,0.8870547238591536,0.6706999993184581,2819364.6598247434,0.8861802808929592
Nesterov,50,804750,202.41330000862945,0.0002515232059753084,0.1341774795606038,202.41330000862945,2765072.4421473294,0.8869077464087334,0.5096999957459047,2823675.2813153323,0.8860062580947639
Nesterov,51,820845,205.3306000016164,0.0002501453989506136,0.13412782233733545,205.3306000016164,2767620.157446124,0.8868035441244613,0.4354999982751906,2826861.618754353,0.8858776234284302
Nesterov,52,836940,210.15460000489838,0.00025109876455289316,0.13409816856835585,210.15460000489838,2768972.837733583,0.8867482191138881,0.94600000011269,2828780.9868418756,0.8858001371991042
Nesterov,53,853035,215.45289999630768,0.00025257216878124306,0.13407867270204543,215.45289999630768,2769092.7983257747,0.8867433126913633,0.4589000018313527,2829402.126990276,0.8857750613377853
Nesterov,54,869130,218.3975000079954,0.00025128289209668913,0.1340640710882526,218.3975000079954,2768032.1025234764,0.8867866954529967,0.45000000682193786,2828783.3726399555,0.8858000408827705
Nesterov,55,885225,221.2165999953868,0.00024989872630730805,0.13405123672591548,221.2165999953868,2765910.0297409366,0.8868734888366361,0.4343999898992479,2827050.0492850896,0.8858700163563883
Nesterov,56,901320,224.22240000742022,0.00024877113567592,0.13403906713131247,224.22240000742022,2762891.310760763,0.8869969553061661,1.1169000063091516,2824372.6499781236,0.885978104835115
Nesterov,57,917415,231.83620000781957,0.00025270591826798074,0.13402785040486365,231.83620000781957,2759166.2888995046,0.8871493097655087,0.4667000030167401,2820946.947796777,0.8861164028231623
Nesterov,58,933510,234.9575999978697,0.00025169264389012403,0.1340187989393294,234.9575999978697,2754933.799625292,0.8873224197871579,0.44750000233761966,2816976.839366418,0.8862766788714532
Nesterov,59,949605,237.8136000043014,0.0002504342331856945,0.13401339347222252,237.8136000043014,2750387.226101828,0.8875083759444177,0.42100000428035855,2812660.377402481,0.886450937453634
Nesterov,60,965700,240.5849000060698,0.0002491300611018637,0.13401333841967775,240.5849000060698,2745703.897376023,0.8876999254285602,1.2252000014996156,2808179.158568379,0.8866318473856561
Nesterov,61,981795,247.63959999836516,0.00025223147398221134,0.13402115689444918,247.63959999836516,2741037.7571619577,0.8878907718976573,0.46969999675638974,2803690.9934536847,0.8868130377438741
Nesterov,62,997890,250.68029999965802,0.00025121035384627365,0.13403513189691982,250.68029999965802,2736515.04743796,0.8880757520186948,0.44180000259075314,2799325.601217873,0.8869892716752815
Nesterov,63,1013985,253.5788999957731,0.00025008151007734146,0.1340542191130412,253.5788999957731,2732232.6216103495,0.8882509044596579,0.4822000046260655,2795182.941659113,0.8871565137330589
Nesterov,64,1030080,256.59440000890754,0.00024910142902386954,0.13407833487356802,256.59440000890754,2728258.4231092487,0.8884134503148253,3.4657000069273636,2791333.7184436275,0.887311909560853
Nesterov,65,1046175,263.43639999686275,0.00025180911415094296,0.13410701676780604,263.43639999686275,2724633.6311428957,0.8885617053428043,0.48099999548867345,2787821.5531186736,0.8874536981263551
Nesterov,66,1062270,266.6192000033334,0.0002509900496138773,0.1341402787332755,266.6192000033334,2721375.9787399345,0.8886949442576523,0.4427999956533313,2784666.333094014,0.8875810765609525
Nesterov,67,1078365,269.4335999985924,0.00024985380645569207,0.13417615000899513,269.4335999985924,2718483.781232248,0.8888132359627772,0.49849999777507037,2781868.270057287,0.8876940363186675
Nesterov,68,1094460,272.4106999958167,0.00024889964000129444,0.13421236682659096,272.4106999958167,2715940.2679102803,0.8889172663849954,0.5251999973552302,2779412.260190283,0.887793187151183
Nesterov,69,1110555,278.40419999847654,0.000250689249968238,0.13424708341678251,278.40419999847654,2713717.8779874616,0.8890081627683593,0.5469000025186688,2777272.206312461,0.8878795826198922
Nesterov,70,1126650,282.53690000565257,0.00025077610616043366,0.13427741019396414,282.53690000565257,2711782.257215318,0.8890873302114551,0.47810000251047313,2775415.037641034,0.887954557815378
Nesterov,71,1142745,285.47940000134986,0.00024981898848942666,0.1343025040874916,285.47940000134986,2710095.7674477682,0.889156308125221,0.4349999944679439,2773804.239150765,0.8880195868746952
Nesterov,72,1158840,288.2858000084525,0.00024877101239899595,0.13432064161418095,288.2858000084525,2708620.393262517,0.8892166513512997,0.44079999497625977,2772402.7746227267,0.8880761649758514
Nesterov,73,1174935,292.56359999999404,0.00024900407256571135,0.13433116113683366,292.56359999999404,2707319.9937365823,0.8892698380637761,0.74230000609532,2771175.3517035916,0.888125716895783
Nesterov,74,1191030,297.83470000256784,0.0002500648178488937,0.13433361269828883,297.83470000256784,2706161.901189429,0.8893172043801258,0.4641999985324219,2770090.0311954096,0.8881695320422033
Nesterov,75,1207125,300.8140000019921,0.00024919871595898693,0.13432696414195366,300.8140000019921,2705117.9108398915,0.8893599038839642,0.4354999982751906,2769119.2250473164,0.8882087241639809
Nesterov,76,1223220,303.7105999974301,0.0002482877977775299,0.13431139574270212,303.7105999974301,2704164.7355671623,0.8893988890251914,0.4408999957377091,2768240.157822485,0.8882442127213968
Nesterov,77,1239315,306.58600000606384,0.00024738343359522304,0.13428679639768026,306.58600000606384,2703284.018847141,0.8894349105908923,0.8552999934181571,2767434.885298074,0.8882767221352512
Nesterov,78,1255410,313.2543999963673,0.00024952358193448137,0.13425378526145687,313.2543999963673,2702462.0076127276,0.8894685310854443,0.49390000640414655,2766689.972491053,0.8883067947851864
Nesterov,79,1271505,316.64079999609385,0.00024902835615754073,0.13421326243241496,316.64079999609385,2701688.9868507823,0.889500147855663,0.45089999912306666,2765995.933390154,0.8883348136280979
Nesterov,80,1287600,319.5302999956766,0.00024815959925106914,0.13416596004717068,319.5302999956766,2700958.571029118,0.8895300220716407,0.43590000132098794,2765346.5278547453,0.8883610305828182
Nesterov,81,1303695,322.33730000734795,0.0002472490114692071,0.13411261261637936,322.33730000734795,2700266.9358414467,0.8895583101485982,0.4625000001396984,2764737.9994237623,0.8883855973003025
Nesterov,82,1319790,327.56099999824073,0.00024819175777831377,0.13405417353495114,327.56099999824073,2699612.0590902297,0.8895850947949934,0.6675000040559098,2764168.322995508,0.8884085955353197
Nesterov,83,1335885,331.74130000406876,0.000248330732064563,0.133991875527758,331.74130000406876,2698993.023438415,0.8896104135301737,0.46779999684076756,2763636.515142436,0.8884300649895261
Nesterov,84,1351980,334.79219999571797,0.0002476310300416559,0.13392663807482952,334.79219999571797,2698409.4176376043,0.8896342831743163,0.46960001054685563,2763142.0436068224,0.8884500271505378
Nesterov,85,1368075,337.8024999983609,0.0002469181148682352,0.13385949246516599,337.8024999983609,2697860.857773291,0.8896567194296343,0.4383000050438568,2762684.3573793517,0.8884685042629853
Nesterov,86,1384170,340.67720000166446,0.0002461238142725709,0.133791035270739,340.67720000166446,2697346.636841986,0.8896777512127727,0.5594000103883445,2762262.545480101,0.8884855331037638
Nesterov,87,1400265,347.9842000087956,0.0002485131028832368,0.1337221747162311,347.9842000087956,2696865.5000806656,0.8896974298438978,0.45849999878555536,2761875.121631247,0.8885011736749464
Nesterov,88,1416360,351.0504000005312,0.0002478539354405174,0.13365359650637737,351.0504000005312,2696415.535132575,0.8897158335389479,0.47730001097079366,2761519.923659011,0.8885155132649979
Nesterov,89,1432455,354.0691000089282,0.00024717642090601674,0.13358600358058934,354.0691000089282,2695994.1603598655,0.8897330678876492,0.4450999986147508,2761194.110691475,0.8885286665619001
Nesterov,90,1448550,356.95770000165794,0.0002464241482873618,0.13351951327792994,356.95770000165794,2695598.1912337993,0.8897492631381376,2.099000004818663,2760894.2378572924,0.8885407726375139
Nesterov,91,1464645,363.54960000608116,0.0002482168716692995,0.13345480799615012,363.54960000608116,2695223.9634545287,0.889764569161325,0.4870999982813373,2760616.3869416597,0.8885519896729054
Nesterov,92,1480740,366.9166000036057,0.0002477927252614272,0.13339240945279565,366.9166000036057,2694867.49190468,0.8897791489496514,0.44519999937620014,2760356.3319466915,0.888562488274559
Nesterov,93,1496835,369.7608000074979,0.00024702842999228233,0.1333324390100859,369.7608000074979,2694524.6463192827,0.8897931714321351,0.4757999995490536,2760109.720325108,0.8885724441578461
Nesterov,94,1512930,372.75680000311695,0.00024638073143048056,0.13327506345023843,372.75680000311695,2694191.327253885,0.8898068042772267,0.5048000020906329,2759872.2534007146,0.8885820308633251
Nesterov,95,1529025,378.18470000638627,0.0002473371593050383,0.13322035448186134,378.18470000638627,2693863.629175053,0.8898202072223603,0.6965000065974891,2759639.8527756836,0.8885914130387629
Nesterov,96,1545120,382.1561000077054,0.0002473310163661757,0.13316857183312583,382.1561000077054,2693537.980951123,0.8898335263278423,0.4591000033542514,2759408.8030193257,0.8886007406786893
Nesterov,97,1561215,385.07550000213087,0.00024665116592021655,0.13311976854977037,385.07550000213087,2693211.257412589,0.889846889413999,0.440200004959479,2759175.8643604745,0.8886101445749279
Nesterov,98,1577310,387.8716000035638,0.0002459070189142044,0.13307417047044456,387.8716000035638,2692880.8587706457,0.8898604028129362,0.4284000024199486,2758938.352254693,0.8886197331044111
Nesterov,99,1593405,390.6526000064332,0.00024516842862074185,0.13303158464748097,390.6526000064332,2692544.757382369,0.8898741494558291,1.102299997000955,2758694.183420639,0.8886295903706607
Nesterov,100,1609500,397.98150000569876,0.000247270270273811,0.13299182407648763,397.98150000569876,2692201.5135439583,0.8898881882269751,0.4752999957418069,2758441.8901491915,0.8886397756261184
Nesterov,101,1625595,401.01200000208337,0.0002466862902519283,0.1329548414072655,401.01200000208337,2691850.263643398,0.8899025544483523,0.4633000062312931,2758180.60634857,0.8886503238355139
Nesterov,102,1641690,403.9020000054734,0.0002460281782830336,0.13292052478592878,403.9020000054734,2691490.6851176494,0.8899172613128815,0.43509999522939324,2757910.0299060103,0.8886612471953502
Nesterov,103,1657785,406.76510000776034,0.00024536661871579264,0.13288881982017645,406.76510000776034,2691122.9432769767,0.8899323020593254,0.6923000037204474,2757630.366562262,0.8886725373997297
Nesterov,104,1673880,412.776400000439,0.0002465985614264099,0.13285940468657959,412.776400000439,2690747.6252434524,0.8899476526742235,0.5181000014999881,2757342.2606733255,0.8886841684355511
Nesterov,105,1689975,416.626999998698,0.00024652849894152165,0.13283215732613224,416.626999998698,2690365.6660793945,0.8899632749132595,0.46209999709390104,2757046.7180527034,0.8886960996974211
Nesterov,106,1706070,419.58870000962634,0.0002459387363998115,0.13280683596010334,419.58870000962634,2689978.2717381325,0.8899791194525974,0.48770000285003334,2756745.0256316797,0.8887082792310256
Nesterov,107,1722165,422.7813000034075,0.000245494072869561,0.13278320257690557,422.7813000034075,2689586.8428370496,0.8899951290065858,0.8481999975629151,2756438.6720284563,0.8887206469398088
Nesterov,108,1738260,428.8950000045588,0.00024673811743039525,0.1327611144209326,428.8950000045588,2689192.9025088004,0.8900112412786634,0.5918000097153708,2756129.272357953,0.8887331376204541
Nesterov,109,1754355,432.7252000075532,0.00024665771751301944,0.13274047224748864,432.7252000075532,2688798.0307989777,0.8900273916445137,0.5160000000614673,2755818.499811156,0.8887456837250736
Nesterov,110,1770450,435.8358000026783,0.00024617232907039356,0.1327211482190727,435.8358000026783,2688403.807303815,0.890043515498199,0.4420000041136518,2755508.0257434445,0.8887582177798841
Nesterov,111,1786545,438.61569999717176,0.00024551058047637855,0.13270292850530052,438.61569999717176,2688011.763023452,0.890059550221376,0.4410999972606078,2755199.469279275,0.8887706744197011
Nesterov,112,1802640,443.5135000094306,0.0002460355367735269,0.13268563048714804,443.5135000094306,2687623.341775937,0.8900754367614733,0.5065000004833564,2754894.356797571,0.8887829920235423
Nesterov,113,1818735,448.12100000854116,0.0002463915853648504,0.1326690675511157,448.12100000854116,2687239.870993567,0.8900911208261305,0.45539998973254114,2754594.091127318,0.8887951139582224
Nesterov,114,1834830,451.3411000079941,0.00024598524114386296,0.13265321001102806,451.3411000079941,2686862.541314907,0.8901065537178899,0.47059998905751854,2754299.9298648946,0.8888069894536977
Nesterov,115,1850925,454.3226000096183,0.0002454570552613522,0.132637942822613,454.3226000096183,2686492.394092508,0.8901216928451343,0.4453000001376495,2754012.971923326,0.8888185741460827
Nesterov,116,1867020,457.15970000310335,0.00024486063352460247,0.1326230892624889,457.15970000310335,2686130.315750758,0.8901365019528528,1.022900003590621,2753734.1512315543,0.8888298303320138
Nesterov,117,1883115,462.98769999702927,0.00024586267965420554,0.13260853243174978,462.98769999702927,2685777.0378381517,0.8901509511205027,0.5033000052208081,2753464.2364067114,0.8888407269818811
Nesterov,118,1899210,466.5000999957556,0.0002456284981627917,0.1325941461621469,466.5000999957556,2685433.141608179,0.89016501657465,0.4532000020844862,2753203.835208713,0.8888512395599927
Nesterov,119,1915305,469.28200000547804,0.0002450168511049039,0.1325799640549625,469.28200000547804,2685099.066016115,0.8901786803618986,0.4273000085959211,2752953.4026372014,0.8888613496976953
Nesterov,120,1931400,472.21160000481177,0.00024449187118401767,0.13256575029844284,472.21160000481177,2684775.1181181753,0.8901919299235613,0.46299998939502984,2752713.2516287467,0.8888710447615212
Nesterov,121,1947495,477.5029000011273,0.0002451882546559181,0.13255146625776448,477.5029000011273,2684461.4849887104,0.8902047576082438,0.7661999989068136,2752483.565441052,0.888880317353229
Nesterov,122,1963590,481.5623000031337,0.0002452458507138118,0.132537299197466,481.5623000031337,2684158.246416034,0.8902171601525811,0.4498999915085733,2752264.4109561616,0.8888891647727442
Nesterov,123,1979685,484.51439999917056,0.00024474317883863873,0.1325230532776727,484.51439999917056,2683865.387786059,0.8902291381542937,0.45510000200010836,2752055.752284178,0.8888975884689665
Nesterov,124,1995780,487.30239999713376,0.0002441663910837536,0.13250870831273753,487.30239999713376,2683582.812705543,0.8902406955558928,0.4262000002199784,2751857.4641930317,0.8889055934976022
Nesterov,125,2011875,490.024300001096,0.000243565977012039,0.13249419411702323,490.024300001096,2683310.355046542,0.8902518391520586,2.2027999948477373,2751669.3450213475,0.8889131879998619
Nesterov,126,2027970,497.20840000372846,0.0002451754217289844,0.13247956522185655,497.20840000372846,2683047.7902059774,0.8902625781291215,0.4963999963365495,2751491.128845725,0.8889203827112586
Nesterov,127,2044065,500.3585000085877,0.0002447860024062775,0.1324647383975877,500.3585000085877,2682794.845466709,0.8902729236412903,0.45479999971576035,2751322.496768344,0.8889271905059201
Nesterov,128,2060160,503.322600008687,0.0002443123835084105,0.1324497991776888,503.322600008687,2682551.209418593,0.8902828884253291,0.4616999940481037,2751163.0872650524,0.8889336259788286
Nesterov,129,2076255,506.21390000742394,0.00024381104440804427,0.1324348174633876,506.21390000742394,2682316.540450575,0.8902924864532276,1.3389000087045133,2751012.5055888966,0.8889397050661944
Nesterov,130,2092350,512.9031999967992,0.0002451326020965896,0.13241981903897018,512.9031999967992,2682090.474359861,0.8903017326209842,0.4991000023437664,2750870.332261207,0.8889454447026637
Nesterov,131,2108445,516.4515000069514,0.00024494425987253704,0.13240476116917801,516.4515000069514,2681872.6311442633,0.8903106424707972,0.4474000015761703,2750736.13070453,0.8889508625131735
Nesterov,132,2124540,519.2233999987366,0.0002443933274961811,0.13238966275588543,519.2233999987366,2681662.6210518447,0.8903192319436322,0.47929999709594995,2750609.4540817933,0.8889559765368479
Nesterov,133,2140635,522.0839999965392,0.0002438921161228043,0.1323745155560088,522.0839999965392,2681460.0499611474,0.8903275171591695,0.4692000075010583,2750489.851407179,0.8889608049802994
Nesterov,134,2156730,527.6150999998208,0.0002446366026344609,0.13235955391048604,527.6150999998208,2681264.5241583083,0.8903355142204186,0.6993000133661553,2750376.872989033,0.8889653659978938
Nesterov,135,2172825,531.6224999987753,0.00024466880673720863,0.13234465844354099,531.6224999987753,2681075.654566951,0.8903432390407148,0.4501999937929213,2750270.075256464,0.8889696774968976
Nesterov,136,2188920,534.5965000014985,0.0002442284322869262,0.1323298451859116,534.5965000014985,2680893.0604749965,0.8903507071912908,0.5190999945625663,2750169.025011092,0.8889737569658318
Nesterov,137,2205015,537.7506000077119,0.0002438761641112246,0.13231514140939604,537.7506000077119,2680716.372791096,0.8903579337680884,0.4383999912533909,2750073.3031354225,0.8889776213247622
Nesterov,138,2221110,540.6075000064448,0.0002433951942976461,0.13230049333384886,540.6075000064448,2680545.236853561,0.890364933276872,0.7613000052515417,2749982.507780822,0.8889812867965985
Nesterov,139,2237205,547.9178999958094,0.00024491179842518203,0.1322859241339903,547.9178999958094,2680379.3148071016,0.8903717195360198,0.4495000030146912,2749896.2570516467,0.8889847687987344
Nesterov,140,2253300,550.8546000055503,0.00024446571695093875,0.13227153566628622,550.8546000055503,2680218.2875577994,0.8903783055965641,0.4501999937929213,2749814.1911982372,0.8889880818545148
Nesterov,141,2269395,553.8555000093766,0.00024405425234891968,0.13225728571520176,553.8555000093766,2680061.8563145646,0.8903847036791458,0.49610000860411674,2749735.9743301757,0.8889912395240703
Nesterov,142,2285490,556.8037000048207,0.00024362552450670128,0.13224317094285856,556.8037000048207,2679909.7437255452,0.8903909251275353,2.779899994493462,2749661.2956621964,0.888994254354019
Nesterov,143,2301585,564.254400000209,0.0002451590534350063,0.1322292117934038,564.254400000209,2679761.6946202843,0.890396980378277,0.4893000004813075,2749589.87030802,0.8889971378454188
Nesterov,144,2317680,567.3372000019299,0.00024478668323579177,0.13221548352820428,567.3372000019299,2679617.4763722075,0.8904028789458642,0.4420999903231859,2749521.439641691,0.8889999004391801
Nesterov,145,2333775,570.1403999992181,0.0002442996432814723,0.13220201395332593,570.1403999992181,2679476.87890081,0.8904086294226501,0.5776000034529716,2749455.771251074,0.8890025515179428
Nesterov,146,2349870,573.9896000013687,0.0002442644061166655,0.13218874914056727,573.9896000013687,2679339.714338062,0.8904142394924904,1.3621999969473109,2749392.6585135753,0.8890050994232055
Nesterov,147,2365965,583.4145999979228,0.00024658631890071185,0.13217568496722004,583.4145999979228,2679205.8163886317,0.8904197159569119,0.4954999894835055,2749331.919829312,0.8890075514862821
Nesterov,148,2382060,586.7894999973942,0.00024633699402928314,0.13216286423504164,586.7894999973942,2679075.0394180766,0.8904250647724049,0.5617999995592982,2749273.397551499,0.8890099140714833
Nesterov,149,2398155,590.1019000011729,0.0002460649541006202,0.1321502661668714,590.1019000011729,2678947.257306809,0.8904302910972968,2.36610000138171,2749216.956657421,0.8890121926297705
Nesterov,150,2414250,596.5834000089671,0.00024710920576119586,0.13213795758409522,596.5834000089671,2678822.3621103032,0.8904353993465491,0.4690000059781596,2749162.4832057892,0.8890143917610329
Nesterov,151,2430345,600.097900009132,0.0002469188119419802,0.13212583588967666,600.097900009132,2678700.2625673832,0.8904403932527705,0.4518999921856448,2749109.882627437,0.8890165152830938
Nesterov,152,2446440,603.0132000014419,0.0002464859959784184,0.13211395247293067,603.0132000014419,2678580.882498622,0.8904452759317211,0.4723999882116914,2749059.0778961987,0.8890185663055533
Nesterov,153,2462535,605.8724000031361,0.00024603605634158953,0.13210237061988642,605.8724000031361,2678464.1591359023,0.8904500499506348,0.44689999776892364,2749010.0076254224,0.8890205473066334
Nesterov,154,2478630,611.6209000028903,0.0002467576443450173,0.13209098187372278,611.6209000028903,2678350.0414220714,0.8904547173977639,0.8666999929118901,2748962.6241331357,0.8890224602112886
Nesterov,155,2494725,616.4637000038056,0.0002471068755088459,0.13207981534122767,616.4637000038056,2678238.4883166826,0.8904592799516743,0.4528999998001382,2748916.891515438,0.8890243064689843
Nesterov,156,2510820,619.3167000019457,0.0002466591392461211,0.13206882270623435,619.3167000019457,2678129.4671400776,0.8904637389489735,0.42810000013560057,2748872.7837635865,0.8890260871297118
Nesterov,157,2526915,622.191100002965,0.00024622557545582853,0.1320580087762814,622.191100002965,2678022.9519838532,0.8904680954493224,0.44550000166054815,2748830.282955532,0.8890278029169967
Nesterov,158,2543010,627.413099995465,0.00024672065780137123,0.1320473666814879,627.413099995465,2677918.922211191,0.8904723502967729,0.857999999425374,2748789.377547706,0.8890294542968606
Nesterov,159,2559105,632.1857000002638,0.00024703390443153516,0.1320369304029621,632.1857000002638,2677817.361065884,0.8904765041766587,0.45939999108668417,2748750.060787735,0.889031041541902
Nesterov,160,2575200,635.1256000052672,0.0002466315625991252,0.13202665864627103,635.1256000052672,2677718.2544042254,0.8904805576674613,0.4371999966679141,2748712.329263725,0.8890325647898613
Nesterov,161,2591295,637.9519000038272,0.000246190379715095,0.13201652540883088,637.9519000038272,2677621.589559526,0.890484511287252,0.44410000555217266,2748676.181600927,0.8890340240962379
Nesterov,162,2607390,640.7527999981539,0.0002457449019894047,0.13200654580450635,640.7527999981539,2677527.3543448774,0.890488365534479,1.5500000008614734,2748641.6173121035,0.889035419480702
Nesterov,163,2623485,649.3196000083117,0.00024750269203304445,0.1319967008418888,649.3196000083117,2677435.536196047,0.8904921209230227,0.8489000028930604,2748608.635803849,0.8890367509672098
Nesterov,164,2639580,654.2132000031415,0.00024784746058204016,0.13198703432947503,654.2132000031415,2677346.121453122,0.8904957780115775,0.563900000997819,2748577.2355375392,0.8890380186178767
Nesterov,165,2655675,657.7399000088917,0.0002476733410559996,0.13197753349305377,657.7399000088917,2677259.094776731,0.8904993374275283,1.0237999958917499,2748547.413340542,0.889039222560784
Nesterov,166,2671770,665.3048000007402,0.0002490127518464315,0.13196816754293264,665.3048000007402,2677174.438692388,0.8905027998855864,0.4656999954022467,2748519.163860773,0.8890403630119992
Nesterov,167,2687865,668.2861000008415,0.0002486308278134659,0.13195887822817087,668.2861000008415,2677092.133254674,0.8905061662015252,0.4495000030146912,2748492.4791557216,0.8890414402921668
Nesterov,168,2703960,671.0936000017682,0.0002481891743967249,0.13194968153288314,671.0936000017682,2677012.1558216703,0.8905094373014056,0.4445999948075041,2748467.348405517,0.8890424548380927
Nesterov,169,2720055,674.8518000094919,0.0002481022626415612,0.13194060956548298,674.8518000094919,2676934.480929097,0.890512614226724,0.6891999946674332,2748443.7577386,0.8890434072097814
Nesterov,170,2736150,681.115300001693,0.00024893200299753044,0.1319317094089622,681.115300001693,2676859.0802530916,0.8905156981359343,0.46550000843126327,2748421.6901578847,0.8890442980934171
Nesterov,171,2752245,684.1463000018848,0.0002485775430609865,0.13192291187361457,684.1463000018848,2676785.922650324,0.890518690302808,0.4653999931178987,2748401.1255550357,0.8890451283007873
Nesterov,172,2768340,686.9825000030687,0.00024815683767278175,0.13191423167427155,686.9825000030687,2676714.974264228,0.8905215921120878,0.42779999785125256,2748382.040800483,0.8890458987656489
Nesterov,173,2784435,689.7070999984862,0.00024770091598420727,0.13190566196194037,689.7070999984862,2676646.198686384,0.8905244050528889,0.6140000041341409,2748364.4098970885,0.8890466105375244
Nesterov,174,2800530,696.1963000067044,0.00024859448033290283,0.1318971958923686,696.1963000067044,2676579.557162593,0.8905271307102689,0.5080999981146306,2748348.20418582,0.8890472647733992
Nesterov,175,2816625,699.7791000030702,0.0002484459592608424,0.13188882193883814,699.7791000030702,2676515.0088337436,0.8905297707553773,0.4985999985365197,2748333.3925924413,0.8890478627277617
Nesterov,176,2832720,702.7199000003748,0.00024807248863296575,0.1318805392811685,702.7199000003748,2676452.511002316,0.8905323269345548,0.4690999921876937,2748319.941904962,0.8890484057414033
Nesterov,177,2848815,705.6141000066418,0.00024768688033678627,0.1318723324596142,705.6141000066418,2676392.0194161157,0.8905348010577286,0.45780000800732523,2748307.817072411,0.8890488952293559
Nesterov,178,2864910,711.1424000031548,0.000248225040229241,0.13186424189742005,711.1424000031548,2676333.48856164,0.8905371949864144,0.9850000060396269,2748296.98151639,0.8890493326683152
Nesterov,179,2881005,715.9192999970401,0.00024849637539575253,0.13185623021556642,715.9192999970401,2676276.871960342,0.8905395106215976,0.4501999937929213,2748287.3974477467,0.8890497195838556
Nesterov,180,2897100,718.7603000056697,0.00024809647578808797,0.13184833049200878,718.7603000056697,2676222.1224618307,0.8905417498917431,0.4837000014958903,2748279.0261816303,0.8890500575377115
Nesterov,181,2913195,721.6625000000931,0.0002477220028182436,0.13184055898074062,721.6625000000931,2676169.19252892,0.8905439147411351,0.44049999269191176,2748271.828445097,0.8890503481153591
Nesterov,182,2929290,727.107500002603,0.0002482197051171455,0.13183289608755303,727.107500002603,2676118.0345101785,0.890546007118731,0.8654999983264133,2748265.7646722724,0.8890505929141003
Nesterov,183,2945385,732.0254000078421,0.00024853301011848775,0.1318253145873252,732.0254000078421,2676068.6008964195,0.8905480289676698,0.4735999973490834,2748260.79528298,0.8890507935318144
Nesterov,184,2961480,735.1124999986496,0.0002482247052145041,0.13181781380346652,735.1124999986496,2676020.8445582557,0.8905499822155573,0.4555000050459057,2748256.8809414743,0.889050951556513
Nesterov,185,2977575,737.9369999980554,0.000247831540766582,0.1318104007275789,737.9369999980554,2675974.7189625446,0.8905518687656121,0.43849999201484025,2748253.9827927225,0.8890510685568008
Nesterov,186,2993670,740.827800007537,0.0002474647506263339,0.1318030697283325,740.827800007537,2675930.178366135,0.8905536904887421,1.2724000116577372,2748252.0626743585,0.8890511460733194
Nesterov,187,3009765,746.8315000005532,0.00024813615016473154,0.13179582927843073,746.8315000005532,2675887.1779859196,0.8905554492165895,0.4681999998865649,2748251.0833030646,0.8890511856112221
Nesterov,188,3025860,749.8455000022659,0.0002478123574792839,0.13178866153552915,749.8455000022659,2675845.6741447146,0.8905571467355633,0.5068000027677044,2748251.0084347706,0.8890511886337074
Nesterov,189,3041955,752.7722000086214,0.00024746329252359797,0.131781546198881,752.7722000086214,2675805.6243929327,0.8905587847818639,0.46039999870117754,2748251.8029985153,0.8890511565566144
Nesterov,190,3058050,755.7183000026271,0.0002471242458437982,0.13177450153691972,755.7183000026271,2675766.9876064635,0.8905603650374792,0.4621999978553504,2748253.4332043757,0.8890510907440661
Nesterov,191,3074145,760.3377000050386,0.0002473330633412017,0.13176754028285026,760.3377000050386,2675729.7240615,0.8905618891271242,0.49059999582823366,2748255.8666262003,0.8890509925051285
Nesterov,192,3090240,764.1843000019435,0.0002472896279906879,0.13176068018856688,764.1843000019435,2675693.795487385,0.8905633586160797,0.4667000030167401,2748259.0722602913,0.8890508630914429
Nesterov,193,3106335,767.1228999970481,0.00024695433686226635,0.13175387596031354,767.1228999970481,2675659.1650987933,0.8905647750088761,0.4360000020824373,2748263.0205614483,0.8890507036957694
Nesterov,194,3122430,769.8273999994854,0.00024654752868742783,0.13174712806134456,769.8273999994854,2675625.7976087844,0.8905661397487593,0.46470000233966857,2748267.6834580316,0.8890505154513799
Nesterov,195,3138525,772.7324000006774,0.0002462087764158888,0.1317404343718253,772.7324000006774,2675593.6592244115,0.8905674542178705,1.5589000104228035,2748273.0343478885,0.8890502994322217
Nesterov,196,3154620,777.9668000002857,0.00024661188986321197,0.13173381214812832,777.9668000002857,2675562.71762669,0.8905687197380655,0.4651000053854659,2748279.048077135,0.8890500566537747
Nesterov,197,3170715,781.0901000048034,0.0002463450988199202,0.13172729038284203,781.0901000048034,2675532.9419368124,0.8905699375722962,0.44669999624602497,2748285.7009038227,0.889049788074518
Nesterov,198,3186810,784.027600006084,0.0002460226998177124,0.13172085918471205,784.027600006084,2675504.302670509,0.8905711089264778,0.5079999973531812,2748292.970448642,0.8890494945979198
Nesterov,199,3202905,787.0697000034852,0.0002457361988580633,0.1317145239709421,787.0697000034852,2675476.771682474,0.8905722349517613,0.45110000064596534,2748300.8356347205,0.8890491770748682
Nesterov,200,3219000,789.9797999998555,0.00024541155638392527,0.13170827487298517,789.9797999998555,2675450.3221027153,0.890573316747137,0.8711999980732799,2748309.2766186143,0.889048836306457
Nesterov,201,3235095,795.980499999132,0.00024604547934423316,0.13170211668421128,795.980499999132,2675424.9282666463,0.8905743553622939,0.49079999735113233,2748318.274714477,0.8890484730470468
Nesterov,202,3251190,799.3403000000399,0.00024586083864678465,0.13169605518005145,799.3403000000399,2675400.5656406404,0.8905753518006644,0.5076000088592991,2748327.812313307,0.8890480880075252
Nesterov,203,3267285,802.6467000017874,0.00024566167322464594,0.13169009076773616,802.6467000017874,2675377.210744647,0.8905763070225892,0.5233999982010573,2748337.8727990617,0.8890476818586935
Nesterov,204,3283380,805.8351000072435,0.00024542852183032223,0.13168419958934974,805.8351000072435,2675354.841073365,0.8905772219485415,0.4408999957377091,2748348.44046328,0.8890472552347133
Nesterov,205,3299475,809.6641000011005,0.0002453917971801879,0.13167836699398142,809.6641000011005,2675333.435017319,0.8905780974623551,0.5579999997280538,2748359.5004196903,0.8890468087365536
Nesterov,206,3315570,813.479999997071,0.0002453514780255193,0.13167259859472505,813.479999997071,2675312.9717850355,0.8905789344144072,0.4512999876169488,2748371.0385201615,0.8890463429353845
Nesterov,207,3331665,816.4391000027535,0.00024505437971787485,0.13166689845083737,816.4391000027535,2675293.431327371,0.8905797336247134,0.451300002168864,2748383.0412731245,0.88904585837587
Nesterov,208,3347760,819.2354000057094,0.0002447115085925244,0.13166126374975878,819.2354000057094,2675274.794264896,0.8905804958858983,0.43820000428240746,2748395.4957654816,0.8890453555793209
Nesterov,209,3363855,822.1810999966692,0.000244416331856358,0.1316557229308473,822.1810999966692,2675257.041819061,0.8905812219660094,0.46460000157821923,2748408.389588813,0.8890448350466738
Nesterov,210,3379950,826.1550000024727,0.0002444281720151105,0.1316502758204228,826.1550000024727,2675240.155747773,0.8905819126111538,0.5330999993020669,2748421.710770546,0.8890442972612695
Nesterov,211,3396045,829.8629000055371,0.0002443615735379057,0.1316448824282437,829.8629000055371,2675224.118285804,0.8905825685479345,0.5032999906688929,2748435.4477105807,0.8890437426914126
Nesterov,212,3412140,832.8302000008989,0.0002440785548075105,0.13163955700699978,832.8302000008989,2675208.912090385,0.8905831904856756,0.49079999735113233,2748449.589123735,0.8890431717926934
Nesterov,213,3428235,835.7764999964274,0.00024379206792895687,0.13163430948592725,835.7764999964274,2675194.5201921626,0.8905837791184283,0.4309000069042668,2748464.1239882167,0.8890425850100696
Nesterov,214,3444330,838.4941999975126,0.0002434418885523491,0.1316291163830721,838.4941999975126,2675180.9259516224,0.890584335126754,0.42860000394284725,2748479.041500211,0.8890419827796987
Nesterov,215,3460425,842.2384000004968,0.0002433916065224638,0.13162396747592275,842.2384000004968,2675168.1130209425,0.8905848591792828,0.7493000011891127,2748494.331034565,0.8890413655305254
Nesterov,216,3476520,846.123199997237,0.0002433822328067254,0.13161885648973326,846.123199997237,2675156.065311196,0.8905853519340566,0.46859998838044703,2748509.9821114405,0.8890407336856282
Nesterov,217,3492615,849.1484999976819,0.00024312685480583514,0.13161379523516262,849.1484999976819,2675144.766964701,0.8905858140396592,0.534699996933341,2748525.9843687317,0.8890400876633325
Nesterov,218,3508710,852.4733000085689,0.00024295917873194675,0.13160878374562646,852.4733000085689,2675134.202332286,0.890586246136146,0.5040000105509534,2748542.32753995,0.8890394278781036
Nesterov,219,3524805,855.5052000010619,0.00024270993714576038,0.1316038123436083,855.5052000010619,2675124.355955154,0.8905866488557864,0.4538999928627163,2748559.001437253,0.8890387547412318
Nesterov,220,3540900,859.2085999989649,0.00024265260244541356,0.13159888181291568,859.2085999989649,2675115.2125510196,0.8905870228236301,0.6257999921217561,2748575.9959392194,0.8890380686613261
Nesterov,221,3556995,862.9824000090593,0.00024261557860189833,0.13159398815123133,862.9824000090593,2675106.7570041325,0.8905873686579158,0.46270000166259706,2748593.300982941,0.8890373700446329
Nesterov,222,3573090,865.9266000031494,0.000242346708312175,0.13158914949395725,865.9266000031494,2675098.974358808,0.8905876869703352,0.4317999992053956,2748610.90656,0.8890366592951991
Nesterov,223,3589185,868.6538000038126,0.0002420197900091003,0.13158435668661794,868.6538000038126,2675091.8498160425,0.8905879783661717,0.49279999802820385,2748628.8027158645,0.8890359368148961
Nesterov,224,3605280,871.571199997561,0.0002417485465754563,0.13157961404419802,871.571199997561,2675085.368732818,0.8905882434443289,0.43999998888466507,2748646.9795522364,0.8890352030033252
Nesterov,225,3621375,875.9469000069657,0.00024188240654639902,0.13157493256723338,875.9469000069657,2675079.51662369,0.8905884827972657,0.5781999934697524,2748665.4272319023,0.8890344582576214
Nesterov,226,3637470,879.7448999976041,0.00024185626273140508,0.13157029267985207,879.7448999976041,2675074.279164254,0.8905886970108543,0.5023999983677641,2748684.13598564,0.8890337029721752
Nesterov,227,3653565,882.6845000003232,0.0002415954006567074,0.13156568685797576,882.6845000003232,2675069.642196131,0.8905888866641766,0.4673999937949702,2748703.096120751,0.8890329375382875
Nesterov,228,3669660,885.5604999989737,0.0002413194955388166,0.13156111697082104,885.5604999989737,2675065.5917330934,0.890589052329273,0.4268999909982085,2748722.2980308165,0.889032162343776
Nesterov,229,3685755,888.2775999954902,0.00024100288814516704,0.1315565856979224,888.2775999954902,2675062.1139680245,0.8905891945708588,0.4366999928606674,2748741.7322063046,0.8890313777725474
Nesterov,230,3701850,891.8005000014091,0.00024090670880813893,0.13155209404901808,891.8005000014091,2675059.1952803773,0.8905893139460183,0.7828000088920817,2748761.389245678,0.8890305842041482
Nesterov,231,3717945,896.3507000007667,0.00024108767074304936,0.13154763493019497,896.3507000007667,2675056.8222438823,0.8905894110038896,0.458399998024106,2748781.259866698,0.8890297820133087
Nesterov,232,3734040,899.2101000039838,0.00024081426551509459,0.13154320289026197,899.2101000039838,2675054.9816342364,0.8905894862853504,0.4467999970074743,2748801.334917635,0.8890289715694909
Nesterov,233,3750135,902.2142000030726,0.00024058179238962667,0.13153879907520427,902.2142000030726,2675053.660436578,0.8905895403227124,0.4374999989522621,2748821.605388155,0.8890281532364481
Nesterov,234,3766230,905.0690000003669,0.0002403116644496929,0.1315344245924326,905.0690000003669,2675052.8458525417,0.8905895736394325,0.42729999404400587,2748842.0624196697,0.8890273273718079
Nesterov,235,3782325,908.3659000025364,0.00024016072125016658,0.13153009269403182,908.3659000025364,2675052.5253067655,0.8905895867498463,0.671599991619587,2748862.697314977,0.889026494326682
Nesterov,236,3798420,912.6338000060059,0.00024026668983577538,0.13152581075219397,912.6338000060059,2675052.6864526994,0.8905895801589316,0.5030999891459942,2748883.5015470516,0.8890256544453128
Nesterov,237,3814515,915.840700006811,0.0002400936160971476,0.13152158576998346,915.840700006811,2675053.3171776375,0.8905895543621013,0.4549999866867438,2748904.466766878,0.8890248080647556
Nesterov,238,3830610,918.6317999992752,0.00023981345007695256,0.1315173988375625,918.6317999992752,2675054.405606896,0.8905895098450334,0.4417000018293038,2748925.5848102514,0.8890239555146052
Nesterov,239,3846705,921.5677000029245,0.00023957327115100443,0.1315132546858506,921.5677000029245,2675055.940107097,0.8905894470835363,0.4523999959928915,2748946.8477034955,0.8890230971167644
Nesterov,240,3862800,925.7303000049433,0.00023965266128325133,0.1315091611140251,925.7303000049433,2675057.909288527,0.8905893665434527,0.5466000002343208,2748968.247668067,0.8890222331852584
Nesterov,241,3878895,929.9119000061182,0.00023973629087823163,0.13150511375821364,929.9119000061182,2675060.302006574,0.8905892686806004,0.4997999931219965,2748989.7771240487,0.8890213640260939
Nesterov,242,3894990,932.9139000037685,0.0002395163787336472,0.13150109621506742,932.9139000037685,2675063.1073622555,0.8905891539407508,0.4994000046281144,2749011.428692554,0.8890204899371614
Nesterov,243,3911085,935.8801000053063,0.00023928912309635468,0.1314971132569867,935.8801000053063,2675066.3147018664,0.8905890227596435,0.4512000014074147,2749033.19519707,0.8890196112081821
Nesterov,244,3927180,938.7409000046318,0.00023903689161297213,0.13149315841610545,938.7409000046318,2675069.9136157944,0.8905888755630347,0.5902999982936308,2749055.069663792,0.8890187281206932
Nesterov,245,3943275,942.9684000060661,0.00023913330924322195,0.13148923677127658,942.9684000060661,2675073.893936545,0.8905887127667778,0.5358999915188178,2749077.045321016,0.889017840948073
Nesterov,246,3959370,947.3689000005834,0.00023927263680852847,0.13148534862592368,947.3689000005834,2675078.2457360555,0.8905885347769333,0.43729999742936343,2749099.115597655,0.889016949955601
Nesterov,247,3975465,950.1197000063257,0.0002389958658940088,0.13148148979888946,950.1197000063257,2675082.95932235,0.890588341989906,0.46490000386256725,2749121.2741209627,0.8890160554005494
Nesterov,248,3991560,952.9905000090366,0.0002387513904360793,0.13147766110447473,952.9905000090366,2675088.0252356194,0.8905881347926046,0.5250999965937808,2749143.514713545,0.889015157532304
Nesterov,249,4007655,956.2089999963064,0.00023859563759762414,0.13147386783735118,956.2089999963064,2675093.434243796,0.8905879135626233,1.345900003798306,2749165.8313897513,0.8890142565925094
Nesterov,250,4023750,962.6278000068851,0.00023923648338164278,0.1314701017921974,962.6278000068851,2675099.1773376977,0.8905876786684405,0.5303000070853159,2749188.2183515327,0.8890133528152372
Nesterov,251,4039845,965.86730000854,0.00023908523718324342,0.13146637374724304,965.86730000854,2675105.2457258315,0.8905874304696305,0.43840000580530614,2749210.6699838457,0.8890124464271705
Nesterov,252,4055940,968.6205000034533,0.00023881529312648939,0.1314626982846346,968.6205000034533,2675111.630828903,0.8905871693170889,0.44859999616164714,2749233.180849704,0.8890115376478043
Nesterov,253,4072035,971.4000000094529,0.0002385539417046889,0.1314590519201263,971.4000000094529,2675118.3242741376,0.8905868955532648,0.4434000002220273,2749255.745684945,0.8890106266896564
Nesterov,254,4088130,975.4879999964032,0.0002386147211552478,0.13145544018540634,975.4879999964032,2675125.317889447,0.8905866095123988,0.5856000061612576,2749278.3593927994,0.8890097137584869
Nesterov,255,4104225,979.8817999981111,0.00023874953249349416,0.1314518511494676,979.8817999981111,2675132.6036975333,0.8905863115207645,0.5046000005677342,2749301.01703833,0.8890087990535228
Nesterov,256,4120320,983.0524999997579,0.00023858644474209718,0.13144828652824336,983.0524999997579,2675140.1739099636,0.8905860018969114,0.48680001054890454,2749323.7138428143,0.8890078827676844
Nesterov,257,4136415,985.9616000030655,0.00023836138298576558,0.13144475134546754,985.9616000030655,2675148.020921287,0.8905856809519043,0.4346999921835959,2749346.44517812,0.8890069650878127
Nesterov,258,4152510,988.66149999958,0.00023808768672431373,0.1314412511057053,988.66149999958,2675156.1373032276,0.8905853489895619,0.48180000158026814,2749369.2065611426,0.8890060461948937
Nesterov,259,4168605,993.5908000043128,0.00023835091115716474,0.13143777796145809,993.5908000043128,2675164.5157989957,0.890585006306689,0.5839000077685341,2749391.9936483377,0.8890051262642792
Nesterov,260,4184700,998.1371000030776,0.0002385205869006327,0.13143433061281018,998.1371000030776,2675173.1493177605,0.8905846531933027,0.4757999995490536,2749414.8022304038,0.8890042054659019
Nesterov,261,4200795,1001.1352000001352,0.00023832041315992216,0.13143090527229845,1001.1352000001352,2675182.030929301,0.8905842899328509,0.43929999810643494,2749437.6282271314,0.8890032839644825
Nesterov,262,4216890,1004.0290000033565,0.00023809703359664505,0.13142750020848645,1004.0290000033565,2675191.1538588637,0.890583916802423,0.48319999768864363,2749460.467682462,0.8890023619197298
Nesterov,263,4232985,1006.9084999995539,0.0002378719745048834,0.1314241297679738,1006.9084999995539,2675200.511482246,0.8905835340729507,0.7398000016110018,2749483.316759772,0.8890014394865312
Nesterov,264,4249080,1013.4978999994928,0.00023852172705609044,0.13142078742028757,1013.4978999994928,2675210.097321113,0.8905831420093998,0.48570000217296183,2749506.171737392,0.8890005168151329
Nesterov,265,4265175,1017.0499000087148,0.0002384544362209557,0.1314174701162429,1017.0499000087148,2675219.9050385575,0.8905827408709517,0.4393999988678843,2749529.02900438,0.8889995940513112
Nesterov,266,4281270,1019.9649999995017,0.00023823888705909736,0.13141417726375507,1019.9649999995017,2675229.9284349075,0.8905823309111747,0.4706999898189679,2749551.885056548,0.8889986713365328
Nesterov,267,4297365,1022.9145000048447,0.00023803295740642107,0.1314109124039322,1022.9145000048447,2675240.161443779,0.8905819123781856,0.651599999400787,2749574.7364927432,0.8889977488081042
Nesterov,268,4313460,1029.0984000021126,0.00023857840341677276,0.1314076720993631,1029.0984000021126,2675250.598128372,0.8905814855148012,0.5445999995572492,2749597.580011387,0.8889968265993129
Nesterov,269,4329555,1032.9322000034153,0.00023857699001477413,0.13140445422416064,1032.9322000034153,2675261.2326779943,0.8905810505586806,0.4952999879606068,2749620.4124072446,0.8889959048395562
Nesterov,270,4345650,1035.963600006653,0.0002383909426683357,0.13140126613732814,1035.963600006653,2675272.059404819,0.8905806077424574,0.44499999785330147,2749643.2305684523,0.8889949836544622
Nesterov,271,4361745,1038.7642999994569,0.0002381533766874168,0.13139809806789488,1038.7642999994569,2675283.0727408496,0.8905801572938643,0.46719999227207154,2749666.031473744,0.8889940631660015
Nesterov,272,4377840,1044.252100007725,0.00023853135336323963,0.13139494962070453,1044.252100007725,2675294.267235088,0.8905796994358488,0.7979999936651438,2749688.8121899096,0.88899314349259
Nesterov,273,4393935,1048.3168000064325,0.0002385826827220777,0.13139182759219456,1048.3168000064325,2675305.6375508835,0.8905792343866813,0.5315000016707927,2749711.5698694284,0.8889922247491839
Nesterov,274,4410030,1051.25780000526,0.0002383788318912252,0.13138872840552168,1051.25780000526,2675317.17846346,0.8905787623600566,0.4385999927762896,2749734.301748296,0.8889913070473683
Nesterov,275,4426125,1054.1222000028938,0.00023815915727705246,0.13138565088640788,1054.1222000028938,2675328.8848575912,0.8905782835651891,0.4470999992918223,2749757.005144004,0.8889903904954376
Nesterov,276,4442220,1057.0320999977412,0.00023795131713371718,0.1313826014666108,1057.0320999977412,2675340.7517254157,0.8905777982069015,2.470699997502379,2749779.677453664,0.8889894751984724
Nesterov,277,4458315,1063.655000005383,0.00023857780349871712,0.13137957996721625,1063.655000005383,2675352.774164385,0.8905773064857098,0.5196000129217282,2749802.3161522653,0.888988561258409
Nesterov,278,4474410,1066.7831000027945,0.0002384187188931713,0.13137657811746495,1066.7831000027945,2675364.947375302,0.8905768085979022,0.45510000200010836,2749824.9187910343,0.8889876487741063
Nesterov,279,4490505,1069.55860000744,0.00023818225344531183,0.131373598064513,1069.55860000744,2675377.2666604696,0.890576304735616,0.4665000014938414,2749847.4829958933,0.8889867378414072
Nesterov,280,4506600,1072.5942999997642,0.00023800521457412776,0.13137063546106406,1072.5942999997642,2675389.7274219114,0.8905757950869096,0.47900000936351717,2749870.0064660036,0.8889858285531985
Nesterov,281,4522695,1079.7100000054343,0.0002387315527590152,0.13136768870973042,1079.7100000054343,2675402.3251596624,0.8905752798358332,0.4912000003969297,2749892.4869723655,0.8889849209994664
Nesterov,282,4538790,1083.2664000045042,0.00023866854381993972,0.1313647636285119,1083.2664000045042,2675415.0554701067,0.8905747591624956,0.4571000026771799,2749914.9223564747,0.8889840152673509
Nesterov,283,4554885,1086.205900006462,0.00023847054316551613,0.13136185924748842,1086.205900006462,2675427.914044374,0.890574233243131,0.4343000036897138,2749937.3105290253,0.8889831114411991
Nesterov,284,4570980,1088.9770000067074,0.00023823709576648933,0.13135897071513514,1088.9770000067074,2675440.896666759,0.890573702250163,0.454399996669963,2749959.6494686333,0.8889822096026156
Nesterov,285,4587075,1094.5142999989912,0.00023860832883678405,0.1313560986892941,1094.5142999989912,2675453.999213168,0.890573166352268,0.7507999980589375,2749981.937220591,0.8889813098305133
Nesterov,286,4603170,1098.6493000091286,0.00023867232798465592,0.1313532419279477,1098.6493000091286,2675467.2176495916,0.8905726257144383,0.45819999650120735,2750004.1718956293,0.8889804122011631
Nesterov,287,4619265,1101.6020000097342,0.00023847993133317404,0.1313504010958229,1101.6020000097342,2675480.5480305827,0.8905720804980437,0.4565000126603991,2750026.3516686885,0.8889795167882443
Nesterov,288,4635360,1104.54000000027,0.0002382856994926543,0.1313475787946389,1104.54000000027,2675493.9864977486,0.8905715308608937,0.44210000487510115,2750048.474777695,0.8889786236628927
Nesterov,289,4651455,1107.4234999978216,0.00023808109505473485,0.13134477448342968,1107.4234999978216,2675507.529278241,0.8905709769572989,1.3868999958503991,2750070.5395223256,0.8889777328937518
Nesterov,290,4667550,1115.6121000094572,0.00023901449368715004,0.13134198714700177,1115.6121000094572,2675521.172683253,0.8905704189381324,0.6263999966904521,2750092.5442627817,0.8889768445470212
Nesterov,291,4683645,1119.3522999965353,0.0002389917041100543,0.13133921548157795,1119.3522999965353,2675534.913106512,0.8905698569508919,0.48049999168142676,2750114.4874185417,0.8889759586865079
Nesterov,292,4699740,1122.5256000034278,0.00023884844693609173,0.13133646287822828,1122.5256000034278,2675548.74702277,0.8905692911397609,0.5810000002384186,2750136.367467113,0.8889750753736758
Nesterov,293,4715835,1129.8558999988018,0.0002395876658107847,0.13133373585207644,1129.8558999988018,2675562.670986297,0.8905687216456709,0.516200001584366,2750158.182942774,0.8889741946676971
Nesterov,294,4731930,1133.772700006375,0.00023960048014369932,0.13133102798328153,1133.772700006375,2675576.6816293662,0.8905681486063629,0.45169999066274613,2750179.932435309,0.8889733166255033
Nesterov,295,4748025,1136.6752000030829,0.00023939958193208393,0.13132834178726627,1136.6752000030829,2675590.7756607383,0.8905675721564494,0.43929999810643494,2750201.614588732,0.8889724413018365
Nesterov,296,4764120,1139.4509999954607,0.0002391734465117295,0.13132568235614225,1139.4509999954607,2675604.949864152,0.8905669924274765,0.5581000004895031,2750223.228100007,0.888971568749301
Nesterov,297,4780215,1147.0541000016965,0.00023995868386708476,0.13132303969677628,1147.0541000016965,2675619.201096811,0.8905664095479854,0.6412000075215474,2750244.771717771,0.8889706990184154
Nesterov,298,4796310,1151.8565000005765,0.0002401547231101777,0.13132041077953177,1151.8565000005765,2675633.526287875,0.8905658236435744,0.5644000048050657,2750266.2442410477,0.8889698321576639
Nesterov,299,4812405,1155.6285999977263,0.00024013535851569564,0.1313177971613417,1155.6285999977263,2675647.9224369596,0.89056523483696,0.45009999303147197,2750287.644517964,0.8889689682135483
Nesterov,300,4828500,1160.9262999991188,0.0002404320803560358,0.13131520017555878,1160.9262999991188,2675662.386612644,0.8905646432480384,0.6136000010883436,2750308.9714444787,0.8889681072306397
Nesterov,301,4844595,1165.1718000066467,0.00024050964012608828,0.13131261976140773,1165.1718000066467,2675676.9159509856,0.8905640489939454,0.4528999998001382,2750330.223963104,0.8889672492516295
Nesterov,302,4860690,1169.1197000036482,0.00024052546037777521,0.13131005525574976,1169.1197000036482,2675691.5076540546,0.8905634521891171,0.9200000058626756,2750351.4010616583,0.8889663943173802
Nesterov,303,4876785,1175.0137000053655,0.00024094023009121082,0.13130750400189398,1175.0137000053655,2675706.158988478,0.8905628529453495,0.8562000002712011,2750372.501772005,0.8889655424669761
Nesterov,304,4892880,1182.7530000009574,0.00024172941089929803,0.1313049664656848,1182.7530000009574,2675720.8672840074,0.8905622513718563,0.6271000020205975,2750393.525168835,0.8889646937377728
Nesterov,305,4908975,1186.4111000031698,0.0002416820415673679,0.13130244512895592,1186.4111000031698,2675735.6299321,0.8905616475753277,0.43480000749696046,2750414.470368443,0.8889638481654457
Nesterov,306,4925070,1189.1682999994373,0.00024145206057973537,0.13129994037332687,1189.1682999994373,2675750.4443845316,0.890561041659987,0.44240000715944916,2750435.3365275417,0.8889630057840393
Nesterov,307,4941165,1195.1723000092898,0.00024188066984391125,0.13129745064022494,1195.1723000092898,2675765.3081520246,0.890560433727646,0.6567000091308728,2750456.1228420893,0.8889621666260131
Nesterov,308,4957260,1199.0876000054413,0.00024188515430004505,0.13129497711872526,1199.0876000054413,2675780.2188029047,0.8905598238777611,0.4856000014115125,2750476.828546144,0.8889613307222888
Nesterov,309,4973355,1202.1726999955717,0.00024172268016169602,0.13129251690587737,1202.1726999955717,2675795.173961789,0.8905592122074861,0.4533000028459355,2750497.4529107455,0.8889604981022949
Nesterov,310,4989450,1205.0558000046294,0.00024152076882314271,0.13129006947978383,1205.0558000046294,2675810.171308297,0.8905585988117253,0.44550000166054815,2750517.9952428234,0.8889596687940113
Nesterov,311,5005545,1209.2618000024231,0.00024158444285336025,0.1312876348533014,1209.2618000024231,2675825.2085757945,0.8905579837831845,0.6531999970320612,2750538.454884132,0.8889588428240117
Nesterov,312,5021640,1215.083400005824,0.00024196943628094087,0.1312852127223859,1215.083400005824,2675840.2835501614,0.8905573672124221,0.48740000056568533,2750558.8312102198,0.8889580202175058
Nesterov,313,5037735,1218.0151000065962,0.0002417783190276178,0.1312828065766318,1218.0151000065962,2675855.394068601,0.8905567491878968,0.4253999941283837,2750579.123629424,0.8889572009983794
Nesterov,314,5053830,1220.8143000025302,0.00024156220134087023,0.1312804156214436,1220.8143000025302,2675870.538018471,0.8905561297960165,0.44440000783652067,2750599.3315818966,0.8889563851892338
Nesterov,315,5069925,1223.7174000038067,0.00024136794923076903,0.13127804108512653,1223.7174000038067,2675885.7133361483,0.890555509121184,2.0483999978750944,2750619.454538665,0.8889555728114241
Nesterov,316,5086020,1230.9920999978203,0.00024203445916410482,0.13127567862140044,1230.9920999978203,2675900.9180059256,0.8905548872458421,0.5077999958302826,2750639.4920007144,0.888954763885096
Nesterov,317,5102115,1234.1980000055628,0.00024189929078540228,0.13127332816179557,1234.1980000055628,2675916.1500589345,0.8905542642505182,0.44380000326782465,2750659.443498112,0.8889539584292208
Nesterov,318,5118210,1237.0494000060717,0.00024169571002480782,0.13127098963824768,1237.0494000060717,2675931.407572105,0.8905536402138665,0.44949998846277595,2750679.3085891483,0.8889531564616306
Nesterov,319,5134305,1239.7889999992913,0.00024147163053213458,0.1312686634773635,1239.7889999992913,2675946.6886671507,0.8905530152127092,0.884400011273101,2750699.086859518,0.8889523579990515
Nesterov,320,5150400,1246.5358000044944,0.00024202698819596427,0.13126635295534145,1246.5358000044944,2675961.9915095824,0.8905523893220778,0.4817000008188188,2750718.777921524,0.8889515630571349
Nesterov,321,5166495,1249.6769999997923,0.0002418810044333329,0.13126405664514587,1249.6769999997923,2675977.314307749,0.890551762615251,0.4609000025084242,2750738.3814133066,0.8889507716504892
Nesterov,322,5182590,1252.5334000092698,0.00024168097418651095,0.13126177380066809,1252.5334000092698,2675992.6553119095,0.8905511351637939,0.44519999937620014,2750757.896998105,0.88894998379271
Nesterov,323,5198685,1255.3481000068132,0.0002414741612555508,0.13125951145273085,1255.3481000068132,2676008.012813327,0.8905505070375943,0.43840000580530614,2750777.324363541,0.8889491994964078
Nesterov,324,5214780,1261.0895999969216,0.00024182987585227403,0.13125726941256743,1261.0895999969216,2676023.38514339,0.8905498783048987,0.8689999958733097,2750796.6632209234,0.8889484187732377
Nesterov,325,5230875,1265.7847000082256,0.00024198335842631026,0.13125504270822877,1265.7847000082256,2676038.7706727553,0.890549249032348,0.45029999455437064,2750815.913304584,0.8889476416339246
Nesterov,326,5246970,1268.6643000051845,0.00024178989016616914,0.13125282761244278,1268.6643000051845,2676054.1678105183,0.8905486192850105,0.43479999294504523,2750835.074371226,0.8889468680882907
Nesterov,327,5263065,1271.4542000030633,0.00024158056189749953,0.13125062672875748,1271.4542000030633,2676069.5750034014,0.8905479891264158,0.443900004029274,2750854.1461993037,0.8889460981452799
Nesterov,328,5279160,1275.356300000567,0.00024158318747690295,0.13124843994084384,1275.356300000567,2676084.9907349637,0.8905473586185865,1.0994999902322888,2750873.128588409,0.8889453318129829
Nesterov,329,5295255,1281.8678000039654,0.00024207857789737517,0.1312462641868254,1281.8678000039654,2676100.413524834,0.8905467278220704,0.46019999717827886,2750892.0213586884,0.8889445690986604
Nesterov,330,5311350,1284.8725000076229,0.0002419107194983616,0.1312440992362106,1284.8725000076229,2676115.8419279563,0.8905460967959709,0.4354999982751906,2750910.82435027,0.8889438100087665
Nesterov,331,5327445,1287.6825999992434,0.0002417073475182275,0.13124194755099133,1287.6825999992434,2676131.274533863,0.8905454655979761,0.4324999899836257,2750929.537422712,0.8889430545489713
Nesterov,332,5343540,1290.4679000057513,0.00024150055955522956,0.131239808935516,1290.4679000057513,2676146.7099659536,0.8905448342843896,2.321100007975474,2750948.16045446,0.8889423027241815
Nesterov,333,5359635,1296.869700003299,0.00024196977965911838,0.1312376820853938,1296.869700003299,2676162.1468807985,0.8905442029101581,0.48940000124275684,2750966.6933423276,0.8889415545385632
Nesterov,334,5375730,1299.9529000080656,0.0002418188599516839,0.13123556699034272,1299.9529000080656,2676177.5839674566,0.8905435715288993,0.48580000293441117,2750985.136000984,0.8889408099955611
Nesterov,335,5391825,1302.8472000005422,0.00024163380673529691,0.13123346575144546,1302.8472000005422,2676193.019946803,0.89054294019293,0.47870000707916915,2751003.488362455,0.8889400690979193
Nesterov,336,5407920,1305.749899998773,0.00024145140830462967,0.13123137510742233,1305.749899998773,2676208.4535708767,0.8905423089532919,0.43169999844394624,2751021.75037564,0.888939331847701
Nesterov,337,5424015,1312.009900007979,0.00024188906188644002,0.13122929746537407,1312.009900007979,2676223.883622237,0.8905416778597789,0.5443999980343506,2751039.922005839,0.8889385982463069
Nesterov,338,5440110,1316.3779000024078,0.00024197633871418184,0.13122723078152593,1316.3779000024078,2676239.308913336,0.8905410469609618,0.4704000020865351,2751058.0032342845,0.8889378682944946
Nesterov,339,5456205,1319.2332000035094,0.00024178585665375648,0.13122517421641325,1319.2332000035094,2676254.728285902,0.8905404163042145,0.4411999980220571,2751075.9940576963,0.8889371419923968
Nesterov,340,5472300,1322.1281000005547,0.0002416037315206686,0.13122312776701267,1322.1281000005547,2676270.1406103363,0.8905397859357378,0.4301000008126721,2751093.8944878313,0.8889364193395385
Nesterov,341,5488395,1327.4291999987327,0.00024186109053716664,0.13122109354182296,1327.4291999987327,2676285.544785114,0.8905391559005844,0.6762999983038753,2751111.704551057,0.8889357003348555
Nesterov,342,5504490,1331.6366000071866,0.00024191825219179009,0.13121907402129182,1331.6366000071866,2676300.93973621,0.8905385262426821,0.4659999976865947,2751129.4242879227,0.8889349849767106
Nesterov,343,5520585,1334.6939000039129,0.00024176675116928964,0.1312170683180537,1334.6939000039129,2676316.324416523,0.890537897004858,0.46460000157821923,2751147.053752745,0.8889342732629112
Nesterov,344,5536680,1337.5407999992603,0.00024157812985385832,0.1312150787375836,1337.5407999992603,2676331.6978053153,0.8905372682288601,0.42979999852832407,2751164.593013204,0.8889335651907249
Nesterov,345,5552775,1340.281299999333,0.00024137144040580304,0.13121310170945927,1340.281299999333,2676347.058907663,0.8905366399553813,1.680699991993606,2751182.042149939,0.8889328607568961
Nesterov,346,5568870,1348.0819999967935,0.00024207460400346812,0.1312111348247252,1348.0819999967935,2676362.4067539135,0.8905360122240809,0.5416999920271337,2751199.401256162,0.8889321599576621
Nesterov,347,5584965,1351.232400003937,0.00024194106856604061,0.13120918037203724,1351.232400003937,2676377.7403991586,0.8905353850736055,0.4532000020844862,2751216.6704372764,0.8889314627887673
Nesterov,348,5601060,1354.2234000051394,0.0002417798416737438,0.13120723610322074,1354.2234000051394,2676393.0589227076,0.8905347585416118,0.43960000039078295,2751233.849810496,0.88893076924548
Nesterov,349,5617155,1357.050699996762,0.00024159039584927992,0.13120530139967135,1357.050699996762,2676408.361427582,0.8905341326647864,1.5870000061113387,2751250.939504485,0.8889300793226058
Nesterov,350,5633250,1363.9542000018992,0.00024212562907769035,0.1312033767890126,1363.9542000018992,2676423.647040008,0.8905335074788672,0.4621999978553504,2751267.939658992,0.888929393014503
Nesterov,351,5649345,1367.0551999966847,0.00024198472566229972,0.13120146283945347,1367.0551999966847,2676438.91490893,0.8905328830186622,0.45530000352300704,2751284.850424505,0.8889287103150963
Nesterov,352,5665440,1369.8529999965103,0.0002417911053680756,0.13119955911478484,1369.8529999965103,2676454.1642055186,0.890532259318071,0.46329999167937785,2751301.6719618975,0.8889280312178911
Nesterov,353,5681535,1372.8856000088854,0.00024163990893462514,0.13119766588714105,1372.8856000088854,2676469.3941227044,0.8905316364101029,0.7456000021193177,2751318.4044421017,0.8889273557159867
Nesterov,354,5697630,1379.6933999983594,0.00024215215800224994,0.13119578206306187,1379.6933999983594,2676484.603874709,0.8905310143268965,0.4915000026812777,2751335.048045769,0.8889266838020902
Nesterov,355,5713725,1383.2114999968326,0.0002420857671653488,0.13119390888189295,1383.2114999968326,2676499.7926965873,0.8905303930997382,0.45930000487715006,2751351.6029629544,0.8889260154685288
Nesterov,356,5729820,1386.1627000005683,0.0002419208107760049,0.13119204576295654,1386.1627000005683,2676514.9598437836,0.8905297727590806,0.4334999975981191,2751368.069392797,0.8889253507072633
Nesterov,357,5745915,1388.8970999978483,0.00024171904735761812,0.1311901915423233,1388.8970999978483,2676530.104591691,0.8905291533345604,0.44889999844599515,2751384.4475432155,0.8889246895098997
Nesterov,358,5762010,1394.6617000037804,0.00024204430398485605,0.13118834677759802,1394.6617000037804,2676545.2262352207,0.8905285348550158,0.9259000071324408,2751400.7376306015,0.8889240318677022
Nesterov,359,5778105,1398.76959999674,0.00024208102829504483,0.13118651380567053,1398.76959999674,2676560.324088383,0.8905279173485041,0.4695999959949404,2751416.939879531,0.8889233777716044
Nesterov,360,5794200,1401.732300000731,0.0002419199026614081,0.1311846895588498,1401.732300000731,2676575.3974838722,0.8905273008423181,0.45960000716149807,2751433.0545224757,0.8889227272122214
Nesterov,361,5810295,1404.6625000046333,0.00024175407617076816,0.13118287675821066,1404.6625000046333,2676590.445772665,0.8905266853630033,0.45419999514706433,2751449.081799522,0.8889220801798607
Nesterov,362,5826390,1407.5780999992276,0.000241586660007179,0.13118107359650763,1407.5780999992276,2676605.4683236233,0.8905260709363731,0.8966000023065135,2751465.021958097,0.8889214366645336
Nesterov,363,5842485,1415.5576000048313,0.00024228690360434494,0.13117927898823878,1415.5576000048313,2676620.4645231054,0.890525457587526,0.8079999970505014,2751480.8752527074,0.8889207966559652
Nesterov,364,5858580,1419.9770999985049,0.00024237564392711285,0.13117749441399762,1419.9770999985049,2676635.433774589,0.8905248453408596,0.47169999743346125,2751496.6419446724,0.8889201601436062
Nesterov,365,5874675,1423.0414000048768,0.00024223321290196934,0.13117571859094682,1423.0414000048768,2676650.375498298,0.8905242342200872,0.8029000018723309,2751512.3223018767,0.8889195271166417
Nesterov,366,5890770,1430.2225999999791,0.00024279043316917468,0.13117395117575228,1430.2225999999791,2676665.28913084,0.8905236242482515,0.5075999943073839,2751527.916598521,0.888918897564002
Nesterov,367,5906865,1434.5689000037964,0.0002428646837203485,0.13117219212523099,1434.5689000037964,2676680.1741248476,0.89052301544774,0.6222999945748597,2751543.4251148803,0.8889182714743723
Nesterov,368,5922960,1438.8653000060003,0.0002429301058940125,0.13117044229455618,1438.8653000060003,2676695.0299486346,0.8905224078402989,0.4554000042844564,2751558.848137076,0.8889176488362017
Nesterov,369,5939055,1444.4846999977017,0.00024321793618643062,0.13116870180139956,1444.4846999977017,2676709.856085852,0.8905218014470471,0.8295000006910414,2751574.1859568404,0.8889170296377127
Nesterov,370,5955150,1449.053999996977,0.00024332787587163664,0.1311669695280652,1449.053999996977,2676724.6520351535,0.8905211962884895,0.4532000020844862,2751589.4388712994,0.8889164138669102
Nesterov,371,5971245,1451.9785000011325,0.00024316176944692982,0.13116524543244365,1451.9785000011325,2676739.4173098756,0.8905205923845311,0.43960000039078295,2751604.6071827575,0.8889158015115898
Nesterov,372,5987340,1454.9669999978505,0.00024300724528719772,0.13116352947265175,1454.9669999978505,2676754.151437709,0.8905199897544892,0.44380000326782465,2751619.691198483,0.888915192559347
Nesterov,373,6003435,1458.6899999994785,0.00024297589629928174,0.13116182160703196,1458.6899999994785,2676768.853960393,0.8905193884171071,1.064700001734309,2751634.6912305085,0.8889145869975847
Nesterov,374,6019530,1465.0913000077708,0.00024338965002380098,0.13116012225927723,1465.0913000077708,2676783.5244334065,0.8905187883905656,0.4661999992094934,2751649.6075954265,0.8889139848135221
Nesterov,375,6035625,1468.017899998813,0.00024322549860185364,0.13115843220273835,1468.017899998813,2676798.1624256703,0.8905181896924961,0.4369999951450154,2751664.4406142016,0.8889133859942013
Nesterov,376,6051720,1470.8181000023615,0.00024304133370386626,0.13115675078471487,1470.8181000023615,2676812.7675192542,0.8905175923399921,0.44419999176170677,2751679.190611975,0.8889127905264964
Nesterov,377,6067815,1473.6858999967808,0.000242869286554844,0.131155077399289,1473.6858999967808,2676827.3393090884,0.8905169963496209,1.6529999993508682,2751693.8579178886,0.8889121983971195
Nesterov,378,6083910,1480.078799999319,0.00024327756327745134,0.13115341193989644,1480.078799999319,2676841.8774026865,0.8905164017374353,0.4684000014094636,2751708.442864899,0.8889116095926292
Nesterov,379,6100005,1483.2572000013897,0.00024315671872422886,0.13115175637970677,1483.2572000013897,2676856.3814198687,0.8905158085189849,0.4523999959928915,2751722.9457896077,0.8889110240994362
Nesterov,380,6116100,1486.1328999977559,0.0002429870178704985,0.13115010973883584,1486.1328999977559,2676870.8509924943,0.8905152167093269,0.4225000011501834,2751737.367032092,0.8889104419038117
Nesterov,381,6132195,1488.848599998164,0.00024279211603645416,0.13114847091896778,1488.848599998164,2676885.2857641964,0.8905146263230364,0.4275000101188198,2751751.706935738,0.888909862991893
Nesterov,382,6148290,1494.3111000029603,0.0002430449929985346,0.13114683982345082,1494.3111000029603,2676899.6853901264,0.8905140373742181,0.8660999883431941,2751765.9658470824,0.8889092873496899
Nesterov,383,6164385,1499.0675000008196,0.00024318200436877638,0.1311452167484099,1499.0675000008196,2676914.0495367046,0.8905134498765155,0.45429999590851367,2751780.144115654,0.8889087149630919
Nesterov,384,6180480,1502.0041999960085,0.0002430238751676259,0.1311436017561787,1502.0041999960085,2676928.3778813663,0.8905128638431214,0.4454000008990988,2751794.2420938252,0.8889081458178734
Nesterov,385,6196575,1504.9204000097234,0.00024286325914069036,0.13114199433709925,1504.9204000097234,2676942.6701123277,0.8905122792867881,0.4420000041136518,2751808.260136661,0.8889075798997002
Nesterov,386,6212670,1508.2483000005595,0.00024276974312180746,0.13114039445261572,1508.2483000005595,2676956.9259283463,0.8905116962198363,1.0809000086737797,2751822.1986017777,0.8889070171941349
Nesterov,387,6228765,1515.160900002229,0.00024325221773533422,0.13113880230583452,1515.160900002229,2676971.145038487,0.8905111146541653,0.4558000073302537,2751836.0578492004,0.8889064576866433
Nesterov,388,6244860,1518.147199996747,0.00024310348030167963,0.13113721843130813,1518.147199996747,2676985.327161898,0.8905105346012623,0.45190000673756003,2751849.8382412274,0.8889059013625991
Nesterov,389,6260955,1520.9769000066444,0.00024293049542867574,0.1311356419594027,1520.9769000066444,2676999.4720275896,0.8905099560722106,0.48800000513438135,2751863.5401422987,0.8889053482072895
Nesterov,390,6277050,1524.7434000048088,0.00024290763973599204,0.13113407601651123,1524.7434000048088,2677013.579374213,0.8905093790776996,0.715899994247593,2751877.1639188654,0.8889047982059208
Nesterov,391,6293145,1531.0934000008274,0.00024329542700840794,0.1311325178564267,1531.0934000008274,2677027.6489498504,0.8905088036280326,0.4672999930335209,2751890.7099392647,0.8889042513436227
Nesterov,392,6309240,1534.1498000052525,0.0002431592077659516,0.13113096694625434,1534.1498000052525,2677041.6805118043,0.8905082297331361,0.46039999870117754,2751904.178573597,0.8889037076054542
Nesterov,393,6325335,1537.164199995459,0.00024301704178442075,0.13112942345150091,1537.164199995459,2677055.6738263955,0.8905076574025679,0.44689999776892364,2751917.5701936074,0.8889031669764077
Nesterov,394,6341430,1539.9327000050107,0.00024283682071788394,0.1311278872530652,1539.9327000050107,2677069.62866876,0.8905070866455246,1.1685000063152984,2751930.885172569,0.8889026294414137
Nesterov,395,6357525,1546.2495999963721,0.00024321565388989774,0.13112635819559731,1546.2495999963721,2677083.5448226524,0.8905065174708509,0.4996999923605472,2751944.123885171,0.888902094985346
Nesterov,396,6373620,1549.7924000083003,0.00024315732660690477,0.1311248362431945,1549.7924000083003,2677097.4220802593,0.8905059498870463,0.47640000411774963,2751957.286707408,0.8889015635930252
Nesterov,397,6389715,1552.7564000076381,0.00024300871009233404,0.13112332136014648,1552.7564000076381,2677111.2602420053,0.8905053839022737,0.47759999870322645,2751970.3740164735,0.8889010352492239
Nesterov,398,6405810,1555.7458999974187,0.00024286482115414267,0.13112181351093527,1555.7458999974187,2677125.059116371,0.8905048195243662,0.48719999904278666,2751983.3861906584,0.8889005099386701
Nesterov,399,6421905,1561.351199998171,0.00024312897808332124,0.1311203133391366,1561.351199998171,2677138.8185197106,0.890504256760835,0.6785999867133796,2751996.3236092455,0.888899987646052
Nesterov,400,6438000,1565.2707999979611,0.0002431299782537995,0.13111882126378402,1565.2707999979611,2677152.5382760805,0.8905036956188761,0.4675000091083348,2752009.186652415,0.8888994683560214
Nesterov,401,6454095,1568.1487999972887,0.0002429695875250192,0.13111733610775872,1568.1487999972887,2677166.218217059,0.8905031361053781,0.4310999938752502,2752021.975701147,0.8888989520531979
Nesterov,402,6470190,1570.9241000004113,0.00024279412196556997,0.13111585831788597,1570.9241000004113,2677179.858181582,0.8905025782269287,0.45059999683871865,2752034.691137131,0.8888984387221724
Nesterov,403,6486285,1573.8400999980513,0.000242641219125902,0.13111438766355754,1573.8400999980513,2677193.4580157734,0.8905020219898212,1.2793000059900805,2752047.333342672,0.8888979283475111
Nesterov,404,6502380,1580.8595999988029,0.00024312014985263902,0.13111292382198422,1580.8595999988029,2677207.0175727853,0.8905014674000619,0.5082999996375293,2752059.9027006063,0.8888974209137585
Nesterov,405,6518475,1584.0863000048557,0.00024301486160564485,0.13111146675903682,1584.0863000048557,2677220.5367126376,0.8905009144633759,0.44350000098347664,2752072.399594216,0.8888969164054411
Nesterov,406,6534570,1586.9066000013845,0.0002428478997089915,0.13111001644077017,1586.9066000013845,2677234.0153020606,0.8905003631852141,0.46070000098552555,2752084.8244071435,0.8888964148070713
Nesterov,407,6550665,1589.6943999978248,0.00024267679693555156,0.1311085752602296,1589.6943999978248,2677247.4532143446,0.8904998135707589,3.7203999963821843,2752097.1775233136,0.8888959161031496
Nesterov,408,6566760,1598.1609000009485,0.00024337129726089403,0.13110714158416212,1598.1609000009485,2677260.8503291877,0.8904992656249309,0.5000999954063445,2752109.459326856,0.8888954202781685
Nesterov,409,6582855,1602.0963000046322,0.00024337408313028803,0.13110571519201497,1602.0963000046322,2677274.206532553,0.8904987193523938,0.490099992020987,2752121.670202028,0.8888949273166151
Nesterov,410,6598950,1605.4884000041056,0.00024329452412946085,0.1311042958988497,1605.4884000041056,2677287.5217165207,0.8904981747575619,0.4977000062353909,2752133.8105331426,0.8888944372029746
Nesterov,411,6615045,1612.2796999989077,0.0002437292112145734,0.13110288315319527,1612.2796999989077,2677300.7957791495,0.8904976318446045,0.8205000049201772,2752145.8807044933,0.8888939499217328
Nesterov,412,6631140,1616.9798000046285,0.00024384642761344632,0.1311014769224405,1616.9798000046285,2677314.028624343,0.890497090617452,0.4408999957377091,2752157.8811002923,0.8888934654573786
Nesterov,413,6647235,1619.8377999971854,0.00024368595363292937,0.13110007717414948,1619.8377999971854,2677327.2201617067,0.8904965510798015,0.5046000005677342,2752169.812104596,0.8888929837944075
Nesterov,414,6663330,1622.8437999961898,0.0002435484660066648,0.13109868387606083,1622.8437999961898,2677340.370306425,0.8904960132351221,0.6744999991497025,2752181.6741012447,0.8888925049173237
Nesterov,415,6679425,1628.9701000059722,0.00024387879196277707,0.13109729699608683,1628.9701000059722,2677353.4789791266,0.89049547708666,0.5305000086082146,2752193.467473799,0.8888920288106424
Nesterov,416,6695520,1632.668799997191,0.00024384495901695326,0.13109591862516692,1632.668799997191,2677366.5461057588,0.890494942637444,0.5109000048832968,2752205.192605476,0.888891555458893
Nesterov,417,6711615,1635.6465999997454,0.00024370387753167388,0.131094547779115,1635.6465999997454,2677379.5716174664,0.8904944098902904,0.45340000360738486,2752216.849879095,0.8888910848466207
Nesterov,418,6727710,1638.5155000025406,0.00024354728429176357,0.1310931836684099,1638.5155000025406,2677392.555450468,0.8904938788478077,0.4420000041136518,2752228.439677015,0.8888906169583896
Nesterov,419,6743805,1643.8716999982717,0.0002437602659030431,0.13109182582783904,1643.8716999982717,2677405.4975459385,0.890493349512402,0.9257000056095421,2752239.9623810835,0.8888901517787839
Nesterov,420,6759900,1648.810800004867,0.00024391053122159602,0.13109047427235612,1648.810800004867,2677418.3978498946,0.8904928218862812,0.4983000108040869,2752251.4183725826,0.8888896892924114
Nesterov,421,6775995,1651.7428000079235,0.00024376387526967236,0.13108912967913938,1651.7428000079235,2677431.2563130767,0.8904922959714601,0.44129999878350645,2752262.808032172,0.8888892294839044
Nesterov,422,6792090,1654.6636999992188,0.00024361628011395885,0.13108779125552983,1654.6636999992188,2677444.0728908437,0.8904917717697642,0.4304000030970201,2752274.1317398464,0.8888887723379221
Nesterov,423,6808185,1658.139699997264,0.0002435509170208013,0.13108645897102292,1658.139699997264,2677456.84754306,0.8904912492828355,1.0067999974125996,2752285.389874881,0.888888317839153
Nesterov,424,6824280,1665.144300000975,0.0002440029277815352,0.13108513349470804,1665.144300000975,2677469.5802339893,0.8904907285121355,0.45730000420007855,2752296.58281579,0.8888878659723164
Nesterov,425,6840375,1668.0661999998847,0.00024385595818940989,0.1310838159090837,1668.0661999998847,2677482.2709321924,0.8904902094589499,0.4307999915909022,2752307.710940274,0.8888874167221641
Nesterov,426,6856470,1670.8341000048677,0.0002436872180589819,0.13108250455532058,1670.8341000048677,2677494.919610424,0.8904896921243932,0.4417000018293038,2752318.7746251835,0.8888869700734823
Nesterov,427,6872565,1673.7232000014046,0.00024353690361624876,0.13108119936140866,1673.7232000014046,2677507.526245531,0.8904891765094123,1.4290999970398843,2752329.7742464724,0.8888865260110936
Nesterov,428,6888660,1680.7331000018166,0.00024398549209887215,0.131079900518871,1680.7331000018166,2677520.090818359,0.8904886626147906,0.5052999913459644,2752340.710179159,0.8888860845198583
Nesterov,429,6904755,1684.2135000042617,0.00024392081978350595,0.13107860761005227,1684.2135000042617,2677532.6133136516,0.8904881504411521,0.480500006233342,2752351.5827972856,0.8888856455846759
Nesterov,430,6920850,1687.176300009014,0.0002437816597685276,0.13107732060581512,1687.176300009014,2677545.0937199607,0.8904876399889652,0.448200007667765,2752362.3924738797,0.8888852091904871
Nesterov,431,6936945,1690.0464000063948,0.0002436297822753957,0.13107603947717755,1690.0464000063948,2677557.532029552,0.8904871312585461,3.1519000040134415,2752373.13958092,0.8888847753222748
Nesterov,432,6953040,1697.1152000041911,0.00024408247327847835,0.13107476456749598,1697.1152000041911,2677569.928238317,0.8904866242500626,0.48800000513438135,2752383.8244892997,0.888884343965066
Nesterov,433,6969135,1700.1333000080194,0.00024395183907443597,0.13107349550750827,1700.1333000080194,2677582.2823456833,0.8904861189635386,0.4628000024240464,2752394.447568791,0.8888839151039325
Nesterov,434,6985230,1703.0367999977898,0.00024380540082399432,0.13107223223678555,1703.0367999977898,2677594.5943545327,0.8904856153988558,0.46490000386256725,2752405.0091880145,0.8888834887239929
Nesterov,435,7001325,1705.8610999956727,0.0002436483237095368,0.131070975256639,1705.8610999956727,2677606.86427111,0.8904851135557591,0.4317999992053956,2752415.5097144055,0.8888830648104137
Nesterov,436,7017420,1710.79140000802,0.00024379207743130952,0.1310697248159018,1710.79140000802,2677619.0921049477,0.8904846134338584,0.6653000018559396,2752425.949514186,0.8888826433484099
Nesterov,437,7033515,1715.2029999997467,0.00024386142632805172,0.13106848099874824,1715.2029999997467,2677631.2778687803,0.890484115032633,0.4698999982792884,2752436.3289523334,0.8888822243232476
Nesterov,438,7049610,1718.1349000020418,0.00024372056042845517,0.1310672428380785,1718.1349000020418,2677643.4215784683,0.8904836183514342,0.42869999015238136,2752446.6483925525,0.8888818077202434
Nesterov,439,7065705,1720.896900005755,0.0002435562905620536,0.13106601030630766,1720.896900005755,2677655.5232529202,0.8904831233894884,0.4413999995449558,2752456.9081972516,0.8888813935247668
Nesterov,440,7081800,1723.7768000049982,0.00024340941568598353,0.13106478346081418,1723.7768000049982,2677667.582914015,0.890482630145901,1.167800000985153,2752467.108727511,0.8888809817222407
Nesterov,441,7097895,1730.964700007462,0.00024387014741799674,0.1310635624012474,1730.964700007462,2677679.60058653,0.8904821386196586,0.4757999995490536,2752477.250343063,0.8888805722981425
Nesterov,442,7113990,1734.1393000097014,0.00024376465246784174,0.13106234688931168,1734.1393000097014,2677691.576298069,0.890481648809632,0.6623999943258241,2752487.333402264,0.8888801652380051
Nesterov,443,7130085,1737.195800000336,0.00024364307017382485,0.13106113796272884,1737.195800000336,2677703.510078989,0.8904811607145798,0.44010000419802964,2752497.3582620774,0.8888797605274175
Nesterov,444,7146180,1740.0122999970336,0.00024348845117209945,0.13105993452485576,1740.0122999970336,2677715.4019623324,0.8904806743331504,1.7716000002110377,2752507.3252780433,0.8888793581520265
Nesterov,445,7162275,1747.2225000092294,0.00024394797742466318,0.13105873654697123,1747.2225000092294,2677727.251983759,0.8904801896638854,0.4881000058958307,2752517.234804265,0.8888789580975365
Nesterov,446,7178370,1750.3412000078242,0.0002438354668271243,0.13105754400253594,1750.3412000078242,2677739.060181478,0.890479706705222,0.4681999998865649,2752527.0871933857,0.8888785603497111
Nesterov,447,7194465,1753.2928000000538,0.00024370023344335594,0.13105635778029187,1753.2928000000538,2677750.826596185,0.8904792254554957,0.44639999396167696,2752536.8827965683,0.8888781648943738
Nesterov,448,7210560,1756.2146999989636,0.00024356148482211696,0.1310551773066973,1756.2146999989636,2677762.5512709967,0.8904787459129431,0.4440000047907233,2752546.621963478,0.8888777717174081
Nesterov,449,7226655,1762.268899998162,0.0002438567912814659,0.13105400222993316,1762.268899998162,2677774.2342513883,0.8904782680757042,0.6897999992361292,2752556.305042268,0.888877380804759
Nesterov,450,7242750,1766.0931999998866,0.0002438429049739238,0.13105283253634128,1766.0931999998866,2677785.8755851346,0.890477791941825,0.45039999531582,2752565.932379555,0.8888769921424333
Nesterov,451,7258845,1768.9443999988725,0.00024369502310613776,0.13105166813546554,1768.9443999988725,2677797.475322247,0.89047731750926,0.4363000043667853,2752575.5043204105,0.8888766057165002
Nesterov,452,7274940,1771.8392999959178,0.00024355380250502655,0.13105050900168436,1771.8392999959178,2677809.033514919,0.8904768447758745,0.44069999421481043,2752585.021208345,0.8888762215130919
Nesterov,453,7291035,1776.897600007942,0.00024370992595810362,0.1310493555498034,1776.897600007942,2677820.5502174627,0.8904763737394471,1.043800002662465,2752594.483385287,0.8888758395184045
Nesterov,454,7307130,1781.9480000034673,0.0002438642805045849,0.1310482106377198,1781.9480000034673,2677832.0254862616,0.8904759043976718,0.4717999981949106,2752603.8911915803,0.8888754597186983
Nesterov,455,7323225,1784.9656000034884,0.00024374037394774684,0.13104707158749865,1784.9656000034884,2677843.4593797075,0.8904754367481601,0.4493000014917925,2752613.244965959,0.8888750821002981
Nesterov,456,7339320,1787.7369000052568,0.0002435834518736418,0.131045937670665,1787.7369000052568,2677854.851958152,0.8904749707884438,0.4318999999668449,2752622.545045545,0.8888747066495941
Nesterov,457,7355415,1790.498000002117,0.00024342582981410523,0.13104480886254696,1790.498000002117,2677866.2032838506,0.8904745065159768,1.2791000044671819,2752631.791765831,0.8888743333530424
Nesterov,458,7371510,1797.4111000075936,0.00024383214565368476,0.1310436851386019,1797.4111000075936,2677877.5134209148,0.8904740439281366,0.4807999939657748,2752640.985460672,0.8888739621971649
Nesterov,459,7387605,1801.273700009915,0.00024382376968041944,0.1310425664744155,1801.273700009915,2677888.7824352584,0.8904735830222275,0.49419999413657933,2752650.1264622738,0.8888735931685502
Nesterov,460,7403700,1804.8100000014529,0.00024377135756465724,0.13104145284570118,1804.8100000014529,2677900.010394551,0.8904731237954816,0.4994000046281144,2752659.215101184,0.888873226253854
Nesterov,461,7419795,1810.352900007274,0.00024398961157380683,0.13104034422829947,1810.352900007274,2677911.1973681673,0.8904726662450616,1.2096999998902902,2752668.251706282,0.888872861439799
Nesterov,462,7435890,1816.707400008454,0.00024431606707582467,0.13103924059817723,1816.707400008454,2677922.343427144,0.8904722103680621,0.4778000002261251,2752677.236604774,0.8888724987131759
Nesterov,463,7451985,1819.7232999955304,0.000244193097543209,0.13103814225582966,1819.7232999955304,2677933.4486441277,0.8904717561615118,0.49020000733435154,2752686.1701221797,0.888872138060843
Nesterov,464,7468080,1822.7813999983482,0.00024407630876990447,0.13103704886935824,1822.7813999983482,2677944.5130933356,0.8904713036223751,0.6822000141255558,2752695.0525823305,0.8888717794697272
Nesterov,465,7484175,1828.970800008392,0.00024437841178331503,0.13103596039647045,1828.970800008392,2677955.536850507,0.8904708527475544,0.6088999944040552,2752703.884307358,0.8888714229268236
Nesterov,466,7500270,1832.9528000031132,0.0002443849088103646,0.13103487716288503,1832.9528000031132,2677966.5199928638,0.8904704035338913,0.527299998793751,2752712.6656176904,0.8888710684191965
Nesterov,467,7516365,1836.1530999973183,0.0002442873782735828,0.13103379938405277,1836.1530999973183,2677977.4625990656,0.8904699559781685,0.45449999743141234,2752721.396832048,0.8888707159339789
Nesterov,468,7532460,1839.0758000023197,0.0002441534107054428,0.1310327270177713,1839.0758000023197,2677988.364749168,0.8904695100771116,0.47590000031050295,2752730.078267435,0.8888703654583732
Nesterov,469,7548555,1846.1001999967266,0.000244563389946384,0.13103165946410741,1846.1001999967266,2677999.2265245863,0.890469065827391,0.5474999925354496,2752738.7102391366,0.8888700169796508
Nesterov,470,7564650,1850.2425000042422,0.0002445906287804779,0.13103059693191899,1850.2425000042422,2678010.04800805,0.8904686232256228,0.4800000024260953,2752747.293060715,0.8888696704851533
Nesterov,471,7580745,1853.4500999958254,0.0002444944527214443,0.13102953925133604,1853.4500999958254,2678020.829283568,0.8904681822683711,0.4761000018334016,2752755.827044003,0.8888693259622915
Nesterov,472,7596840,1856.6670000000158,0.0002443999083829613,0.1310284863127015,1856.6670000000158,2678031.5704363906,0.890467742952149,1.7564000008860603,2752764.312499105,0.8888689833985466
Nesterov,473,7612935,1863.2149000040954,0.0002447433085930847,0.1310274380934058,1863.2149000040954,2678042.2715529706,0.8904673052734208,0.4952000017510727,2752772.7497343924,0.8888686427814693
Nesterov,474,7629030,1866.9201000011526,0.000244712643678312,0.13102639464097401,1866.9201000011526,2678052.9327209285,0.8904668692286026,0.47389999963343143,2752781.1390564977,0.8888683040986805
Nesterov,475,7645125,1870.023299998138,0.00024460336488914676,0.1310253564473385,1870.023299998138,2678063.5540290163,0.8904664348140645,0.5368999991333112,2752789.480770317,0.8888679673378714
Nesterov,476,7661220,1873.2235000061337,0.00024450720642484275,0.13102432313156873,1873.2235000061337,2678074.1355670826,0.8904660020261317,2.6008999993791804,2752797.775179006,0.8888676324868036
Nesterov,477,7677315,1880.4617999994662,0.00024493742929650094,0.13102329458210224,1880.4617999994662,2678084.6774260397,0.8904655708610858,0.5004999984521419,2752806.0225839815,0.8888672995333085
Nesterov,478,7693410,1883.8697000028333,0.0002448679714200638,0.13102227063419805,1883.8697000028333,2678095.1796978298,0.8904651413151663,0.4518999921856448,2752814.223284916,0.8888669684652879
Nesterov,479,7709505,1886.8482999969274,0.0002447431190455065,0.1310212512659938,1886.8482999969274,2678105.642475394,0.890464713384572,0.46540000766981393,2752822.377579741,0.8888666392707145
Nesterov,480,7725600,1889.9017000076128,0.000244628468987213,0.13102023680412053,1889.9017000076128,2678116.065852636,0.8904642870654621,3.6142999888397753,2752830.485764644,0.8888663119376309
Nesterov,481,7741695,1897.55470000091,0.00024510842909736307,0.13101922731509977,1897.55470000091,2678126.4499243964,0.8904638623539576,0.5068000027677044,2752838.5481340718,0.8888659864541499
Nesterov,482,7757790,1900.7631999993464,0.0002450134896664316,0.13101822247257286,1900.7631999993464,2678136.7947864193,0.8904634392461427,0.46779999684076756,2752846.564980728,0.888865662808455
Nesterov,483,7773885,1903.9541000092868,0.0002449166793706476,0.13101722296254373,1903.9541000092868,2678147.1005353234,0.8904630177380655,0.4622999986167997,2752854.536595575,0.8888653409887998
Nesterov,484,7789980,1906.9381000008434,0.00024479370935494613,0.13101622791723133,1906.9381000008434,2678157.367268573,0.8904625978257396,3.277600000728853,2752862.4632678363,0.8888650209835082
Nesterov,485,7806075,1914.6840000030352,0.00024528127131792036,0.13101523731547424,1914.6840000030352,2678167.5950844507,0.8904621795051455,0.5072999920230359,2752870.3452849956,0.8888647027809741
Nesterov,486,7822170,1917.9198000056203,0.00024519024771970185,0.13101425258148777,1917.9198000056203,2678177.784082025,0.890461762772231,0.46300000394694507,2752878.182932801,0.8888643863696619
Nesterov,487,7838265,1922.1142000023974,0.0002452218954070062,0.13101327247761427,1922.1142000023974,2678187.9343611295,0.890461347622913,0.5382999952416867,2752885.976495264,0.8888640717381057
Nesterov,488,7854360,1928.6346000008052,0.00024554955464236493,0.13101229674996626,1928.6346000008052,2678198.0460223327,0.8904609340530782,0.6339000101434067,2752893.7262546644,0.8888637588749098
Nesterov,489,7870455,1933.03410000226,0.0002456063975973765,0.1310113253778091,1933.03410000226,2678208.1191669116,0.8904605220585844,0.6007000047247857,2752901.4324915516,0.8888634477687479
Nesterov,490,7886550,1936.6664999979548,0.0002455657416738567,0.13101035834051583,1936.6664999979548,2678218.153896828,0.8904601116352613,0.45089999912306666,2752909.095484749,0.8888631384083642
Nesterov,491,7902645,1939.760799999931,0.0002454571602292563,0.13100939582592616,1939.760799999931,2678228.1503147036,0.8904597027789115,1.1762000067392364,2752916.715511354,0.8888628307825717
Nesterov,492,7918740,1946.4117000024999,0.00024579815728291367,0.1310084376721642,1946.4117000024999,2678238.1085237926,0.8904592954853121,0.5126999894855544,2752924.2928467435,0.8888625248802534
Nesterov,493,7934835,1950.1179000071716,0.00024576666055528204,0.13100748379023147,1950.1179000071716,2678248.0286279637,0.8904588897502148,0.5009000014979392,2752931.8277645777,0.8888622206903614
Nesterov,494,7950930,1953.2257999962894,0.000245660042283895,0.1310065351612591,1953.2257999962894,2678257.9107316704,0.8904584855693473,0.4529999860096723,2752939.320536801,0.8888619182019171
Nesterov,495,7967025,1956.3885000097798,0.0002455607331481676,0.1310055908615941,1956.3885000097798,2678267.7549399324,0.8904580829384142,0.9438999986741692,2752946.771433651,0.8888616174040109
Nesterov,496,7983120,1963.8020999991568,0.0002459943104950391,0.13100465076845091,1963.8020999991568,2678277.5613583135,0.8904576818530981,0.5234999989625067,2752954.180723657,0.888861318285802
Nesterov,497,7999215,1967.2128000092926,0.0002459257314635614,0.13100371532109378,1967.2128000092926,2678287.3300928986,0.8904572823090602,0.4541000089375302,2752961.548673648,0.8888610208365184
Nesterov,498,8015310,1970.2305999962846,0.0002458084091565123,0.13100278495611495,1970.2305999962846,2678297.06125027,0.8904568843019409,0.4898999904980883,2752968.875548756,0.8888607250454564
Nesterov,499,8031405,1973.4086000098614,0.0002457115037792094,0.13100185920454538,1973.4086000098614,2678306.7549374923,0.8904564878273615,1.6952000005403534,2752976.1616124217,0.8888604309019809
Nesterov,500,8047500,1981.0168999974849,0.00024616550481484743,0.13100093762368104,1981.0168999974849,2678316.411262088,0.8904560928809242,0.5051000043749809,2752983.4071263974,0.8888601383955246
Nesterov,501,8063595,1984.2215000098804,0.00024607157229621286,0.13100002023954022,1984.2215000098804,2678326.0303320186,0.8904556994582133,0.4655999946407974,2752990.6123507544,0.8888598475155884
Nesterov,502,8079690,1987.2349000070244,0.00024595434973458444,0.1309991069366039,1987.2349000070244,2678335.612255665,0.8904553075547961,0.45589999353978783,2752997.777543887,0.8888595582517407
Nesterov,503,8095785,1990.1515999954427,0.00024582564877840044,0.13099819769565385,1990.1515999954427,2678345.1571418107,0.8904549171662233,2.3684000043431297,2753004.902962517,0.8888592705936174
Nesterov,504,8111880,1997.661600005813,0.0002462637021264877,0.13099729249757072,1997.661600005813,2678354.665099618,0.8904545282880301,0.48319999768864363,2753011.988861702,0.8888589845309216
Nesterov,505,8127975,2000.9176000021398,0.0002461766430140521,0.13099639132333377,2000.9176000021398,2678364.1362386183,0.8904541409157366,0.730699990526773,2753019.0354948393,0.8888587000534236
Nesterov,506,8144070,2005.5560000037076,0.0002462596711476826,0.13099549415402018,2005.5560000037076,2678373.5706686843,0.8904537550448489,0.5363999953260645,2753026.0431136717,0.8888584171509604
Nesterov,507,8160165,2012.7850999997463,0.00024665985307892015,0.1309946009708044,2012.7850999997463,2678382.9685000223,0.8904533706708598,0.7918000046629459,2753033.011968293,0.8888581358134353
Nesterov,508,8176260,2018.859000003431,0.0002469171723995361,0.13099371238843782,2018.859000003431,2678392.3298431477,0.890452987789249,1.088700009859167,2753039.942307156,0.8888578560308183
Nesterov,509,8192355,2029.4651000003796,0.00024772670373786045,0.1309928289649195,2029.4651000003796,2678401.6548088742,0.8904526063954842,0.6534999993164092,2753046.834377078,0.8888575777931453
Nesterov,510,8208450,2035.0433999992674,0.0002479205452916528,0.13099194982540716,2035.0433999992674,2678410.943508295,0.8904522264850216,0.4718999989563599,2753053.6884232457,0.8888573010905176
Nesterov,511,8224545,2038.099900004454,0.0002478070093852552,0.1309910746928188,2038.099900004454,2678420.1960527645,0.8904518480533069,0.4343999898992479,2753060.504689224,0.8888570259131027
Nesterov,512,8240640,2041.4780999999493,0.0002477329552073564,0.13099020344293244,2041.4780999999493,2678429.4125538887,0.8904514710957754,0.8034000056795776,2753067.2834169613,0.8888567522511327
Nesterov,513,8256735,2047.7807999996003,0.00024801338543620454,0.1309893360575518,2047.7807999996003,2678438.5931235063,0.8904510956078527,0.47139999514911324,2753074.0248467964,0.888856480094905
Nesterov,514,8272830,2051.054800002021,0.0002479266224498776,0.13098847251857376,2051.054800002021,2678447.737873674,0.8904507215849559,0.46609999844804406,2753080.7292174655,0.8888562094347818
Nesterov,515,8288925,2054.2953999974998,0.0002478361669332875,0.13098761280798787,2054.2953999974998,2678456.8469166546,0.8904503490224931,0.45849999878555536,2753087.3967661085,0.8888559402611894
Nesterov,516,8305020,2057.457800008706,0.00024773664602959487,0.13098675690787612,2057.457800008706,2678465.9203648996,0.8904499779158652,0.6892999954288825,2753094.0277282773,0.8888556725646185
Nesterov,517,8321115,2064.200599998003,0.0002480677889919804,0.13098590480041192,2064.200599998003,2678474.9583310382,0.8904496082604656,0.4785000055562705,2753100.622337943,0.8888554063356235
Nesterov,518,8337210,2067.171500006225,0.000247945235877017,0.13098505646786,2067.171500006225,2678483.960927863,0.890449240051681,0.44430000707507133,2753107.1808275003,0.8888551415648226
Nesterov,519,8353305,2069.964700000128,0.00024780188200959114,0.1309842118925757,2069.964700000128,2678492.9282683167,0.8904488732848922,0.4565999988699332,2753113.703427778,0.8888548782428969
Nesterov,520,8369400,2072.826500007068,0.00024766727603018945,0.13098337105700453,2072.826500007068,2678501.860465479,0.8904485079554739,0.7406999939121306,2753120.1903680456,0.8888546163605907
Nesterov,521,8385495,2079.4802000018535,0.00024798538428582375,0.13098253394368162,2079.4802000018535,2678510.7576325573,0.8904481440587962,0.5062999989604577,2753126.6418760195,0.888854355908711
Nesterov,522,8401590,2083.1295999960275,0.00024794468666002837,0.13098170053523117,2083.1295999960275,2678519.6198828686,0.8904477815902242,0.4744000034406781,2753133.058177872,0.8888540968781269
Nesterov,523,8417685,2086.093999998411,0.0002478227683737763,0.13098087081436618,2086.093999998411,2678528.447329833,0.890447420545119,0.4397000011522323,2753139.439498238,0.8888538392597698
Nesterov,524,8433780,2088.9217000076314,0.00024768510679762,0.13098004476388758,2088.9217000076314,2678537.240086959,0.8904470609188382,0.43000000005122274,2753145.786060222,0.8888535830446329
Nesterov,525,8449875,2094.831800000975,0.0002479127561059749,0.13097922236668405,2094.831800000975,2678545.998267835,0.8904467027067359,0.7808999944245443,2753152.098085407,0.8888533282237707
Nesterov,526,8465970,2098.8656999979867,0.0002479179231674559,0.13097840360573146,2098.8656999979867,2678554.7219861136,0.8904463459041636,0.4651000053854659,2753158.375793864,0.8888530747882988
Nesterov,527,8482065,2101.817300004768,0.00024779547197584175,0.13097758846409222,2101.817300004768,2678563.411355507,0.8904459905064706,0.43590000132098794,2753164.6194041553,0.8888528227293935
Nesterov,528,8498160,2104.676999995718,0.00024766267050699417,0.13097677692491488,2104.676999995718,2678572.066489771,0.8904456365090041,0.45009999303147197,2753170.8291333453,0.888852572038292
Nesterov,529,8514255,2107.691600001999,0.000247548564143545,0.13097596897143385,2107.691600001999,2678580.6875026966,0.8904452839071102,1.2261000083526596,2753177.0051970095,0.8888523227062912
Nesterov,530,8530350,2115.3698999987682,0.00024798160685068823,0.13097516458696853,2115.3698999987682,2678589.274508103,0.8904449326961335,0.483900003018789,2753183.147809237,0.8888520747247484
Nesterov,531,8546445,2118.3450000098674,0.00024786270782879515,0.13097436390860784,2118.3450000098674,2678597.827619822,0.8904445828714183,0.4436999879544601,2753189.257182647,0.8888518280850798
Nesterov,532,8562540,2121.1634000064805,0.0002477259551495795,0.1309735685361434,2121.1634000064805,2678606.346951694,0.8904442344283086,0.44669999624602497,2753195.333528389,0.8888515827787611
Nesterov,533,8578635,2124.1735000076005,0.0002476120618265727,0.1309727766738274,2124.1735000076005,2678614.8326175534,0.8904438873621483,0.7798000006005168,2753201.3770561563,0.888851338797327
Nesterov,534,8594730,2130.892200002563,0.0002479300920450745,0.13097198830536735,2130.892200002563,2678623.284731226,0.8904435416682821,0.4554000042844564,2753207.38797419,0.8888510961323707
Nesterov,535,8610825,2133.9502000046195,0.0002478218056927901,0.13097120341455332,2133.9502000046195,2678631.7034065127,0.8904431973420555,0.4474000015761703,2753213.36648929,0.8888508547755434
Nesterov,536,8626920,2136.9364999991376,0.0002477056121998509,0.13097042198525735,2136.9364999991376,2678640.0887571867,0.890442854378815,0.4258999979356304,2753219.3128068214,0.8888506147185543
Nesterov,537,8643015,2139.662200002931,0.0002475596999430096,0.13096964400143302,2139.662200002931,2678648.4408969833,0.8904425127739088,0.662600010400638,2753225.227130724,0.8888503759531705
Nesterov,538,8659110,2147.299100004602,0.00024798150156362514,0.13096886944711503,2147.299100004602,2678656.7599395895,0.8904421725226874,1.1685999925248325,2753231.10966352,0.8888501384712157
Nesterov,539,8675205,2154.2874000006123,0.0002483269732531522,0.13096809830641867,2154.2874000006123,2678665.0459986404,0.8904418336205027,0.5233999982010573,2753236.960606322,0.8888499022645711
Nesterov,540,8691300,2159.0257000061683,0.00024841228584977716,0.13096733095153051,2159.0257000061683,2678673.2991877054,0.8904414960627098,1.330800005234778,2753242.7801588415,0.8888496673251741
Nesterov,541,8707395,2170.7090999989305,0.0002492948924447473,0.1309665671176743,2170.7090999989305,2678681.5196202863,0.8904411598446665,0.5725000082748011,2753248.5685193967,0.8888494336450186
Nesterov,542,8723490,2176.3749000092503,0.00024948442653218496,0.1309658066484528,2176.3749000092503,2678689.7074098075,0.8904408249617337,1.0665000008884817,2753254.325884921,0.888849201216154
Nesterov,543,8739585,2181.737200007774,0.0002496385354691068,0.1309650495283032,2181.737200007774,2678697.8626696076,0.8904404914092758,0.46239999937824905,2753260.052450972,0.8888489700306855
Nesterov,544,8755680,2184.752400004072,0.00024952401184192115,0.13096429574174118,2184.752400004072,2678705.9855129346,0.890440159182661,0.45620001037605107,2753265.7484117397,0.8888487400807739
Nesterov,545,8771775,2187.5297000078717,0.0002493827874070951,0.13096354527336038,2187.5297000078717,2678714.0760529363,0.8904398282772612,0.43110000842716545,2753271.413960053,0.8888485113586341
Nesterov,546,8787870,2190.3656000067713,0.0002492487485598639,0.13096279815065362,2190.3656000067713,2678722.134402657,0.8904394986884533,1.3958000054117292,2753277.04928739,0.8888482838565364
Nesterov,547,8803965,2197.2955000092043,0.0002495802175507518,0.13096205472722888,2197.2955000092043,2678730.160675027,0.8904391704116181,0.4726999904960394,2753282.6545838853,0.8888480575668045
Nesterov,548,8820060,2200.355299995863,0.0002494716929358602,0.13096131460895338,2200.355299995863,2678738.1549828607,0.8904388434421416,0.45849999878555536,2753288.2300383407,0.8888478324818168
Nesterov,549,8836155,2203.261400005431,0.0002493461692337256,0.13096057801937458,2203.261400005431,2678746.1174388467,0.8904385177754148,0.43569999979808927,2753293.7758382265,0.8888476085940047
Nesterov,550,8852250,2206.1848000012105,0.000249223056285262,0.13095984477341185,2206.1848000012105,2678754.0481555425,0.8904381934068342,0.43480000749696046,2753299.292169701,0.8888473858958529
Nesterov,551,8868345,2212.1111000014935,0.00024943899904677743,0.13095911491710868,2212.1111000014935,2678761.947245369,0.8904378703318013,0.5560999998124316,2753304.779217607,0.8888471643798992
Nesterov,552,8884440,2216.38250000251,0.00024946788992919193,0.13095838912052404,2216.38250000251,2678769.8148206077,0.8904375485457242,0.4462999932002276,2753310.2371654897,0.8888469440387338
Nesterov,553,8900535,2219.161700006225,0.00024932902348074866,0.13095766662773853,2219.161700006225,2678777.6509933895,0.8904372280440166,0.5038999952375889,2753315.6661956,0.888846724864999
Nesterov,554,8916630,2222.1280000085244,0.00024921164161892156,0.1309569473097725,2222.1280000085244,2678785.455875692,0.8904369088220986,0.4893000004813075,2753321.066488902,0.8888465068513892
Nesterov,555,8932725,2228.0492999998387,0.00024942548886256307,0.1309562311520077,2228.0492999998387,2678793.2295793355,0.8904365908753965,0.7025000086287037,2753326.4382250854,0.8888462899906503
Nesterov,556,8948820,2232.0078000047943,0.0002494192306924035,0.13095551813989903,2232.0078000047943,2678800.972215977,0.8904362741993438,0.4879999905824661,2753331.7815825692,0.8888460742755793
Nesterov,557,8964915,2235.110599998734,0.000249317545118803,0.13095480825897435,2235.110599998734,2678808.683897103,0.8904359587893805,0.43250000453554094,2753337.096738515,0.888845859699024
Nesterov,558,8981010,2237.887299997965,0.000249179914062891,0.13095410149483377,2237.887299997965,2678816.3647340294,0.8904356446409538,0.4707000043708831,2753342.3838688284,0.8888456462538831
Nesterov,559,8997105,2241.631299999426,0.00024915028778695216,0.13095339783314944,2241.631299999426,2678824.01483789,0.8904353317495182,1.070300000719726,2753347.643148176,0.8888454339331051
Nesterov,560,9013200,2248.458000001847,0.00024946278791126866,0.13095269725966505,2248.458000001847,2678831.634319638,0.8904350201105359,0.5273999995552003,2753352.8747499855,0.8888452227296886
Nesterov,561,9029295,2251.498500001617,0.0002493548499635483,0.1309519997601955,2251.498500001617,2678839.2232900383,0.8904347097194764,0.45819999650120735,2753358.0788464583,0.8888450126366817
Nesterov,562,9045390,2254.4794999994338,0.0002492407182000371,0.13095130532062643,2254.4794999994338,2678846.781859666,0.8904344005718171,0.43390000064391643,2753363.2556085777,0.8888448036471819
Nesterov,563,9061485,2257.328300009249,0.0002491124026590839,0.13095061392691382,2257.328300009249,2678854.3101388966,0.8904340926630437,0.8081999985734001,2753368.4052061136,0.8888445957543352
Nesterov,564,9077580,2264.381000000867,0.0002494476501447376,0.13094992556508375,2264.381000000867,2678861.8082379084,0.89043378598865,0.484800009871833,2753373.5278076357,0.8888443889513363
Nesterov,565,9093675,2267.4343999970006,0.0002493419217199868,0.1309492402212318,2267.4343999970006,2678869.2762666745,0.8904334805441378,0.4545999981928617,2753378.623580517,0.8888441832314284
Nesterov,566,9109770,2270.193400006974,0.00024920424994340955,0.13094855788152282,2270.193400006974,2678876.7143349596,0.890433176325018,0.4628000024240464,2753383.692690945,0.8888439785879025
Nesterov,567,9125865,2273.088000001735,0.0002490819226453312,0.13094787853219045,2273.088000001735,2678884.1225523166,0.8904328733268096,0.8521999989170581,2753388.735303928,0.8888437750140968
Nesterov,568,9141960,2279.1738000087207,0.0002493090978311785,0.13094720215953679,2279.1738000087207,2678891.5010280833,0.8904325715450409,0.5485000001499429,2753393.7515833057,0.8888435725033973
Nesterov,569,9158055,2282.827200004249,0.000249269872260458,0.13094652874993198,2282.827200004249,2678898.849871377,0.8904322709752486,0.46299998939502984,2753398.741691752,0.8888433710492364
Nesterov,570,9174150,2285.6983999954537,0.00024914552301798573,0.13094585847400658,2285.6983999954537,2678906.169191095,0.890431971612979,0.43670000741258264,2753403.7057907893,0.8888431706450935
Nesterov,571,9190245,2288.440600008471,0.0002490075727043698,0.13094519190605927,2288.440600008471,2678913.459095907,0.8904316734537876,0.44160000106785446,2753408.6440407922,0.8888429712844943
Nesterov,572,9206340,2294.4306999997934,0.0002492228942228718,0.1309445282584314,2294.4306999997934,2678920.719694252,0.890431376493239,0.7358000002568588,2753413.556600997,0.88884277296101
Nesterov,573,9222435,2298.8639999966836,0.0002492686584396294,0.13094386751775294,2298.8639999966836,2678927.95109434,0.8904310807269076,0.45449999743141234,2753418.4436295102,0.888842575668258
Nesterov,574,9238530,2301.805900002364,0.00024915283059126985,0.13094320967072046,2301.805900002364,2678935.1534041422,0.8904307861503771,0.44299999717622995,2753423.305283314,0.8888423793999007
Nesterov,575,9254625,2304.6912999998312,0.000249031300565915,0.1309425547040964,2304.6912999998312,2678942.3267313936,0.8904304927592411,0.44299999717622995,2753428.141718277,0.8888421841496457
Nesterov,576,9270720,2307.839700006298,0.0002489385614069131,0.13094190260470895,2307.839700006298,2678949.4711835873,0.8904302005491034,0.560500004212372,2753432.95308916,0.888841989911245
Nesterov,577,9286815,2314.5796000026166,0.000249232874780279,0.13094125355351435,2314.5796000026166,2678956.5868679713,0.8904299095155772,0.4656000091927126,2753437.7395496257,0.8888417966784953
Nesterov,578,9302910,2317.5875000015367,0.00024912500497172783,0.1309406079739166,2317.5875000015367,2678963.673891548,0.8904296196542864,0.44099999649915844,2753442.501252244,0.8888416044452371
Nesterov,579,9319005,2320.356399999582,0.00024899186125552914,0.1309399654030805,2320.356399999582,2678970.732361071,0.8904293309608644,0.46159999328665435,2753447.238348503,0.8888414132053548
Nesterov,580,9335100,2323.2305999990785,0.0002488704566634614,0.13093932568290742,2323.2305999990785,2678977.7623830377,0.8904290434309556,1.3180999958422035,2753451.950988813,0.8888412229527763
Nesterov,581,9351195,2328.9491000032285,0.000249053634321948,0.13093868887283536,2328.9491000032285,2678984.764063697,0.8904287570602145,0.4776999994646758,2753456.639322516,0.8888410336814725
Nesterov,582,9367290,2332.495700000436,0.0002490043224881941,0.13093805488788504,2332.495700000436,2678991.7375090364,0.890428471844306,0.4560999950626865,2753461.3034978947,0.888840845385457
Nesterov,583,9383385,2335.4111000080593,0.00024888791198571296,0.1309374245227614,2335.4111000080593,2678998.6828247868,0.8904281877789056,0.44970000453758985,2753465.943662178,0.8888406580587863
Nesterov,584,9399480,2338.34270000807,0.0002487736236481242,0.13093679782836373,2338.34270000807,2679005.6001164154,0.8904279048596999,0.42919999395962805,2753470.55996155,0.8888404716955587
Nesterov,585,9415575,2342.01259999827,0.0002487381386689894,0.1309361741273668,2342.01259999827,2679012.489489129,0.8904276230823859,0.9602000063750893,2753475.1525411545,0.8888402862899146
Nesterov,586,9431670,2348.7934000004316,0.00024903261034370705,0.13093555315102123,2348.7934000004316,2679019.3510478656,0.8904273424426714,0.4954999894835055,2753479.721545108,0.8888401018360361
Nesterov,587,9447765,2352.212600002531,0.0002489702696883899,0.1309349348869253,2352.212600002531,2679026.184897297,0.8904270629362754,0.6508999940706417,2753484.2671165015,0.8888399183281464
Nesterov,588,9463860,2355.3610000089975,0.0002488795269592954,0.1309343193227382,2355.3610000089975,2679032.991141827,0.8904267845589278,0.4656000091927126,2753488.7893974124,0.8888397357605097
Nesterov,589,9479955,2360.628299997188,0.00024901260607220057,0.13093370644617974,2360.628299997188,2679039.7698855847,0.8904265073063696,0.6523000047309324,2753493.288528909,0.888839554127431
Nesterov,590,9496050,2365.4132000083337,0.0002490944340023835,0.13093309624503027,2365.4132000083337,2679046.521232428,0.8904262311743532,0.4746000049635768,2753497.7646510573,0.8888393734232557
Nesterov,591,9512145,2368.4451000008266,0.00024899169430247614,0.13093248870712992,2368.4451000008266,2679053.245285941,0.8904259561586416,0.5254999996395782,2753502.217902933,0.8888391936423693
Nesterov,592,9528240,2371.3635000021895,0.0002488773897385235,0.1309318838203787,2371.3635000021895,2679059.942149428,0.89042568225501,0.4358000005595386,2753506.648422623,0.888839014779197
Nesterov,593,9544335,2375.5651999963447,0.00024889792740891267,0.13093128157273573,2375.5651999963447,2679066.6119259186,0.8904254094592442,0.7866999949328601,2753511.0563472365,0.8888388368282039
Nesterov,594,9560430,2381.275799998548,0.0002490762235588303,0.1309306819522194,2381.275799998548,2679073.25471816,0.8904251377671419,0.45190000673756003,2753515.4418129106,0.8888386597838938
Nesterov,595,9576525,2384.2508000088856,0.0002489682635411995,0.1309300849469066,2384.2508000088856,2679079.870628618,0.8904248671745123,0.44180000259075314,2753519.8049548175,0.8888384836408098
Nesterov,596,9592620,2387.1132000058424,0.0002488489276137116,0.1309294905658031,2387.1132000058424,2679086.459759478,0.8904245976771759,0.43819998973049223,2753524.1459071715,0.8888383083935334
Nesterov,597,9608715,2389.8200999974506,0.0002487138082456864,0.1309288992148609,2389.8200999974506,2679093.02221264,0.8904243292709649,0.666300009470433,2753528.464803239,0.8888381340366848
Nesterov,598,9624810,2395.7898000080604,0.0002489181396835948,0.13092831047028275,2395.7898000080604,2679099.5580897178,0.8904240619517234,0.5728999967686832,2753532.761775339,0.8888379605649219
Nesterov,599,9640905,2400.1929000078235,0.0002489592937600592,0.1309277243552731,2400.1929000078235,2679106.0674920403,0.8904237957153069,0.48319999768864363,2753537.0369548574,0.888837787972941
Nesterov,600,9657000,2403.739900008077,0.00024891165993663425,0.1309271410070032,2403.739900008077,2679112.550520647,0.890423530557583,0.4420000041136518,2753541.29047225,0.8888376162554751
Nesterov,601,9673095,2406.6181000089273,0.0002487950443998459,0.1309265601994283,2406.6181000089273,2679119.00727629,0.8904232664744308,0.5873000045539811,2753545.5224570488,0.8888374454072949
Nesterov,602,9689190,2412.4294000066584,0.00024898153509288787,0.13092598219655577,2412.4294000066584,2679125.43785943,0.8904230034617415,0.4773999971803278,2753549.7330378722,0.8888372754232083
Nesterov,603,9705285,2416.3184000062756,0.00024896933990153566,0.13092540715053252,2416.3184000062756,2679131.8423702368,0.8904227415154181,0.454699998954311,2753553.9223424285,0.8888371062980595
Nesterov,604,9721380,2419.2042000067886,0.0002488539898663347,0.1309248346152972,2419.2042000067886,2679138.2209085883,0.8904224806313755,0.4912000003969297,2753558.090497525,0.888836938026729
Nesterov,605,9737475,2422.127800004091,0.00024874290306307244,0.1309242646727508,2422.127800004091,2679144.57357407,0.8904222208055407,0.4887999966740608,2753562.2376290723,0.8888367706041339
Nesterov,606,9753570,2427.450000002864,0.0002488781030948528,0.13092369730886408,2427.450000002864,2679150.900465971,0.8904219620338526,0.934900002903305,2753566.3638620954,0.8888366040252269
Nesterov,607,9769665,2431.631900006323,0.0002488961392234353,0.13092313241363412,2431.631900006323,2679157.2016832875,0.8904217043122624,0.4532999882940203,2753570.469320734,0.8888364382849963
Nesterov,608,9785760,2434.619300009217,0.00024879205089939024,0.13092257031332521,2434.619300009217,2679163.477324721,0.8904214476367333,0.4599999956553802,2753574.554128256,0.8888362733784655
Nesterov,609,9801855,2437.4300000054063,0.0002486702772082842,0.1309220108234958,2437.4300000054063,2679169.7274886733,0.8904211920032403,0.4473999870242551,2753578.61840706,0.8888361093006936
Nesterov,610,9817950,2440.3308000037214,0.0002485580798439309,0.1309214537628409,2440.3308000037214,2679175.952273252,0.890420937407771,1.7810999997891486,2753582.6622786797,0.8888359460467739
Nesterov,611,9834045,2446.9783999957144,0.00024882725267127764,0.13092089912044508,2446.9783999957144,2679182.1517762644,0.8904206838463249,0.47989998711273074,2753586.6858637976,0.8888357836118344
Nesterov,612,9850140,2450.0180000031833,0.0002487292566403303,0.13092034693095078,2450.0180000031833,2679188.3260952206,0.890420431314914,0.47820000327192247,2753590.6892822455,0.8888356219910374
Nesterov,613,9866235,2452.903500001412,0.00024861596140791415,0.13091979718392777,2452.903500001412,2679194.4753273325,0.8904201798095621,0.5117000109748915,2753594.6726530115,0.8888354611795793
Nesterov,614,9882330,2455.8780000079423,0.0002485120411894707,0.13091924982161862,2455.8780000079423,2679200.5995695097,0.8904199293263058,0.4594999918481335,2753598.6360942503,0.8888353011726902
Nesterov,615,9898425,2462.252500001341,0.00024875194791104053,0.1309187048333284,2462.252500001341,2679206.6989183626,0.8904196798611935,0.5061999981990084,2753602.5797232846,0.8888351419656336
Nesterov,616,9914520,2466.2760000064736,0.0002487539487546017,0.13091816220841346,2466.2760000064736,2679212.773470202,0.8904194314102862,0.4419000033522025,2753606.5036566155,0.8888349835537064
Nesterov,617,9930615,2469.0961000014795,0.0002486347622983551,0.1309176219362811,2469.0961000014795,2679218.823321036,0.8904191839696571,0.4231999919284135,2753610.4080099245,0.8888348259322382
Nesterov,618,9946710,2471.929799998179,0.00024851732884523416,0.13091708400638932,2471.929799998179,2679224.8485665717,0.8904189375353917,0.4673999937949702,2753614.292898085,0.8888346690965917
Nesterov,619,9962805,2476.8871999986004,0.0002486134376813157,0.13091654875496134,2476.8871999986004,2679230.849302213,0.8904186921035879,0.9825000015553087,2753618.1584351645,0.8888345130421618
Nesterov,620,9978900,2481.97490000166,0.0002487222940405916,0.13091601593364868,2481.97490000166,2679236.8256230624,0.8904184476703563,0.4760000010719523,2753622.0047344314,0.8888343577643758
Nesterov,621,9994995,2484.9632999976166,0.0002486207646924902,0.13091548542253686,2484.9632999976166,2679242.7776239202,0.890418204231819,0.4381000035209581,2753625.8319083625,0.8888342032586931
Nesterov,622,10011090,2487.7599000028567,0.0002485004030532996,0.13091495721127447,2487.7599000028567,2679248.7053992823,0.8904179617841117,0.4315999976824969,2753629.6400686475,0.8888340495206044
Nesterov,623,10027185,2490.4892000049585,0.0002483737160534047,0.1309144312895597,2490.4892000049585,2679254.609043342,0.8904177203233814,1.4530000044032931,2753633.429326196,0.8888338965456324
Nesterov,624,10043280,2497.340100002475,0.0002486578189597895,0.13091390764713998,2497.340100002475,2679260.488649989,0.8904174798457882,0.49190000572707504,2753637.199791145,0.8888337443293308
Nesterov,625,10059375,2500.3575000009732,0.0002485599254427808,0.13091338627381158,2500.3575000009732,2679266.344312808,0.8904172403475044,0.4563000111375004,2753640.95157286,0.8888335928672845
Nesterov,626,10075470,2503.2782000052975,0.00024845274711802996,0.1309128671594198,2503.2782000052975,2679272.176125082,0.8904170018247147,0.5330999993020669,2753644.684779946,0.8888334421551087
Nesterov,627,10091565,2506.2661999982083,0.00024835257960467065,0.13091235029385823,2506.2661999982083,2679277.984179788,0.8904167642736163,0.4659999976865947,2753648.3995202524,0.8888332921884499
Nesterov,628,10107660,2512.2563000040827,0.00024854974346229323,0.1309118356670687,2512.2563000040827,2679283.7685696,0.8904165276904189,0.6742999976268038,2753652.095900874,0.8888331429629843
Nesterov,629,10123755,2516.484899999341,0.00024857228370296804,0.13091132326904106,2516.484899999341,2679289.5293868864,0.8904162920713445,0.46669998846482486,2753655.7740281643,0.8888329944744184
Nesterov,630,10139850,2519.3051999958698,0.0002484558647313195,0.13091081308981287,2519.3051999958698,2679295.2667237124,0.8904160574126276,0.4374999989522621,2753659.4340077355,0.8888328467184886
Nesterov,631,10155945,2522.207800007891,0.0002483479183874953,0.1309103051194691,2522.207800007891,2679300.9806718384,0.8904158237105153,0.44410000555217266,2753663.0759444684,0.8888326996909608
Nesterov,632,10172040,2527.554500004044,0.00024848058993122755,0.13090979934814198,2527.554500004044,2679306.6713227206,0.890415590961267,0.6507999933091924,2753666.699942513,0.8888325533876303
Nesterov,633,10188135,2531.45979999681,0.000248471363993195,0.13090929576601062,2531.45979999681,2679312.3387675094,0.8904153591611543,0.45170000521466136,2753670.306105299,0.8888324078043217
Nesterov,634,10204230,2534.4624999997905,0.00024837371364618303,0.13090879475131506,2534.4624999997905,2679317.983097053,0.890415128306462,0.4393999988678843,2753673.8945355387,0.8888322629368884
Nesterov,635,10220325,2537.315599998692,0.0002482617333596233,0.13090829591227218,2537.315599998692,2679323.604401894,0.8904148983934865,0.45110000064596534,2753677.4653352345,0.8888321187812124
Nesterov,636,10236420,2540.107299995725,0.0002481441070213732,0.13090779923152412,2540.107299995725,2679329.2027722695,0.8904146694185372,3.20839999767486,2753681.01860568,0.8888319753332045
Nesterov,637,10252515,2546.742300008191,0.0002484017141167987,0.13090730469944326,2546.742300008191,2679334.778298116,0.8904144413779357,0.4766000056406483,2753684.5544474726,0.8888318325888035
Nesterov,638,10268610,2549.8174000094878,0.0002483118357800606,0.13090681230644766,2549.8174000094878,2679340.3310690615,0.8904142142680161,0.4718000127468258,2753688.0729605122,0.8888316905439763
Nesterov,639,10284705,2552.7258000074653,0.00024820603021744086,0.13090632232081575,2552.7258000074653,2679345.8611744344,0.890413988085125,0.5344000092009082,2753691.5742440107,0.8888315491947177
Nesterov,640,10300800,2555.6877000053646,0.00024810574906855435,0.13090583452407217,2555.6877000053646,2679351.368703257,0.8904137628256212,0.45360000513028353,2753695.0583964945,0.8888314085370502
Nesterov,641,10316895,2559.8568999994313,0.00024812280245165155,0.13090534888207114,2559.8568999994313,2679356.853744247,0.8904135384858762,0.6528999947477132,2753698.5255158134,0.8888312685670234
Nesterov,642,10332990,2563.854200008791,0.00024812316667380794,0.13090486542004356,2563.854200008791,2679362.3163858214,0.8904133150622737,0.5124000017531216,2753701.975699141,0.8888311292807144
Nesterov,643,10349085,2566.8053999979747,0.00024802244836118117,0.13090438404793453,2566.8053999979747,2679367.756716092,0.8904130925512099,0.43590000132098794,2753705.409042987,0.888830990674227
Nesterov,644,10365180,2569.569800005411,0.00024790402096301373,0.13090390480687036,2569.569800005411,2679373.17482287,0.8904128709490933,0.4434000002220273,2753708.825643193,0.888830852743692
Nesterov,645,10381275,2572.4672000069404,0.0002477987723094649,0.1309034278652638,2572.4672000069404,2679378.5707936613,0.8904126502523448,0.5027000006521121,2753712.2255949453,0.8888307154852668
Nesterov,646,10397370,2578.0192999955034,0.000247949173684836,0.13090295298632681,2578.0192999955034,2679383.9447156712,0.8904124304573979,0.5356999899959192,2753715.6089927787,0.8888305788951348
Nesterov,647,10413465,2581.22550000553,0.00024787383450230354,0.13090248015956918,2581.22550000553,2679389.2966758027,0.890412211560698,0.4526999982772395,2753718.975930577,0.8888304429695059
Nesterov,648,10429560,2584.126900008414,0.0002477695032205015,0.1309020093758597,2584.126900008414,2679394.6267606565,0.8904119935587034,0.42669998947530985,2753722.3265015846,0.8888303077046158
Nesterov,649,10445655,2586.8896000029054,0.000247652215203633,0.13090154062611029,2586.8896000029054,2679399.9350565323,0.890411776447884,0.42969999776687473,2753725.6607984067,0.8888301730967259
Nesterov,650,10461750,2589.810200006468,0.0002475503811509994,0.13090107390127578,2589.810200006468,2679405.221649429,0.8904115602247229,1.090599995222874,2753728.9789130143,0.8888300391421233
Nesterov,651,10477845,2595.893600009731,0.000247750715916272,0.13090060919235377,2595.893600009731,2679410.4866250437,0.8904113448857146,0.47400000039488077,2753732.2809367543,0.8888299058371202
Nesterov,652,10493940,2598.911799999769,0.000247658343767905,0.13090014649038426,2598.911799999769,2679415.7300687744,0.8904111304273666,0.45619999582413584,2753735.5669603483,0.8888297731780542
Nesterov,653,10510035,2601.8346000055317,0.0002475571774980323,0.1308996857864495,2601.8346000055317,2679420.95206572,0.8904109168461982,0.4411999980220571,2753738.8370738993,0.8888296411612878
Nesterov,654,10526130,2604.6820000046864,0.0002474491574780747,0.13089922707167376,2604.6820000046864,2679426.1527006766,0.8904107041387413,0.4489999992074445,2753742.0913668987,0.8888295097832081
Nesterov,655,10542225,2607.496500000707,0.0002473383465066157,0.13089877033722314,2607.496500000707,2679431.332058145,0.8904104923015398,1.2587999954121187,2753745.3299282286,0.8888293790402269
Nesterov,656,10558320,2613.147399999434,0.0002474965145969656,0.13089831569655172,2613.147399999434,2679436.490222324,0.8904102813311499,0.48659999447409064,2753748.552846168,0.8888292489287801
Nesterov,657,10574415,2616.25200000708,0.00024741340301161625,0.1308978632044134,2616.25200000708,2679441.6272771168,0.8904100712241397,0.43829999049194157,2753751.7602083962,0.8888291194453284
Nesterov,658,10590510,2618.981799998437,0.0002472951538687407,0.1308974127393636,2618.981799998437,2679446.743306126,0.8904098619770903,0.4337999998824671,2753754.9521019985,0.8888289905863559
Nesterov,659,10606605,2621.812299999874,0.0002471867576854115,0.13089696425112618,2621.812299999874,2679451.8383926614,0.890409653586594,0.44329999946057796,2753758.128613471,0.8888288623483707
Nesterov,660,10622700,2625.7807000074536,0.00024718580963478714,0.13089651771011826,2625.7807000074536,2679456.9126197314,0.8904094460492558,0.6373999931383878,2753761.2898287233,0.8888287347279046
Nesterov,661,10638795,2629.732600005809,0.0002471833135243051,0.13089607309546106,2629.732600005809,2679461.9660700494,0.8904092393616927,0.5067000020062551,2753764.4358330853,0.8888286077215126
Nesterov,662,10654890,2632.6781999960076,0.0002470863800561064,0.1308956304950657,2632.6781999960076,2679466.9988260344,0.8904090335205337,0.48149999929592013,2753767.5667113126,0.8888284813257734
Nesterov,663,10670985,2635.5571000021882,0.00024698348840357175,0.13089518989336596,2635.5571000021882,2679472.010969809,0.8904088285224201,0.42830000165849924,2753770.6825475856,0.8888283555372883
Nesterov,664,10687080,2638.3107000001473,0.00024686918222752586,0.13089475119198907,2638.3107000001473,2679477.0025832006,0.8904086243640049,0.4317999992053956,2753773.7834255197,0.8888282303526819
Nesterov,665,10703175,2642.353200004436,0.00024687564204121075,0.13089431438251528,2642.353200004436,2679481.9737477438,0.8904084210419535,0.7067999977152795,2753776.8694281685,0.888828105768601
Nesterov,666,10719270,2646.3015000044834,0.0002468732945437967,0.1308938794565642,2646.3015000044834,2679486.9245446767,0.8904082185529433,0.44499999785330147,2753779.9406380267,0.8888279817817155
Nesterov,667,10735365,2649.0981000097236,0.00024676367315035154,0.13089344640579478,2649.0981000097236,2679491.855054948,0.8904080168936632,0.48850000894162804,2753782.997137033,0.8888278583887174
Nesterov,668,10751460,2651.9905000022845,0.0002466632903812398,0.13089301524807104,2651.9905000022845,2679496.765359211,0.8904078160608146,0.4999999946448952,2753786.0390065797,0.8888277355863207
Nesterov,669,10767555,2655.0186999957077,0.0002465758196726841,0.13089258596387743,2655.0186999957077,2679501.6555378283,0.8904076160511109,0.43909999658353627,2753789.066327512,0.8888276133712617
Nesterov,670,10783650,2658.8693000085186,0.00024656487367528794,0.1308921585300945,2658.8693000085186,2679506.52567087,0.8904074168612768,0.6578000029549003,2753792.0791801335,0.8888274917402985
Nesterov,671,10799745,2662.7756000088993,0.0002465591178318469,0.13089173294746734,2662.7756000088993,2679511.3758381177,0.8904072184880494,0.4668000037781894,2753795.0776442126,0.8888273706902109
Nesterov,672,10815840,2665.83030000038,0.0002464746427462296,0.13089130939710245,2665.83030000038,2679516.2061190587,0.8904070209281776,0.43480000749696046,2753798.061798984,0.8888272502178
Nesterov,673,10831935,2668.6133000039263,0.00024636533546443235,0.1308908876721021,2668.6133000039263,2679521.016592896,0.890406824178422,0.47790000098757446,2753801.031723153,0.8888271303198884
Nesterov,674,10848030,2671.4568000024883,0.0002462619295856011,0.13089046776439214,2671.4568000024883,2679525.807338539,0.8904066282355553,0.44160000106785446,2753803.987494902,0.8888270109933198
Nesterov,675,10864125,2675.7080999959726,0.0002462884125501108,0.13089004966593604,2675.7080999959726,2679530.5784346107,0.8904064330963616,0.7392999978037551,2753806.9291918934,0.8888268922349591
Nesterov,676,10880220,2679.613900007098,0.00024628306229167223,0.13088963336873485,2679.613900007098,2679535.3299594466,0.890406238757637,0.4621999978553504,2753809.856891271,0.8888267740416919
Nesterov,677,10896315,2682.582599998568,0.00024619172628531465,0.13088921886482702,2682.582599998568,2679540.061991095,0.8904060452161894,0.47050000284798443,2753812.770669669,0.8888266564104242
Nesterov,678,10912410,2685.527399997227,0.0002460984695403881,0.13088880614628803,2685.527399997227,2679544.7746073166,0.8904058524688383,0.4301000008126721,2753815.6706032096,0.8888265393380832
Nesterov,679,10928505,2688.307200005511,0.0002459903893538513,0.13088839524820128,2688.307200005511,2679549.4678855883,0.8904056605124149,0.4334999975981191,2753818.556767516,0.8888264228216157
Nesterov,680,10944600,2693.685300007928,0.00024612003179722675,0.13088798619677922,2693.685300007928,2679554.1419031,0.8904054693437621,0.6931999960215762,2753821.429237705,0.8888263068579894
Nesterov,681,10960695,2698.620299997856,0.0002462088672294828,0.13088757890666072,2698.620299997856,2679558.7967367587,0.8904052789597343,0.4831000114791095,2753824.2880884027,0.8888261914441913
Nesterov,682,10976790,2701.825500000268,0.0002461398550942733,0.13088717337007025,2701.825500000268,2679563.432463187,0.8904050893571978,0.45440001122187823,2753827.133393737,0.8888260765772291
Nesterov,683,10992885,2704.860500001814,0.00024605556230250877,0.13088676957926842,2704.860500001814,2679568.0491587236,0.8904049005330301,0.46380001003853977,2753829.965227352,0.8888259622541296
Nesterov,684,11008980,2709.1750999970827,0.00024608774836516035,0.13088636752655186,2709.1750999970827,2679572.646899426,0.8904047124841206,0.6458999996539205,2753832.7836624025,0.8888258484719395
Nesterov,685,11025075,2713.3972000010544,0.00024611145048909457,0.13088596720425313,2713.3972000010544,2679577.22576107,0.89040452520737,0.46779999684076756,2753835.5887715644,0.8888257352277247
Nesterov,686,11041170,2716.576699996949,0.00024604065511145553,0.13088556864802053,2716.576699996949,2679581.7858191486,0.8904043386996905,0.4380999889690429,2753838.380627035,0.8888256225185708
Nesterov,687,11057265,2719.336000009207,0.00024593206367118874,0.1308851719103402,2719.336000009207,2679586.3271488785,0.890404152958006,0.43590000132098794,2753841.1593005387,0.8888255103415821
Nesterov,688,11073360,2722.244700009469,0.00024583727974250536,0.1308847768795944,2722.244700009469,2679590.8498251913,0.8904039679792515,0.44419999176170677,2753843.9248633296,0.888825398693882
Nesterov,689,11089455,2726.2874000007287,0.0002458450302562866,0.13088438354826085,2726.2874000007287,2679595.3539227443,0.8904037837603735,0.4935000033583492,2753846.677386193,0.8888252875726128
Nesterov,690,11105550,2730.0430000032065,0.00024582690636692524,0.13088399190885194,2730.0430000032065,2679599.839515915,0.8904036002983301,0.45909998880233616,2753849.4169394537,0.8888251769749356
Nesterov,691,11121645,2732.945399999153,0.00024573211966387643,0.13088360195391505,2732.945399999153,2679604.3066788027,0.8904034175900906,0.5135000101290643,2753852.143592978,0.8888250668980298
Nesterov,692,11137740,2736.0932000010507,0.000245659640106615,0.13088321367603187,2736.0932000010507,2679608.755485232,0.8904032356326355,0.443600001744926,2753854.857416173,0.8888249573390932
Nesterov,693,11153835,2738.9642000052845,0.00024556255314923383,0.13088282706781854,2738.9642000052845,2679613.1860087495,0.8904030544229566,0.5039999959990382,2753857.558477995,0.8888248482953423
Nesterov,694,11169930,2743.0634000047576,0.0002455757019072418,0.13088244212192543,2743.0634000047576,2679617.5983226267,0.8904028739580573,0.5344999954104424,2753860.246846955,0.888824739764011
Nesterov,695,11186025,2746.7765000037616,0.00024555429654446166,0.13088205883103685,2746.7765000037616,2679621.9924998623,0.8904026942349518,0.44159998651593924,2753862.9225911107,0.8888246317423518
Nesterov,696,11202120,2749.615699998685,0.0002454549406718269,0.13088167718787094,2749.615699998685,2679626.36861318,0.8904025152506656,0.45199999294709414,2753865.585778087,0.8888245242276348
Nesterov,697,11218215,2752.4740000080783,0.00024535757248439954,0.13088129718517957,2752.4740000080783,2679630.7267350308,0.8904023370022357,0.5485000001499429,2753868.236475064,0.8888244172171478
Nesterov,698,11234310,2755.4696000006516,0.00024527270477676434,0.13088091881574812,2755.4696000006516,2679635.0669375933,0.8904021594867098,0.4287999909138307,2753870.8747487892,0.8888243107081961
Nesterov,699,11250405,2758.8210999965668,0.0002452197143122018,0.1308805420723952,2758.8210999965668,2679639.3892927757,0.8904019827011468,0.6600000051548705,2753873.5006655785,0.8888242046981025
Nesterov,700,11266500,2762.6317999965977,0.0002452076332487106,0.1308801669479726,2762.6317999965977,2679643.6938722124,0.8904018066426168,0.5039999959990382,2753876.114291318,0.8888240991842072
Nesterov,701,11282595,2765.6602000060957,0.00024512624976843496,0.13087979362036709,2765.6602000060957,2679647.9807472723,0.890401631308201,0.4766000056406483,2753878.7156914696,0.8888239941638675
Nesterov,702,11298690,2768.4697000076994,0.00024502572422180796,0.13087942189715154,2768.4697000076994,2679652.249989051,0.8904014566949914,0.4332000098656863,2753881.304931075,0.8888238896344575
Nesterov,703,11314785,2771.251199999824,0.00024492301002624657,0.13087905200436056,2771.251199999824,2679656.5016683787,0.8904012828000911,0.4489999992074445,2753883.8820747524,0.8888237855933685
Nesterov,704,11330880,2775.4418999975314,0.0002449449557313758,0.1308786850969739,2775.4418999975314,2679660.7358558155,0.8904011096206141,0.7116000051610172,2753886.447186711,0.8888236820380084
Nesterov,705,11346975,2780.6607999955304,0.0002450574536381309,0.13087831976479417,2780.6607999955304,2679664.952621656,0.8904009371536854,0.556200000573881,2753889.0003307424,0.8888235789658019
Nesterov,706,11363070,2784.8331999994116,0.00024507753626435563,0.13087795600091284,2784.8331999994116,2679669.1520359293,0.8904007653964408,0.4599000094458461,2753891.5415702327,0.8888234763741899
Nesterov,707,11379165,2787.908800004516,0.0002450011753941977,0.13087759379845318,2787.908800004516,2679673.3341683974,0.8904005943460269,0.48990000505000353,2753894.0709681604,0.8888233742606302
Nesterov,708,11395260,2792.7821000048425,0.00024508278880910504,0.13087723315796052,2792.7821000048425,2679677.499088559,0.8904004239996013,0.7021000055829063,2753896.5885871015,0.8888232726225964
Nesterov,709,11411355,2797.5673000037204,0.0002451564516224165,0.1308768740956473,2797.5673000037204,2679681.6468656478,0.8904002543543322,0.4700999998021871,2753899.094489233,0.8888231714575783
Nesterov,710,11427450,2800.9508999966783,0.00024510725489909635,0.13087651657407653,2800.9508999966783,2679685.7775686365,0.8904000854073988,0.4530000005615875,2753901.588736335,0.888823070763082
Nesterov,711,11443545,2803.9953999978025,0.00024502856413793125,0.13087616058649867,2803.9953999978025,2679689.8912662338,0.8903999171559907,0.4462999932002276,2753904.0713897925,0.8888229705366291
Nesterov,712,11459640,2806.9484000006923,0.0002449421098743671,0.13087580612619493,2806.9484000006923,2679693.9880268867,0.8903997495973084,0.7698000117670745,2753906.5425106036,0.8888228707757572
Nesterov,713,11475735,2813.4761999972397,0.00024516740757757474,0.13087545318647742,2813.4761999972397,2679698.0679187845,0.8903995827285631,0.4712999943876639,2753909.0021593734,0.8888227714780197
Nesterov,714,11491830,2816.7497999966145,0.0002451088991045477,0.13087510176068876,2816.7497999966145,2679702.1310098525,0.8903994165469765,0.44049999269191176,2753911.4503963273,0.888822672640985
Nesterov,715,11507925,2819.544700003462,0.00024500895687132665,0.13087475193683168,2819.544700003462,2679706.1773677613,0.890399251049781,0.44469999556895345,2753913.8872813075,0.8888225742622375
Nesterov,716,11524020,2822.4484999955166,0.00024491874363247515,0.1308744037058016,2822.4484999955166,2679710.207059918,0.8903990862342194,0.4695000097854063,2753916.3128737756,0.8888224763393766
Nesterov,717,11540115,2827.8799999970943,0.00024504781798076486,0.1308740569682862,2827.8799999970943,2679714.2201534775,0.8903989220975452,0.6847999902674928,2753918.7272328194,0.8888223788700169
Nesterov,718,11556210,2831.6600999969523,0.00024503363126811924,0.13087371171774995,2831.6600999969523,2679718.2167153344,0.8903987586370224,0.44099999649915844,2753921.1304171537,0.888822281851788
Nesterov,719,11572305,2834.731199996895,0.0002449582170532919,0.13087336794768745,2834.731199996895,2679722.1968121296,0.8903985958499253,0.44770000386051834,2753923.5224851216,0.8888221852823346
Nesterov,720,11588400,2837.5880000094185,0.00024486451969291866,0.1308730256516229,2837.5880000094185,2679726.1605102476,0.8903984337335389,0.42729999404400587,2753925.9034947003,0.8888220891593162
Nesterov,721,11604495,2840.3495000093244,0.00024476286990595666,0.13087268482311012,2840.3495000093244,2679730.107875819,0.8903982722851582,1.740600011544302,2753928.2735035005,0.8888219934804067
Nesterov,722,11620590,2847.208799998043,0.0002450141343940405,0.13087234545573231,2847.208799998043,2679734.038974721,0.8903981115020889,0.47670000640209764,2753930.6325687747,0.888821898243295
Nesterov,723,11636685,2850.256100005936,0.0002449371191199157,0.13087200754310213,2850.256100005936,2679737.9538725778,0.8903979513816471,0.47980000090319663,2753932.980747411,0.8888218034456845
Nesterov,724,11652780,2853.179800004,0.0002448497096833545,0.13087167107886113,2853.179800004,2679741.852634762,0.8903977919211589,0.4520999937085435,2753935.3180959467,0.8888217090852928
Nesterov,725,11668875,2856.038500001887,0.0002447569710020792,0.13087133613327276,2856.038500001887,2679745.735326396,0.8903976331179607,0.44839999463874847,2753937.6446705614,0.8888216151598518
Nesterov,726,11684970,2862.013300007675,0.00024493116370925,0.13087100279834218,2862.013300007675,2679749.6020123484,0.8903974749693995,0.523599999723956,2753939.9605270852,0.8888215216671076
Nesterov,727,11701065,2866.073299999698,0.0002449412339816673,0.1308706711238544,2866.073299999698,2679753.452757243,0.8903973174728321,0.4450999986147508,2753942.265721001,0.8888214286048203
Nesterov,728,11717160,2868.957099999534,0.0002448508939025783,0.13087034087064814,2868.957099999534,2679757.287625453,0.8903971606256258,0.7219999970402569,2753944.5603074436,0.8888213359707641
Nesterov,729,11733255,2872.5463000009768,0.0002448209213897573,0.1308700120325161,2872.5463000009768,2679761.1066811024,0.8903970044251576,0.5160000000614673,2753946.844341207,0.8888212437627269
Nesterov,730,11749350,2878.3007000020007,0.0002449753135281527,0.13086968460327944,2878.3007000020007,2679764.9099880694,0.890396848868815,0.5230000097071752,2753949.117876743,0.8888211519785104
Nesterov,731,11765445,2882.2343000065302,0.00024497452497602344,0.1308693585767872,2882.2343000065302,2679768.697609986,0.8903966939539956,0.45050001062918454,2753951.380968167,0.8888210606159301
Nesterov,732,11781540,2885.1255000045057,0.0002448852611801603,0.13086903394691657,2885.1255000045057,2679772.4696102394,0.8903965396781065,0.4386999935377389,2753953.6336692576,0.8888209696728149
Nesterov,733,11797635,2887.8974999970524,0.0002447861372213204,0.13086871070757253,2887.8974999970524,2679776.2260519685,0.8903963860385655,0.42749999556690454,2753955.876033461,0.8888208791470068
Nesterov,734,11813730,2890.7055000017863,0.0002446903306577843,0.1308683888526878,2890.7055000017863,2679779.9669980733,0.8903962330328001,0.6865999894216657,2753958.108113894,0.8888207890363619
Nesterov,735,11829825,2897.733200006769,0.00024495148491264826,0.1308680683762227,2897.733200006769,2679783.6925112084,0.8903960806582476,0.47089999134186655,2753960.3299633437,0.8888206993387489
Nesterov,736,11845920,2901.0015000094427,0.0002448945712962305,0.13086774927216485,2901.0015000094427,2679787.402653784,0.8903959289123552,0.4676999960793182,2753962.5416342732,0.8888206100520497
Nesterov,737,11862015,2903.9595000067493,0.0002448116529954438,0.13086743153452934,2903.9595000067493,2679791.0974879735,0.8903957777925803,0.44180000259075314,2753964.743178823,0.8888205211741598
Nesterov,738,11878110,2906.782200007001,0.0002447175687047014,0.13086711515735833,2906.782200007001,2679794.777075706,0.8903956272963898,1.639699999941513,2753966.9346488114,0.8888204327029867
Nesterov,739,11894205,2912.780800004839,0.00024489075142095155,0.13086680013472107,2912.780800004839,2679798.441478671,0.8903954774212607,0.5307999963406473,2753969.1160957394,0.8888203446364517
Nesterov,740,11910300,2916.676399996504,0.00024488689621558686,0.1308664864607137,2916.676399996504,2679802.0907583213,0.8903953281646794,0.45200000749900937,2753971.2875707923,0.8888202569724882
Nesterov,741,11926395,2919.44159999548,0.000244788270051049,0.13086617412945903,2919.44159999548,2679805.7249758695,0.8903951795241425,0.4675000091083348,2753973.449124843,0.8888201697090425
Nesterov,742,11942490,2922.502400004305,0.00024471466168314186,0.13086586313510667,2922.502400004305,2679809.3441922907,0.8903950314971558,0.4645000008167699,2753975.600808451,0.8888200828440735
Nesterov,743,11958585,2928.47040000197,0.0002448843571377358,0.13086555347183268,2928.47040000197,2679812.948468324,0.8903948840812355,0.673400005325675,2753977.7426718674,0.8888199963755524
Nesterov,744,11974680,2933.3234000077937,0.00024496048328705183,0.13086524513383943,2933.3234000077937,2679816.5378644727,0.8903947372739065,0.5000000091968104,2753979.8747650404,0.888819910301463
Nesterov,745,11990775,2937.3620999976993,0.0002449684945299782,0.13086493811535566,2937.3620999976993,2679820.1124410043,0.8903945910727041,0.447300000814721,2753981.997137608,0.888819824619801
Nesterov,746,12006870,2940.192299996852,0.00024487583358501024,0.13086463241063612,2940.192299996852,2679823.6722579524,0.890394445475173,2.9888999997638166,2753984.1098389123,0.8888197393285748
Nesterov,747,12022965,2946.968400006881,0.00024511161764231046,0.13086432801396164,2946.968400006881,2679827.2173751183,0.8903943004788671,0.4960000078426674,2753986.212917992,0.8888196544258046
Nesterov,748,12039060,2951.5783000097144,0.00024516684026906706,0.13086402491963886,2951.5783000097144,2679830.747852068,0.8903941560813503,0.7388000085484236,2753988.306423589,0.8888195699095224
Nesterov,749,12055155,2955.871800004388,0.0002451956694048636,0.13086372312200018,2955.871800004388,2679834.263748138,0.8903940122801957,0.4528999998001382,2753990.3904041504,0.8888194857777726
Nesterov,750,12071250,2961.597800007439,0.00024534309205819107,0.1308634226527369,2961.597800007439,2679837.7651224327,0.8903938690729857,0.5877999938093126,2753992.4649078306,0.8888194020286112
Nesterov,751,12087345,2965.479400008917,0.0002453375327674454,0.1308631235679497,2965.479400008917,2679841.2520338264,0.8903937264573126,0.45599999430123717,2753994.529982492,0.8888193186601058
Nesterov,752,12103440,2968.3470000018133,0.0002452482104262766,0.1308628257625709,2968.3470000018133,2679844.7245409647,0.8903935844307777,0.43089999235235155,2753996.5856757085,0.8888192356703358
Nesterov,753,12119535,2971.7761000065366,0.00024520545549037455,0.13086252923103492,2971.7761000065366,2679848.1827022615,0.8903934429909917,0.5109000048832968,2753998.6320347684,0.8888191530573923
Nesterov,754,12135630,2977.395299996715,0.00024534328254871936,0.13086223396780125,2977.395299996715,2679851.626575907,0.8903933021355748,0.8227999933296815,2754000.669106675,0.8888190708193776
Nesterov,755,12151725,2981.448400008958,0.0002453518656823585,0.13086193996735437,2981.448400008958,2679855.056219862,0.8903931618621562,0.4528999998001382,2754002.696938148,0.8888189889544058
Nesterov,756,12167820,2984.4192000018666,0.00024527147837508003,0.13086164722420368,2984.4192000018666,2679858.4716918594,0.8903930221683749,0.44630000775214285,2754004.7155756275,0.8888189074606018
Nesterov,757,12183915,2987.282400004915,0.0002451824721368226,0.1308613557328834,2987.282400004915,2679861.87304941,0.8903928830518784,0.4322000022511929,2754006.725065277,0.8888188263361021
Nesterov,758,12200010,2990.0112000032095,0.0002450826843587185,0.13086106552523927,2990.0112000032095,2679865.2603497976,0.8903927445103239,1.170299990917556,2754008.7254529814,0.8888187455790543
Nesterov,759,12216105,2996.090300002834,0.00024525741224415095,0.13086077659975187,2996.090300002834,2679868.633650082,0.8903926065413776,0.5180000007385388,2754010.716784352,0.888818665187617
Nesterov,760,12232200,2999.646299998858,0.00024522541325345057,0.13086048890943774,2999.646299998858,2679871.993007102,0.8903924691427149,0.47560001257807016,2754012.6991047286,0.8888185851599598
Nesterov,761,12248295,3002.590700009023,0.0002451435648805832,0.13086020252839345,3002.590700009023,2679875.338477471,0.8903923323120201,0.48550000065006316,2754014.67245918,0.8888185054942633
Nesterov,762,12264390,3005.476699996507,0.00024505716957765587,0.1308599174487077,3005.476699996507,2679878.6701175817,0.8903921960469868,0.4378000012366101,2754016.6368925073,0.8888184261887188
Nesterov,763,12280485,3011.0780999966664,0.00024519211578342926,0.13085963361345532,3011.0780999966664,2679881.987983607,0.8903920603453176,0.7114999898476526,2754018.592449245,0.8888183472415284
Nesterov,764,12296580,3015.269499999704,0.00024521204269802694,0.13085935113955482,3015.269499999704,2679885.2921314994,0.890391925204724,0.45939999108668417,2754020.539173663,0.888818268650905
Nesterov,765,12312675,3018.188200003351,0.00024512855248785104,0.13085906987303428,3018.188200003351,2679888.5826169904,0.8903917906229264,0.43000000005122274,2754022.47710977,0.8888181904150717
Nesterov,766,12328770,3021.0490000026766,0.00024504058393519195,0.13085878980865095,3021.0490000026766,2679891.859495596,0.8903916565976544,0.451600004453212,2754024.406301312,0.8888181125322626
Nesterov,767,12344865,3024.04530000058,0.00024496382098958394,0.13085851094118586,3024.04530000058,2679895.122822612,0.8903915231266463,0.5479999963426962,2754026.3267917796,0.8888180350007221
Nesterov,768,12360960,3030.720399998245,0.0002451848723722304,0.13085823326544335,3030.720399998245,2679898.3726531174,0.8903913902076492,0.4681999998865649,2754028.2386244033,0.8888179578187047
Nesterov,769,12377055,3033.7994000001345,0.0002451148031579511,0.1308579567762513,3033.7994000001345,2679901.609041976,0.8903912578384194,0.5253000126685947,2754030.14184216,0.8888178809844755
Nesterov,770,12393150,3036.789999998291,0.00024503778296867956,0.13085768146846058,3036.789999998291,2679904.832043836,0.8903911260167217,0.4295999970054254,2754032.036487774,0.8888178044963096
Nesterov,771,12409245,3039.603299999726,0.0002449466748379717,0.13085740733694545,3039.603299999726,2679908.0417131293,0.8903909947403298,1.2301999959163368,2754033.922603719,0.8888177283524925
Nesterov,772,12425340,3047.23599999852,0.00024524367140042204,0.13085713437660304,3047.23599999852,2679911.2381040775,0.8903908640070259,0.5065000004833564,2754035.800232218,0.8888176525513195
Nesterov,773,12441435,3050.528599997051,0.0002451910571406796,0.13085686258235338,3050.528599997051,2679914.4212706853,0.8903907338146014,0.45620001037605107,2754037.669415246,0.8888175770910961
Nesterov,774,12457530,3053.481000009924,0.00024511127005192234,0.13085659194913943,3053.481000009924,2679917.591266746,0.890390604160856,0.46890000521671027,2754039.530194535,0.8888175019701374
Nesterov,775,12473625,3056.431799996062,0.0002450315605925352,0.13085632247192672,3056.431799996062,2679920.748145843,0.8903904750435983,1.0873999999603257,2754041.3826115686,0.8888174271867689
Nesterov,776,12489720,3063.1418999983,0.0002452530481066269,0.13085605414570334,3063.1418999983,2679923.8919613473,0.8903903464606451,0.48230000538751483,2754043.226707592,0.8888173527393253
Nesterov,777,12505815,3066.802400004235,0.0002452301109527236,0.13085578696547998,3066.802400004235,2679927.0227664197,0.8903902184098224,0.44210000487510115,2754045.0625236076,0.8888172786261515
Nesterov,778,12521910,3069.5753000036348,0.00024513634900775,0.13085552092628958,3069.5753000036348,2679930.1406140123,0.8903900908889641,0.45779999345541,2754046.8901003813,0.8888172048456016
Nesterov,779,12538005,3072.5176999985706,0.00024505634668342937,0.13085525602318732,3072.5176999985706,2679933.2455568686,0.8903899638959134,0.5018999945605174,2754048.709478439,0.8888171313960396
Nesterov,780,12554100,3078.6695999995572,0.0002452322030252712,0.13085499236062603,3078.6695999995572,2679936.3376475233,0.8903898374285214,0.7444000075338408,2754050.5206980724,0.8888170582758388
Nesterov,781,12570195,3082.521700009238,0.000245224652442483,0.1308547298655567,3082.521700009238,2679939.4169383063,0.8903897114846478,0.48149999929592013,2754052.32379934,0.8888169854833821
Nesterov,782,12586290,3085.5218000069726,0.00024514942846597153,0.13085446849125043,3085.5218000069726,2679942.4834813382,0.8903895860621609,0.4386999935377389,2754054.1188220684,0.8888169130170617
Nesterov,783,12602385,3088.2894999958808,0.0002450559556779039,0.13085420823285288,3088.2894999958808,2679945.5373285366,0.8903894611589372,0.46799999836366624,2754055.9058058527,0.8888168408752791
Nesterov,784,12618480,3092.0061000069836,0.0002450379205741883,0.13085394908553147,3092.0061000069836,2679948.578531611,0.8903893367728618,1.269600004889071,2754057.68479006,0.888816769056445
Nesterov,785,12634575,3100.150300000678,0.0002453703666328846,0.13085369104447522,3100.150300000678,2679951.607142072,0.8903892129018279,0.9270000009564683,2754059.45581383,0.8888166975589793
Nesterov,786,12650670,3104.9156000080984,0.00024543487420097896,0.13085343410489467,3104.9156000080984,2679954.6232112213,0.8903890895437372,0.46010001096874475,2754061.2189160762,0.8888166263813111
Nesterov,787,12666765,3108.3246000052895,0.0002453921423508915,0.13085317826202172,3108.3246000052895,2679957.6267901617,0.8903889666964997,0.716499998816289,2754062.97413549,0.8888165555218782
Nesterov,788,12682860,3114.7152000048663,0.0002455846078885099,0.13085292351110972,3114.7152000048663,2679960.6179297925,0.8903888443580334,0.5499999970197678,2754064.7215105398,0.8888164849791279
Nesterov,789,12698955,3119.5238000073005,0.00024565200837449225,0.13085266998164255,3119.5238000073005,2679963.596680813,0.8903887225262649,0.541499990504235,2754066.461079471,0.8888164147515161
Nesterov,790,12715050,3123.001200001454,0.00024561454339553946,0.1308524175522181,3123.001200001454,2679966.56309372,0.8903886011991287,0.8349999989150092,2754068.192880313,0.8888163448375073
Nesterov,791,12731145,3129.1247000044677,0.00024578501776583865,0.1308521662533741,3129.1247000044677,2679969.517218813,0.8903884803745676,0.5538000114029273,2754069.916950876,0.8888162752355754
Nesterov,792,12747240,3132.845300002373,0.0002457665580943304,0.13085191606304125,3132.845300002373,2679972.4591061906,0.8903883600505326,0.4791999963345006,2754071.633328753,0.8888162059442025
Nesterov,793,12763335,3135.8147999999346,0.00024568929672377435,0.130851666940354,3135.8147999999346,2679975.3888057554,0.8903882402249825,0.44659999548457563,2754073.342051325,0.8888161369618797
Nesterov,794,12779430,3138.605500003905,0.000245598238732393,0.1308514188806938,3138.605500003905,2679978.3063672115,0.8903881208958847,0.46999999904073775,2754075.0431557586,0.8888160682871064
Nesterov,795,12795525,3144.017400001758,0.0002457122626857247,0.1308511718794629,3144.017400001758,2679981.2118400647,0.8903880020612142,1.0903999936999753,2754076.7366790073,0.8888159999183909
Nesterov,796,12811620,3148.829099998693,0.00024577915205092665,0.130850925932084,3148.829099998693,2679984.1052736267,0.890387883718954,0.45950000640004873,2754078.4226578176,0.8888159318542496
Nesterov,797,12827715,3151.8385000090348,0.0002457053730932621,0.13085068103400013,3151.8385000090348,2679986.986717013,0.8903877658670956,0.44129999878350645,2754080.1011287253,0.8888158640932075
Nesterov,798,12843810,3154.6995999960927,0.00024562023262537306,0.13085043718067477,3154.6995999960927,2679989.856219146,0.8903876485036377,0.49619999481365085,2754081.7721280577,0.8888157966337982
Nesterov,799,12859905,3159.75590000744,0.00024570600638242974,0.13085019438919304,3159.75590000744,2679992.713828752,0.8903875316265877,0.5390000005718321,2754083.4356919397,0.8888157294745631
Nesterov,800,12876000,3164.804100000765,0.0002457909366263409,0.13084995265986946,3164.804100000765,2679995.559594366,0.8903874152339604,0.4648000031011179,2754085.09185629,0.8888156626140524
Nesterov,801,12892095,3167.7457000041613,0.000245712252353412,0.13084971196165449,3167.7457000041613,2679998.3935643286,0.8903872993237785,0.4377000004751608,2754086.7406568243,0.888815596050824
Nesterov,802,12908190,3172.7673999994295,0.00024579491005318556,0.1308494722900921,3172.7673999994295,2680001.215786791,0.8903871838940727,1.6065999952843413,2754088.382129058,0.8888155297834444
Nesterov,803,12924285,3180.3065999993123,0.0002460721502194754,0.13084923364074608,3180.3065999993123,2680004.0263097123,0.8903870689428814,0.9603000071365386,2754090.0163083044,0.8888154638104875
Nesterov,804,12940380,3185.7766000030097,0.000246188798165356,0.1308489960091999,3185.7766000030097,2680006.8251808607,0.8903869544682511,0.7653999928152189,2754091.6432296797,0.8888153981305361
Nesterov,805,12956475,3190.5316000047605,0.00024624997153969427,0.13084875939105686,3190.5316000047605,2680009.612447815,0.8903868404682357,1.1277999874437228,2754093.2629281036,0.8888153327421803
Nesterov,806,12972570,3199.2631000030087,0.0002466175245154205,0.13084852378193962,3199.2631000030087,2680012.388157966,0.8903867269408967,0.5520999984582886,2754094.875438297,0.8888152676440183
Nesterov,807,12988665,3202.928400001838,0.0002465941187952602,0.13084828917749042,3202.928400001838,2680015.1523585166,0.8903866138843037,0.48719999904278666,2754096.4807947897,0.8888152028346562
Nesterov,808,13004760,3205.944900008035,0.00024652088158551446,0.13084805557337084,3205.944900008035,2680017.905096481,0.8903865012965338,0.43309999455232173,2754098.079031915,0.888815138312708
Nesterov,809,13020855,3211.8067999981577,0.00024666635178704913,0.13084782296526173,3211.8067999981577,2680020.6464186865,0.8903863891756717,0.5478000093717128,2754099.6701838165,0.8888150740767952
Nesterov,810,13036950,3216.250500001479,0.00024670267969129886,0.13084759134886317,3216.250500001479,2680023.3763717753,0.8903862775198097,0.44069999421481043,2754101.254284446,0.8888150101255471
Nesterov,811,13053045,3219.004300000961,0.00024660945396273135,0.1308473607198944,3219.004300000961,2680026.095002203,0.8903861663270478,0.5088000034447759,2754102.8313675667,0.8888149464576007
Nesterov,812,13069140,3221.993700004532,0.0002465344850544513,0.13084713107409343,3221.993700004532,2680028.802356242,0.8903860555954934,0.4400000034365803,2754104.4014667547,0.8888148830716007
Nesterov,813,13085235,3227.152000006754,0.00024662545227554215,0.13084690240721747,3227.152000006754,2680031.49847998,0.8903859453232615,0.6340999971143901,2754105.964615397,0.888814819966199
Nesterov,814,13101330,3231.1455000017304,0.00024662728898529616,0.13084667471504247,3231.1455000017304,2680034.183419321,0.8903858355084747,0.4490999999688938,2754107.5208466966,0.8888147571400553
Nesterov,815,13117425,3234.1902000043774,0.00024655678991908684,0.13084644799336298,3234.1902000043774,2680036.8572199857,0.8903857261492629,0.4420000041136518,2754109.0701936726,0.8888146945918365
Nesterov,816,13133520,3236.9934000016656,0.00024646807558077846,0.13084622223799242,3236.9934000016656,2680039.5199275156,0.8903856172437635,0.4346999921835959,2754110.6126891617,0.888814632320217
Nesterov,817,13149615,3239.7941000090213,0.00024637938829456384,0.13084599744476264,3239.7941000090213,2680042.171587269,0.8903855087901213,1.4632000093115494,2754112.148365818,0.8888145703238786
Nesterov,818,13165710,3246.8582000001334,0.0002466147439067193,0.130845773609524,3246.8582000001334,2680044.8122444223,0.8903854007864886,0.5305000086082146,2754113.677256114,0.8888145086015102
Nesterov,819,13181805,3251.354899999569,0.000246654756309896,0.13084555072814535,3251.354899999569,2680047.441943974,0.890385293231025,0.7549000001745299,2754115.1993923453,0.8888144471518081
Nesterov,820,13197900,3255.7318000035593,0.00024668559392051456,0.13084532883314526,3255.7318000035593,2680050.0607307437,0.8903851861218972,0.48600000445730984,2754116.714806629,0.8888143859734758
Nesterov,821,13213995,3261.995599998045,0.00024685915198227674,0.13084510791679105,3261.995599998045,2680052.66864937,0.8903850794572796,0.5861999961780384,2754118.223530904,0.8888143250652238
Nesterov,822,13230090,3266.058699999121,0.00024686594724594626,0.1308448879416284,3266.058699999121,2680055.2657443164,0.8903849732353536,0.8883999980753288,2754119.725596936,0.8888142644257697
Nesterov,823,13246185,3270.7956000085687,0.0002469235934730316,0.13084466890360136,3270.7956000085687,2680057.8520598672,0.890384867454308,0.4768999933730811,2754121.221036314,0.8888142040538383
Nesterov,824,13262280,3273.969500005478,0.0002468632467423006,0.13084445079867185,3273.969500005478,2680060.4276401317,0.8903847621123386,0.6024000031175092,2754122.7098804563,0.8888141439481612
Nesterov,825,13278375,3281.0453999991296,0.00024709690756580753,0.13084423362281977,3281.0453999991296,2680062.992529042,0.8903846572076488,0.46299998939502984,2754124.1921606064,0.8888140841074769
Nesterov,826,13294470,3284.1458000038983,0.00024703096851577374,0.1308440173720427,3284.1458000038983,2680065.546770354,0.8903845527384487,0.4504999960772693,2754125.6679078382,0.8888140245305312
Nesterov,827,13310565,3287.1194000035757,0.00024695566266372433,0.13084380204235588,3287.1194000035757,2680068.0904076532,0.8903844487029557,0.4360999882919714,2754127.1371530565,0.8888139652160763
Nesterov,828,13326660,3289.8684999963734,0.00024686369277796336,0.13084358763017379,3289.8684999963734,2680070.6234843465,0.8903843450993947,1.4703000051667914,2754128.599926997,0.8888139061628713
Nesterov,829,13342755,3296.697199999471,0.00024707769872110155,0.1308433741590505,3296.697199999471,2680073.1460436694,0.890384241925997,0.4746999911731109,2754130.056260227,0.8888138473696823
Nesterov,830,13358850,3300.0705000013113,0.0002470325289977289,0.1308431615969839,3300.0705000013113,2680075.6581286867,0.8903841391810015,0.4659999976865947,2754131.50618315,0.888813788835282
Nesterov,831,13374945,3302.9787999985274,0.00024695270148763435,0.13084294994006063,3302.9787999985274,2680078.1597822877,0.8903840368626538,0.4582999972626567,2754132.9497260023,0.8888137305584495
Nesterov,832,13391040,3305.8392999955686,0.0002468694963195964,0.1308427391843848,3305.8392999955686,2680080.651047194,0.8903839349692066,0.44240000715944916,2754134.386918856,0.888813672537971
Nesterov,833,13407135,3311.3484000059543,0.00024698404245246684,0.13084252932607746,3311.3484000059543,2680083.131965953,0.89038383349892,0.8421000093221664,2754135.8177916193,0.8888136147726388
Nesterov,834,13423230,3315.403700005845,0.00024699000911150635,0.130842320361277,3315.403700005845,2680085.6025809445,0.8903837324500603,0.4597000079229474,2754137.2423740425,0.888813557261252
Nesterov,835,13439325,3318.2826999982353,0.00024690843476128714,0.13084211228613865,3318.2826999982353,2680088.0629343786,0.8903836318209013,0.43259999074507505,2754138.6606957107,0.8888135000026164
Nesterov,836,13455420,3321.112000005087,0.0002468233618872608,0.13084190509683483,3321.112000005087,2680090.5130682965,0.8903835316097234,0.4622999986167997,2754140.0727860513,0.8888134429955437
Nesterov,837,13471515,3324.093000002904,0.00024674975309034686,0.13084169878955454,3324.093000002904,2680092.9530245704,0.890383431814814,0.6867000047350302,2754141.478674332,0.8888133862388525
Nesterov,838,13487610,3330.8804999978747,0.0002469585419505661,0.1308414935246595,3330.8804999978747,2680095.382844907,0.8903833324344674,0.5079999973531812,2754142.878389665,0.8888133297313676
Nesterov,839,13503705,3334.0623999974923,0.0002468998248997214,0.13084128914302917,3334.0623999974923,2680097.802570845,0.8903832334669847,0.44830000842921436,2754144.271961002,0.8888132734719201
Nesterov,840,13519800,3336.9187000062084,0.0002468171644555547,0.1308410856314048,3336.9187000062084,2680100.212243756,0.8903831349106736,0.43280000681988895,2754145.659417143,0.8888132174593473
Nesterov,841,13535895,3339.6512000035727,0.00024672555453507676,0.13084088298604477,3339.6512000035727,2680102.6119048484,0.8903830367638487,1.1394999892218038,2754147.040786731,0.8888131616924929
Nesterov,842,13551990,3347.4113999982364,0.0002470051557002504,0.13084068120322387,3347.4113999982364,2680105.001595164,0.8903829390248313,0.46990001283120364,2754148.416098255,0.8888131061702068
Nesterov,843,13568085,3350.516400008928,0.0002469409942529788,0.1308404802792332,3350.516400008928,2680107.3813555813,0.8903828416919498,0.4653000069083646,2754149.785380055,0.8888130508913448
Nesterov,844,13584180,3353.478000004543,0.0002468664284487207,0.1308402802103803,3353.478000004543,2680109.751226814,0.8903827447635386,0.4462000069906935,2754151.1486603166,0.8888129958547691
Nesterov,845,13600275,3356.38939999626,0.0002467883480294524,0.13084008099298894,3356.38939999626,2680112.111249414,0.8903826482379394,0.5726999952457845,2754152.5059670736,0.888812941059348
Nesterov,846,13616370,3364.037499995902,0.0002470583202421719,0.13083988262339907,3364.037499995902,2680114.4614637704,0.8903825521135001,0.4928999987896532,2754153.8573282138,0.8888128865039556
Nesterov,847,13632465,3367.5577999965753,0.0002470248630747686,0.13083968509796667,3367.5577999965753,2680116.8019101103,0.8903824563885756,0.4453000001376495,2754155.202771473,0.8888128321874722
Nesterov,848,13648560,3370.325600000797,0.00024693635079457444,0.13083948841306384,3370.325600000797,2680119.132628499,0.890382361061527,0.44920000073034316,2754156.5423244424,0.8888127781087839
Nesterov,849,13664655,3373.130100007984,0.0002468507327852759,0.1308392925650786,3373.130100007984,2680121.4536588434,0.8903822661307222,1.1720000038621947,2754157.8760145647,0.8888127242667828
Nesterov,850,13680750,3379.0462000033585,0.0002469927599001048,0.1308390975504148,3379.0462000033585,2680123.7650408875,0.8903821715945356,0.6754000060027465,2754159.203869136,0.888812670660367
Nesterov,851,13696845,3382.9342999961227,0.00024698638993112085,0.1308389033654922,3382.9342999961227,2680126.0668142196,0.8903820774513481,0.4991000023437664,2754160.52591531,0.8888126172884402
Nesterov,852,13712940,3385.9245000057854,0.00024691455661628983,0.1308387100419558,3385.9245000057854,2680128.359018266,0.8903819836995471,0.4358000005595386,2754161.8421800947,0.8888125641499122
Nesterov,853,13729035,3388.6850999988383,0.0002468261680445012,0.13083851755290068,3388.6850999988383,2680130.641692297,0.8903818903375265,0.48230000538751483,2754163.1526903566,0.8888125112436982
Nesterov,854,13745130,3394.1873000003397,0.0002469374462082454,0.13083832588274408,3394.1873000003397,2680132.914875424,0.8903817973636866,1.226200009114109,2754164.4574728203,0.8888124585687195
Nesterov,855,13761225,3404.145000007702,0.0002473722361205272,0.130838135330371,3404.145000007702,2680135.1786066024,0.8903817047764341,1.2923000031150877,2754165.756554067,0.8888124061239028
Nesterov,856,13777320,3417.5851000036346,0.0002480587734046705,0.13083794562783968,3417.5851000036346,2680137.432924631,0.890381612574182,1.1292000126559287,2754167.04996054,0.8888123539081807
Nesterov,857,13793415,3427.9882999981055,0.000248523538224443,0.1308377568155117,3427.9882999981055,2680139.6778681525,0.89038152075535,1.262299992959015,2754168.3377185436,0.8888123019204913
Nesterov,858,13809510,3436.0523000068497,0.00024881782916315277,0.13083756889473955,3436.0523000068497,2680141.9134756573,0.8903814293183637,0.9560000034980476,2754169.619854241,0.8888122501597784
Nesterov,859,13825605,3445.866499998374,0.00024923802611157876,0.1308373817732733,3445.866499998374,2680144.139785476,0.8903813382616556,0.9384000004502013,2754170.896393662,0.888812198624991
Nesterov,860,13841700,3451.986800006125,0.00024939037834992273,0.13083719544768185,3451.986800006125,2680146.3568357904,0.8903812475836637,0.5722000059904531,2754172.1673626956,0.8888121473150841
Nesterov,861,13857795,3456.3783000048716,0.00024941762379980883,0.13083700991454886,3456.3783000048716,2680148.564664627,0.890381157282833,3.8385999941965565,2754173.432787099,0.8888120962290177
Nesterov,862,13873890,3466.6110999969533,0.0002498658343115704,0.1308368251704732,3466.6110999969533,2680150.763309858,0.8903810673576142,0.5541999998968095,2754174.692692491,0.8888120453657576
Nesterov,863,13889985,3470.5759000062244,0.0002498617457114766,0.1308366412120685,3470.5759000062244,2680152.952809206,0.8903809778064647,0.5838999932166189,2754175.94710436,0.888811994724275
Nesterov,864,13906080,3477.4906000093324,0.0002500697968089737,0.13083645803596333,3477.4906000093324,2680155.133200242,0.8903808886278479,1.4098000101512298,2754177.1960480576,0.8888119443035462
Nesterov,865,13922175,3484.0102000016486,0.0002502489876762538,0.130836275638801,3484.0102000016486,2680157.3045203835,0.8903807998202332,0.4971000016666949,2754178.4395488063,0.888811894102553
Nesterov,866,13938270,3487.719199998537,0.00025022611844931523,0.13083609401723947,3487.719199998537,2680159.4668068998,0.8903807113820964,0.49700000090524554,2754179.677631695,0.8888118441202827
Nesterov,867,13954365,3492.3732000024756,0.00025027102272317484,0.13083591316795143,3492.3732000024756,2680161.6200969103,0.8903806233119191,1.0061999928439036,2754180.910321682,0.8888117943557275
Nesterov,868,13970460,3499.00300000445,0.00025045725051318636,0.1308357330876241,3499.00300000445,2680163.764427385,0.8903805356081895,0.5071000050520524,2754182.137643599,0.8888117448078852
Nesterov,869,13986555,3502.362900006119,0.000250409260894203,0.13083555377295927,3502.362900006119,2680165.8998351432,0.8903804482694015,0.5671999970218167,2754183.3596221446,0.8888116954757583
Nesterov,870,14002650,3505.7423999969615,0.0002503627813304597,0.13083537522067304,3505.7423999969615,2680168.0263568596,0.8903803612940553,1.8631999992066994,2754184.5762818917,0.8888116463583552
Nesterov,871,14018745,3515.4980000079377,0.00025077123522882665,0.13083519742749597,3515.4980000079377,2680170.1440290604,0.8903802746806567,0.8059999963734299,2754185.787647284,0.8888115974546889
Nesterov,872,14034840,3520.0466999958735,0.0002508077541315664,0.13083502039017295,3520.0466999958735,2680172.2528881226,0.890380188427718,0.5275000003166497,2754186.9937426415,0.8888115487637774
Nesterov,873,14050935,3523.7437000032514,0.0002507835741894224,0.130834844105463,3523.7437000032514,2680174.352970279,0.8903801025337572,1.4831000007689,2754188.1945921555,0.8888115002846444
Nesterov,874,14067030,3532.232900004601,0.0002511001185043752,0.1308346685701395,3532.232900004601,2680176.4443116165,0.8903800169972985,0.6953999982215464,2754189.390219895,0.8888114520163181
Nesterov,875,14083125,3535.7958000095095,0.0002510661376654336,0.13083449378098969,3535.7958000095095,2680178.5269480757,0.8903799318168718,0.4700999998021871,2754190.5806498025,0.8888114039578319
Nesterov,876,14099220,3539.0067999978783,0.00025100727557963336,0.13083431973481507,3539.0067999978783,2680180.6009154534,0.8903798469910129,4.764600002090447,2754191.765905698,0.8888113561082241
Nesterov,877,14115315,3548.2830999972066,0.00025137824412683714,0.1308341464284311,3548.2830999972066,2680182.6662494023,0.8903797625182638,0.5985000025248155,2754192.9460112806,0.8888113084665381
Nesterov,878,14131410,3552.5361000036355,0.00025139289709969745,0.13083397385866705,3552.5361000036355,2680184.722985431,0.8903796783971721,0.6668999994872138,2754194.1209901236,0.8888112610318221
Nesterov,879,14147505,3556.4775000093505,0.00025138549164742125,0.1308338020223661,3556.4775000093505,2680186.7711589066,0.8903795946262912,2.643800005898811,2754195.290865683,0.8888112138031292
Nesterov,880,14163600,3567.551000000094,0.000251881654381661,0.13083363091638525,3567.551000000094,2680188.810805051,0.8903795112041807,1.0133000032510608,2754196.4556612936,0.8888111667795174
Nesterov,881,14179695,3573.0552000022726,0.0002519839249012248,0.1308334605375952,3573.0552000022726,2680190.841958946,0.8903794281294055,2.568199997767806,2754197.615400168,0.8888111199600497
Nesterov,882,14195790,3582.457099997555,0.000252360530833265,0.13083329088288034,3582.457099997555,2680192.8646555333,0.8903793454005366,0.8988999907160178,2754198.7701054052,0.8888110733437933
Nesterov,883,14211885,3587.28420000989,0.0002524143841587439,0.13083312194913863,3587.28420000989,2680194.87892961,0.890379263016151,0.5201000021770597,2754199.9197999802,0.8888110269298208
Nesterov,884,14227980,3590.9606000059284,0.0002523872397913076,0.1308329537332816,3590.9606000059284,2680196.8848158373,0.8903791809748307,1.0978999926010147,2754201.064506754,0.8888109807172094
Nesterov,885,14244075,3599.19940000691,0.0002526804583665075,0.13083278623223427,3599.19940000691,2680198.882348734,0.890379099275164,0.5761999927926809,2754202.2042484707,0.8888109347050409
Nesterov,886,14260170,3602.8950000036275,0.0002526544213711076,0.130832619442935,3602.8950000036275,2680200.87156268,0.8903790179157447,0.48880001122597605,2754203.339047758,0.8888108888924016
Nesterov,887,14276265,3606.1432999995304,0.0002525971113592757,0.13083245338664082,3606.1432999995304,2680202.852491918,0.8903789368951724,0.625400003627874,2754204.468927128,0.8888108432783828
Nesterov,888,14292360,3613.2769999967422,0.0002528117819588047,0.13083228805489663,3613.2769999967422,2680204.8251705514,0.8903788562120523,1.040499992086552,2754205.593908979,0.8888107978620803
Nesterov,889,14308455,3621.1942000081763,0.0002530807274445897,0.1308321234255972,3621.1942000081763,2680206.789632546,0.8903787758649948,5.594700007350184,2754206.7140155956,0.8888107526425945
Nesterov,890,14324550,3632.025099999737,0.0002535524745977875,0.13083195949573495,3632.025099999737,2680208.745911731,0.8903786958526168,0.800499998149462,2754207.8292691484,0.8888107076190301
Nesterov,891,14340645,3636.3309000007575,0.0002535681554072887,0.13083179626231553,3636.3309000007575,2680210.6940417984,0.8903786161735399,1.0187000007135794,2754208.9396916963,0.8888106627904968
Nesterov,892,14356740,3645.854100002907,0.0002539472122503373,0.13083163372235754,3645.854100002907,2680212.6340563055,0.8903785368263918,0.7508999988203868,2754210.0453051855,0.8888106181561086
Nesterov,893,14372835,3651.580899997498,0.0002540612829687044,0.13083147187289274,3651.580899997498,2680214.565988674,0.8903784578098055,0.6742999976268038,2754211.1461314536,0.8888105737149838
Nesterov,894,14388930,3655.929800006561,0.00025407933737995534,0.13083131071096563,3655.929800006561,2680216.4898721897,0.8903783791224196,0.6606999959331006,2754212.2421922246,0.8888105294662455
Nesterov,895,14405025,3662.769800008391,0.00025427028415489673,0.1308311502336337,3662.769800008391,2680218.4057400045,0.890378300762878,0.5249999958323315,2754213.333509115,0.888810485409021
Nesterov,896,14421120,3666.691599995829,0.0002542584487193664,0.13083099043796723,3666.691599995829,2680220.313625137,0.8903782227298306,0.4676999960793182,2754214.4201036305,0.8888104415424419
Nesterov,897,14437215,3669.63420000684,0.0002541788149588989,0.13083083132104925,3669.63420000684,2680222.2135604713,0.890378145021932,0.49000000581145287,2754215.5019971714,0.8888103978656446
Nesterov,898,14453310,3672.6464000093983,0.0002541041740618169,0.13083067287997552,3672.6464000093983,2680224.1055787597,0.890378067637843,0.46440000005532056,2754216.5792110274,0.8888103543777693
Nesterov,899,14469405,3678.7955000036163,0.00025424649458658573,0.13083051511185445,3678.7955000036163,2680225.989712623,0.8903779905762292,0.559899999643676,2754217.651766382,0.8888103110779612
Nesterov,900,14485500,3682.9212000011466,0.00025424881433165213,0.13083035801380688,3682.9212000011466,2680227.8659945475,0.8903779138357619,0.4700999998021871,2754218.719684313,0.8888102679653689
Nesterov,901,14501595,3685.9187000081874,0.00025417333058937224,0.1308302015829664,3685.9187000081874,2680229.7344568907,0.8903778374151178,0.4678000113926828,2754219.7829857906,0.8888102250391461
Nesterov,902,14517690,3688.7351000041235,0.0002540855397796842,0.13083004581647903,3688.7351000041235,2680231.5951318787,0.8903777613129787,0.45950000640004873,2754220.8416916826,0.8888101822984503
Nesterov,903,14533785,3693.4628000017256,0.0002541294507935631,0.13082989071150308,3693.4628000017256,2680233.448051607,0.890377685528032,0.6316000071819872,2754221.895822751,0.8888101397424434
Nesterov,904,14549880,3698.097400003462,0.0002541668659812632,0.1308297362652093,3698.097400003462,2680235.2932480415,0.8903776100589701,0.47890000860206783,2754222.945399652,0.8888100973702913
Nesterov,905,14565975,3701.1704000033205,0.00025409698973143373,0.1308295824747808,3701.1704000033205,2680237.1307530194,0.8903775349044911,0.46159999328665435,2754223.9904429414,0.8888100551811643
Nesterov,906,14582070,3704.12199999555,0.00025401894244065146,0.1308294293374128,3704.12199999555,2680238.9605982485,0.8903774600632979,0.4729000065708533,2754225.030973071,0.8888100131742367
Nesterov,907,14598165,3707.066000002669,0.00025394054663738,0.13082927685031284,3707.066000002669,2680240.7828153083,0.8903773855340991,1.404399998136796,2754226.0670103915,0.888809971348687
Nesterov,908,14614260,3714.8756999959005,0.00025419526544593436,0.13082912501070057,3714.8756999959005,2680242.597435651,0.8903773113156082,0.5096999957459047,2754227.09857515,0.8888099297036977
Nesterov,909,14630355,3718.039500003215,0.00025413187171488425,0.1308289738158076,3718.039500003215,2680244.404490602,0.890377237406544,0.4718999989563599,2754228.1256874963,0.8888098882384554
Nesterov,910,14646450,3720.9912999969674,0.00025405414281255646,0.13082882326287779,3720.9912999969674,2680246.2040113593,0.8903771638056304,0.45170000521466136,2754229.148367477,0.8888098469521508
Nesterov,911,14662545,3725.0533000042196,0.0002540523012890477,0.1308286733491668,3725.0533000042196,2680247.9960289947,0.8903770905115966,1.101999994716607,2754230.1666350393,0.8888098058439786
Nesterov,912,14678640,3732.58419999911,0.00025428678678672615,0.13082852407194231,3732.58419999911,2680249.780574455,0.890377017523177,0.5786999972769991,2754231.180510033,0.8888097649131375
Nesterov,913,14694735,3736.442100009299,0.00025427080515635697,0.13082837542848377,3736.442100009299,2680251.557678561,0.8903769448391109,0.47509999421890825,2754232.1900122087,0.8888097241588301
Nesterov,914,14710830,3739.4315999990795,0.0002541958271558491,0.13082822741608255,3739.4315999990795,2680253.327372008,0.8903768724581428,0.9651000000303611,2754233.195161219,0.8888096835802629
Nesterov,915,14726925,3747.250200001872,0.0002544489226367264,0.1308280800320417,3747.250200001872,2680255.0896853697,0.8903768003790223,0.5109000048832968,2754234.1959766196,0.8888096431766467
Nesterov,916,14743020,3751.0313999955542,0.0002544276138807079,0.130827933273676,3751.0313999955542,2680256.8446490923,0.8903767286005042,0.4774999979417771,2754235.1924778675,0.8888096029471958
Nesterov,917,14759115,3754.060000006575,0.00025435535938344374,0.13082778713831192,3754.060000006575,2680258.5922935028,0.8903766571213481,0.4929999995511025,2754236.184684328,0.8888095628911286
Nesterov,918,14775210,3757.018899996183,0.0002542785449408965,0.13082764162328753,3757.018899996183,2680260.332648802,0.8903765859403187,3.138500003842637,2754237.172615266,0.888809523007667
Nesterov,919,14791305,3763.8879000005545,0.00025446624892127873,0.13082749672595234,3763.8879000005545,2680262.06574507,0.8903765150561858,0.4904999950667843,2754238.156289854,0.8888094832960374
Nesterov,920,14807400,3767.1116999990772,0.0002544073706389425,0.13082735244366756,3767.1116999990772,2680263.791612265,0.8903764444677239,0.5222999898251146,2754239.13572717,0.8888094437554692
Nesterov,921,14823495,3770.359500005725,0.00025435023926582257,0.1308272087738056,3770.359500005725,2680265.510280224,0.890376374173713,0.48740000056568533,2754240.1109461975,0.8888094043851965
Nesterov,922,14839590,3774.6885000087786,0.0002543660909774986,0.13082706571375052,3774.6885000087786,2680267.2217786624,0.8903763041729373,2.354700001887977,2754241.0819658265,0.8888093651844563
Nesterov,923,14855685,3783.9352000009967,0.0002547129398611371,0.13082692326089757,3783.9352000009967,2680268.9261371754,0.8903762344641868,0.774600004660897,2754242.0488048554,0.8888093261524899
Nesterov,924,14871780,3791.1980000062613,0.0002549256376846794,0.13082678141265328,3791.1980000062613,2680270.6233852375,0.8903761650462557,1.2153999996371567,2754243.0114819882,0.8888092872885421
Nesterov,925,14887875,3799.724700002116,0.0002552227702074417,0.13082664016643547,3799.724700002116,2680272.313552206,0.8903760959179434,0.5832999886479229,2754243.9700158397,0.8888092485918616
Nesterov,926,14903970,3803.4446999954525,0.0002551967495905757,0.1308264995196732,3803.4446999954525,2680273.9966673176,0.890376027078054,0.49409999337513,2754244.924424931,0.8888092100617004
Nesterov,927,14920065,3806.5361000044504,0.00025512865393042525,0.13082635946980656,3806.5361000044504,2680275.67275969,0.8903759585253966,0.7578000077046454,2754245.874727695,0.8888091716973145
Nesterov,928,14936160,3813.305700008641,0.00025530696644978637,0.13082622001428687,3813.305700008641,2680277.3418583237,0.8903758902587853,0.5234999989625067,2754246.820942472,0.8888091334979635
Nesterov,929,14952255,3816.9951000018045,0.00025527889271563417,0.13082608115057637,3816.9951000018045,2680279.0039921016,0.8903758222770384,0.4600999964168295,2754247.7630875153,0.8888090954629106
Nesterov,930,14968350,3819.9015999998664,0.0002551985756613031,0.1308259428761483,3819.9015999998664,2680280.659189789,0.8903757545789797,0.5251999973552302,2754248.701180987,0.8888090575914225
Nesterov,931,14984445,3822.901300009107,0.00025512465093028853,0.130825805188487,3822.901300009107,2680282.307480035,0.8903756871634373,1.3046000094618648,2754249.6352409623,0.8888090198827693
Nesterov,932,15000540,3829.268300003605,0.00025527536342049054,0.13082566808508747,3829.268300003605,2680283.9488913715,0.8903756200292442,0.5382999952416867,2754250.5652854256,0.8888089823362252
Nesterov,933,15016635,3832.845600001747,0.00025523997886355677,0.13082553156345578,3832.845600001747,2680285.5834522163,0.8903755531752382,0.6227999983821064,2754251.4913322777,0.8888089449510674
Nesterov,934,15032730,3836.656100000255,0.000255220182894275,0.1308253956211086,3836.656100000255,2680287.211190871,0.8903754866002618,0.48859999515116215,2754252.4133993294,0.888808907726577
Nesterov,935,15048825,3840.0457999960054,0.0002551724669531346,0.13082526025557348,3840.0457999960054,2680288.832135521,0.8903754203031621,0.9936999995261431,2754253.331504306,0.8888088706620383
Nesterov,936,15064920,3847.504500008654,0.0002553949506541458,0.13082512546438865,3847.504500008654,2680290.44631424,0.8903753542827909,0.4884000081801787,2754254.245664845,0.8888088337567392
Nesterov,937,15081015,3850.556300007156,0.00025532474438936343,0.1308249912451029,3850.556300007156,2680292.0537549853,0.8903752885380047,0.45730000420007855,2754255.1558985016,0.8888087970099713
Nesterov,938,15097110,3853.4971000044607,0.0002552473354174713,0.13082485759527587,3853.4971000044607,2680293.6544856015,0.8903752230676648,0.451300002168864,2754256.062222744,0.8888087604210291
Nesterov,939,15113205,3856.410100008361,0.00025516825187035845,0.13082472451247742,3856.410100008361,2680295.248533821,0.8903751578706367,0.6456999981310219,2754256.9646549555,0.8888087239892107
Nesterov,940,15129300,3863.2090000028256,0.00025534618257307514,0.1308245919942882,3863.2090000028256,2680296.835927264,0.890375092945791,0.505199990584515,2754257.8632124355,0.8888086877138182
Nesterov,941,15145395,3866.7674000025727,0.00025530977567785935,0.13082446003829915,3866.7674000025727,2680298.4166934355,0.8903750282920025,0.4661999992094934,2754258.757912401,0.8888086515941561
Nesterov,942,15161490,3869.686799996998,0.0002552312998258745,0.13082432864211171,3869.686799996998,2680299.9908597306,0.890374963908151,0.5048000020906329,2754259.648771984,0.888808615629533
Nesterov,943,15177585,3872.552500004531,0.0002551494523011751,0.13082419780333773,3872.552500004531,2680301.5584534355,0.8903748997931201,0.49109999963548034,2754260.5358082363,0.8888085798192603
Nesterov,944,15193680,3879.6249000006355,0.0002553446498807817,0.1308240675195993,3879.6249000006355,2680303.11950172,0.8903748359457989,0.5240999889792874,2754261.419038124,0.8888085441626533
Nesterov,945,15209775,3883.8642000046093,0.00025535316597415867,0.13082393779852058,3883.8642000046093,2680304.6740316497,0.8903747723650802,0.48040000547189265,2754262.2984785335,0.8888085086590302
Nesterov,946,15225870,3887.104499997804,0.0002552960520481131,0.13082380871060886,3887.104499997804,2680306.222070176,0.8903747090498618,0.4852999991271645,2754263.174146272,0.8888084733077124
Nesterov,947,15241965,3890.4070999997202,0.0002552431461428838,0.13082368017029306,3890.4070999997202,2680307.7636441416,0.8903746459990458,1.1686000070767477,2754264.0460580606,0.8888084381080249
Nesterov,948,15258060,3899.443100002827,0.00025556611390981733,0.1308235521752374,3899.443100002827,2680309.2987802816,0.8903745832115387,0.6613000005017966,2754264.9142305446,0.8888084030592958
Nesterov,949,15274155,3903.263300002436,0.0002555469222357922,0.13082342472311634,3903.263300002436,2680310.8275052193,0.8903745206862516,0.509100005729124,2754265.7786802887,0.8888083681608563
Nesterov,950,15290250,3906.5131999959704,0.00025549047268657937,0.13082329781161417,3906.5131999959704,2680312.3498454737,0.8903744584220998,1.7661000019870698,2754266.6394237755,0.8888083334120409
Nesterov,951,15306345,3913.420099997893,0.000255673062380202,0.13082317143842534,3913.420099997893,2680313.8658274533,0.8903743964180033,0.5221000028541312,2754267.4964774125,0.8888082988121875
Nesterov,952,15322440,3917.4099000083515,0.00025566488757719735,0.13082304560125427,3917.4099000083515,2680315.37547746,0.8903743346728864,0.47250000352505594,2754268.349857524,0.8888082643606368
Nesterov,953,15338535,3920.50960000779,0.00025559869961556237,0.13082292029781517,3920.50960000779,2680316.878821689,0.8903742731856775,0.4883999936282635,2754269.199580361,0.8888082300567327
Nesterov,954,15354630,3923.7620000058087,0.00025554259529573874,0.13082279552583226,3923.7620000058087,2680318.375886228,0.8903742119553097,0.9865000029094517,2754270.045662093,0.8888081958998226
Nesterov,955,15370725,3931.962900009239,0.0002558085516466685,0.13082267128303948,3931.962900009239,2680319.866697059,0.8903741509807205,0.6779999966965988,2754270.888118815,0.8888081618892568
Nesterov,956,15386820,3936.5018000098644,0.0002558359557081882,0.13082254756718062,3936.5018000098644,2680321.351280059,0.8903740902608512,0.7115000043995678,2754271.726966542,0.8888081280243886
Nesterov,957,15402915,3942.719600003329,0.00025597230134707157,0.1308224243760092,3942.719600003329,2680322.829660998,0.8903740297946481,0.78449999273289,2754272.562221216,0.8888080943045744
Nesterov,958,15419010,3948.829900007695,0.00025610139042699207,0.13082230170728837,3948.829900007695,2680324.3018655446,0.8903739695810611,0.49909998779185116,2754273.3938987013,0.8888080607291738
Nesterov,959,15435105,3952.162900008261,0.0002560502763025105,0.13082217955879102,3952.162900008261,2680325.7679192577,0.8903739096190451,0.4861999914282933,2754274.222014786,0.8888080272975496
Nesterov,960,15451200,3955.270599995856,0.0002559846872732122,0.13082205792829968,3955.270599995856,2680327.227847597,0.8903738499075584,0.4830000107176602,2754275.0465851845,0.8888079940090671
Nesterov,961,15467295,3961.0710999986622,0.00025609333112212976,0.1308219368136063,3961.0710999986622,2680328.681675915,0.8903737904455645,0.9194000012939796,2754275.867625535,0.8888079608630951
Nesterov,962,15483390,3965.832700007013,0.0002561346513913951,0.13082181621251254,3965.832700007013,2680330.129429464,0.8903737312320303,0.48770000285003334,2754276.6851514033,0.8888079278590052
Nesterov,963,15499485,3968.9784000074724,0.0002560716307675689,0.13082169612282935,3968.9784000074724,2680331.571133392,0.8903736722659275,0.5491999909281731,2754277.4991782797,0.888807894996172
Nesterov,964,15515580,3972.191599998041,0.00025601309135707726,0.13082157654237728,3972.191599998041,2680333.0068127434,0.8903736135462313,0.5983999872114509,2754278.309721582,0.8888078622739731
Nesterov,965,15531675,3978.9664999989327,0.0002561839917458312,0.13082145746898624,3978.9664999989327,2680334.436492463,0.8903735550719221,0.5853999900864437,2754279.1167966537,0.8888078296917892
Nesterov,966,15547770,3982.9004000057466,0.00025617181113469947,0.13082133890049544,3982.9004000057466,2680335.860197391,0.8903734968419833,0.48239999159704894,2754279.920418767,0.8888077972490036
Nesterov,967,15563865,3985.8883999986574,0.00025609888032302114,0.13082122083475342,3985.8883999986574,2680337.27795227,0.8903734388554033,0.46790001215413213,2754280.720603121,0.8888077649450028
Nesterov,968,15579960,3988.9772000024095,0.00025603257004526387,0.13082110326961813,3988.9772000024095,2680338.6897817394,0.8903733811111744,0.4707000043708831,2754281.517364843,0.8888077327791759
Nesterov,969,15596055,3996.59480000264,0.00025625677775582606,0.13082098620295654,3996.59480000264,2680340.095710338,0.8903733236082926,0.5278000026009977,2754282.3107189885,0.8888077007509153
Nesterov,970,15612150,4001.672600003076,0.00025631784219361687,0.130820869632645,4001.672600003076,2680341.495762507,0.8903732663457585,0.5225000058999285,2754283.100680542,0.888807668859616
Nesterov,971,15628245,4005.121900001541,0.0002562745784956366,0.1308207535565689,4005.121900001541,2680342.8899625847,0.8903732093225767,0.5099999980302528,2754283.8872644193,0.8888076371046759
Nesterov,972,15644340,4012.639200009289,0.0002564914339632921,0.13082063797262272,4012.639200009289,2680344.278334812,0.8903731525377555,0.6843000010121614,2754284.6704854625,0.8888076054854958
Nesterov,973,15660435,4017.8811000077985,0.0002565625475925668,0.13082052287871015,4017.8811000077985,2680345.660903332,0.8903730959903077,0.6722999969497323,2754285.4503584458,0.8888075740014791
Nesterov,974,15676530,4022.079100002884,0.00025656692520620853,0.1308204082727438,4022.079100002884,2680347.037692187,0.8903730396792499,0.7017999887466431,2754286.226898073,0.8888075426520323
Nesterov,975,15692625,4028.116500005126,0.00025668850813711066,0.13082029415264532,4028.116500005126,2680348.4087253227,0.8903729836036025,0.9502000029897317,2754287.0001189797,0.8888075114365647
Nesterov,976,15708720,4032.317699995474,0.00025669295143050956,0.1308201805163453,4032.317699995474,2680349.7740265867,0.8903729277623904,0.5856999923707917,2754287.7700357325,0.8888074803544881
Nesterov,977,15724815,4035.457000005408,0.00025662985542312635,0.1308200673617832,4035.457000005408,2680351.1336197304,0.890372872154642,0.45170000521466136,2754288.5366628277,0.8888074494052172
Nesterov,978,15740910,4038.2734000013443,0.0002565463750190646,0.13081995468690738,4038.2734000013443,2680352.4875284056,0.8903728167793901,0.46270000166259706,2754289.3000146975,0.8888074185881694
Nesterov,979,15757005,4045.7927000097698,0.00025676152923793385,0.13081984251383694,4045.7927000097698,2680353.835776171,0.8903727616356709,0.7827999943401664,2754290.060105701,0.888807387902765
Nesterov,980,15773100,4051.5414999972563,0.0002568639962973199,0.1308197308279506,4051.5414999972563,2680355.178386488,0.890372706722525,0.4765999910887331,2754290.816950134,0.8888073573484271
Nesterov,981,15789195,4054.706199996872,0.0002568025918988822,0.13081961961549052,4054.706199996872,2680356.5153827197,0.8903726520389967,0.47300000733230263,2754291.5705622244,0.888807326924581
Nesterov,982,15805290,4058.469099996728,0.0002567791606479051,0.1308195088744409,4058.469099996728,2680357.846788138,0.8903725975841345,0.7791000098222867,2754292.320956133,0.8888072966306552
Nesterov,983,15821385,4064.8844999959692,0.0002569234299017418,0.13081939860279473,4064.8844999959692,2680359.172625918,0.8903725433569901,0.5290999979479238,2754293.068145955,0.8888072664660805
Nesterov,984,15837480,4069.509200009634,0.0002569543386959058,0.1308192887985534,4069.509200009634,2680360.4929191377,0.8903724893566198,0.5896000075154006,2754293.812145719,0.8888072364302908
Nesterov,985,15853575,4073.0678999971133,0.0002569179443751402,0.13081917945972713,4073.0678999971133,2680361.807690786,0.8903724355820835,1.3739999994868413,2754294.552969388,0.8888072065227222
Nesterov,986,15869670,4079.39769999939,0.000257056239984788,0.13081907058433456,4079.39769999939,2680363.1169637535,0.8903723820324447,0.5845999985467643,2754295.290630861,0.8888071767428136
Nesterov,987,15885765,4083.0760999961058,0.0002570273512163944,0.13081896217040287,4083.0760999961058,2680364.4207608392,0.8903723287067711,0.4673000075854361,2754296.0251439703,0.8888071470900067
Nesterov,988,15901860,4086.055799998576,0.00025695458267137154,0.13081885421596787,4086.055799998576,2680365.7191047496,0.8903722756041339,0.47169999743346125,2754296.7565224865,0.8888071175637456
Nesterov,989,15917955,4088.900700007798,0.00025687349285808374,0.13081874671907356,4088.900700007798,2680367.0120180976,0.8903722227236082,0.44219999108463526,2754297.484780112,0.888807088163477
Nesterov,990,15934050,4095.8763000089675,0.00025705180415581524,0.1308186396777726,4095.8763000089675,2680368.299523403,0.890372170064273,0.6871000077808276,2754298.2099304893,0.8888070588886501
Nesterov,991,15950145,4099.81090000656,0.0002570390990180064,0.1308185330901258,4099.81090000656,2680369.5816430957,0.890372117625211,0.5177999992156401,2754298.931987195,0.888807029738717
Nesterov,992,15966240,4102.818600003957,0.000256968365751984,0.13081842695420257,4102.818600003957,2680370.8583995113,0.8903720654055085,0.4721000004792586,2754299.650963743,0.8888070007131319
Nesterov,993,15982335,4105.731500007096,0.00025689184340129876,0.1308183212680804,4105.731500007096,2680372.1298148963,0.8903720134042556,0.46350000775419176,2754300.3668735866,0.8888069718113518
Nesterov,994,15998430,4111.512999996194,0.0002569947801125607,0.13081821602984509,4111.512999996194,2680373.395911406,0.8903719616205463,0.7385999924736097,2754301.0797301126,0.8888069430328364
Nesterov,995,16014525,4116.044800000964,0.0002570194745083581,0.13081811123759074,4116.044800000964,2680374.656711104,0.8903719100534782,0.4659999976865947,2754301.7895466494,0.8888069143770474
Nesterov,996,16030620,4118.967300004442,0.000256943730186633,0.13081800688941958,4118.967300004442,2680375.912235964,0.8903718587021523,0.4530000005615875,2754302.4963364615,0.8888068858434494
Nesterov,997,16046715,4121.834300007322,0.00025686467915752984,0.13081790298344198,4121.834300007322,2680377.1625078726,0.8903718075656737,0.4619999963324517,2754303.200112752,0.8888068574315092
Nesterov,998,16062810,4127.4315000046045,0.00025695575680747043,0.13081779951777653,4127.4315000046045,2680378.407548622,0.890371756643151,0.7691000064369291,2754303.9008886637,0.8888068291406965
Nesterov,999,16078905,4131.627599999774,0.000256959513101158,0.13081769649054978,4131.627599999774,2680379.647379919,0.8903717059336964,0.49020000733435154,2754304.5986772794,0.8888068009704831
Nesterov,1000,16095000,4134.7605000046315,0.00025689720410094016,0.13081759389989636,4134.7605000046315,2680380.882023381,0.8903716554364258,0.4530000005615875,2754305.2934916187,0.8888067729203434
